CustomerId,CustomerName,Country,City,TotalSpend,PurchaseCount,FirstPurchaseDate,LastPurchaseDate,ValueTier,PrimaryGenre
1,Luís Gonçalves,Brazil,São José dos Campos,39.62,7,2022-03-11 00:00:00,2025-08-07 00:00:00,Silver,Rock
2,Leonie Köhler,Germany,Stuttgart,37.620000000000005,7,2021-01-01 00:00:00,2024-07-13 00:00:00,Bronze,Rock
3,François Tremblay,Canada,Montréal,39.62,7,2022-03-11 00:00:00,2025-09-20 00:00:00,Silver,Metal
4,Bjørn Hansen,Norway,Oslo,39.62,7,2021-01-02 00:00:00,2025-10-03 00:00:00,Silver,Rock
5,František Wichterlová,Czech Republic,Prague,40.620000000000005,7,2021-12-08 00:00:00,2025-05-06 00:00:00,Silver,Rock
6,Helena Holý,Czech Republic,Prague,49.620000000000005,7,2021-07-11 00:00:00,2025-11-13 00:00:00,Silver,Rock
7,Astrid Gruber,Austria,Vienne,42.62,7,2021-12-08 00:00:00,2025-06-19 00:00:00,Silver,Rock
8,Daan Peeters,Belgium,Brussels,37.62,7,2021-01-03 00:00:00,2025-10-04 00:00:00,Bronze,Rock
9,Kara Nielsen,Denmark,Copenhagen,37.620000000000005,7,2021-09-06 00:00:00,2025-02-02 00:00:00,Bronze,Rock
10,Eduardo Martins,Brazil,São Paulo,37.620000000000005,7,2021-04-09 00:00:00,2025-08-12 00:00:00,Bronze,Rock
11,Alexandre Rocha,Brazil,São Paulo,37.620000000000005,7,2021-09-06 00:00:00,2025-03-18 00:00:00,Bronze,Latin
12,Roberto Almeida,Brazil,Rio de Janeiro,37.62,7,2021-05-23 00:00:00,2025-10-05 00:00:00,Bronze,Rock
13,Fernanda Ramos,Brazil,Brasília,37.620000000000005,7,2021-06-05 00:00:00,2024-11-01 00:00:00,Bronze,Rock
14,Mark Philips,Canada,Edmonton,37.620000000000005,7,2021-01-06 00:00:00,2025-05-11 00:00:00,Bronze,Rock
15,Jennifer Peterson,Canada,Vancouver,38.620000000000005,7,2021-06-05 00:00:00,2024-12-15 00:00:00,Bronze,Rock
16,Frank Harris,USA,Mountain View,37.62,7,2021-02-19 00:00:00,2025-07-04 00:00:00,Bronze,Metal
17,Jack Smith,USA,Redmond,39.620000000000005,7,2021-03-04 00:00:00,2024-07-31 00:00:00,Silver,Rock
18,Michelle Brooks,USA,New York,37.620000000000005,7,2022-05-12 00:00:00,2025-10-08 00:00:00,Bronze,Rock
19,Tim Goyer,USA,Cupertino,38.620000000000005,7,2021-03-04 00:00:00,2024-09-13 00:00:00,Bronze,Rock
20,Dan Miller,USA,Mountain View,39.62,7,2022-05-12 00:00:00,2025-11-21 00:00:00,Silver,Latin
21,Kathy Chase,USA,Reno,37.62,7,2021-03-05 00:00:00,2025-12-04 00:00:00,Bronze,Rock
22,Heather Leacock,USA,Orlando,39.62,7,2022-02-08 00:00:00,2025-07-07 00:00:00,Silver,Metal
23,John Gordon,USA,Boston,37.62,7,2021-01-11 00:00:00,2025-12-04 00:00:00,Bronze,Latin
24,Frank Ralston,USA,Chicago,43.62,7,2022-02-08 00:00:00,2025-08-20 00:00:00,Silver,Rock
25,Victor Stevens,USA,Madison,42.62,7,2021-03-06 00:00:00,2025-12-05 00:00:00,Silver,Rock
26,Richard Cunningham,USA,Fort Worth,47.620000000000005,7,2021-11-07 00:00:00,2025-04-05 00:00:00,Silver,Rock
27,Patrick Gray,USA,Tucson,37.620000000000005,7,2021-06-10 00:00:00,2025-10-13 00:00:00,Bronze,Rock
28,Julia Barnett,USA,Salt Lake City,43.620000000000005,7,2021-11-07 00:00:00,2025-05-19 00:00:00,Silver,Rock
29,Robert Brown,Canada,Toronto,37.62,7,2021-07-24 00:00:00,2025-12-06 00:00:00,Bronze,Rock
30,Edward Francis,Canada,Ottawa,37.620000000000005,7,2021-08-06 00:00:00,2025-01-02 00:00:00,Bronze,Rock
31,Martha Silk,Canada,Halifax,37.620000000000005,7,2021-03-09 00:00:00,2025-07-12 00:00:00,Bronze,Latin
32,Aaron Mitchell,Canada,Winnipeg,37.620000000000005,7,2021-08-06 00:00:00,2025-02-15 00:00:00,Bronze,Latin
33,Ellie Sullivan,Canada,Yellowknife,37.62,7,2021-04-22 00:00:00,2025-09-04 00:00:00,Bronze,Rock
34,João Fernandes,Portugal,Lisbon,39.620000000000005,7,2021-05-05 00:00:00,2024-10-01 00:00:00,Silver,Rock
35,Madalena Sampaio,Portugal,Porto,37.620000000000005,7,2022-07-13 00:00:00,2025-12-09 00:00:00,Bronze,Rock
36,Hannah Schneider,Germany,Berlin,37.620000000000005,7,2021-05-05 00:00:00,2024-11-14 00:00:00,Bronze,Metal
37,Fynn Zimmermann,Germany,Frankfurt,43.62,7,2021-01-19 00:00:00,2025-06-03 00:00:00,Silver,Rock
38,Niklas Schröder,Germany,Berlin,37.620000000000005,7,2021-02-01 00:00:00,2024-06-30 00:00:00,Bronze,Rock
39,Camille Bernard,France,Paris,38.620000000000005,7,2022-04-11 00:00:00,2025-09-07 00:00:00,Bronze,Rock
40,Dominique Lefebvre,France,Paris,38.620000000000005,7,2021-02-01 00:00:00,2024-08-13 00:00:00,Bronze,Rock
41,Marc Dubois,France,Lyon,37.620000000000005,7,2022-04-11 00:00:00,2025-10-21 00:00:00,Bronze,Rock
42,Wyatt Girard,France,Bordeaux,39.62,7,2021-02-02 00:00:00,2025-11-03 00:00:00,Silver,Metal
43,Isabelle Mercier,France,Dijon,40.620000000000005,7,2022-01-08 00:00:00,2025-06-06 00:00:00,Silver,Rock
44,Terhi Hämäläinen,Finland,Helsinki,41.620000000000005,7,2021-08-11 00:00:00,2025-12-14 00:00:00,Silver,Rock
45,Ladislav Kovács,Hungary,Budapest,45.62,7,2022-01-08 00:00:00,2025-07-20 00:00:00,Silver,Rock
46,Hugh O'Reilly,Ireland,Dublin,45.62,7,2021-02-03 00:00:00,2025-11-04 00:00:00,Silver,Rock
47,Lucas Mancini,Italy,Rome,37.620000000000005,7,2021-10-07 00:00:00,2025-03-05 00:00:00,Bronze,Rock
48,Johannes Van der Berg,Netherlands,Amsterdam,40.62,7,2021-05-10 00:00:00,2025-09-12 00:00:00,Silver,Rock
49,Stanisław Wójcik,Poland,Warsaw,37.620000000000005,7,2021-10-07 00:00:00,2025-04-18 00:00:00,Bronze,Rock
50,Enrique Muñoz,Spain,Madrid,37.62,7,2021-06-23 00:00:00,2025-11-05 00:00:00,Bronze,Rock
51,Joakim Johansson,Sweden,Stockholm,38.620000000000005,7,2021-07-06 00:00:00,2024-12-02 00:00:00,Bronze,Latin
52,Emma Jones,United Kingdom,London,37.620000000000005,7,2021-02-06 00:00:00,2025-06-11 00:00:00,Bronze,Latin
53,Phil Hughes,United Kingdom,London,37.620000000000005,7,2021-07-06 00:00:00,2025-01-15 00:00:00,Bronze,Rock
54,Steve Murray,United Kingdom,Edinburgh ,37.62,7,2021-03-22 00:00:00,2025-08-04 00:00:00,Bronze,Rock
55,Mark Taylor,Australia,Sidney,37.620000000000005,7,2021-04-04 00:00:00,2024-08-31 00:00:00,Bronze,Rock
56,Diego Gutiérrez,Argentina,Buenos Aires,37.620000000000005,7,2022-06-12 00:00:00,2025-11-08 00:00:00,Bronze,Rock
57,Luis Rojas,Chile,Santiago,46.62,7,2021-04-04 00:00:00,2024-10-14 00:00:00,Silver,Rock
58,Manoj Pareek,India,Delhi,38.620000000000005,7,2022-06-12 00:00:00,2025-12-22 00:00:00,Bronze,Rock
59,Puja Srivastava,India,Bangalore,36.64,6,2021-04-05 00:00:00,2024-05-30 00:00:00,Bronze,Rock
60,Oliver Thomas,United Kingdom,Edinburgh,119.58000000000001,16,2023-11-16 00:00:00,2025-04-14 00:00:00,Platinum,Jazz
61,Leonardo Romano,Italy,Verona,69.41999999999999,11,2023-03-08 00:00:00,2024-01-14 00:00:00,Gold,Metal
62,Sarah Flores,USA,Las Vegas,72.38,10,2022-10-09 00:00:00,2023-09-16 00:00:00,Gold,Rock
63,Felipe Lima,Brazil,Belém,72.86,10,2024-06-08 00:00:00,2025-03-13 00:00:00,Gold,Pop
64,Robert Hill,USA,Austin,205.10999999999999,30,2022-07-22 00:00:00,2025-05-28 00:00:00,Platinum,Metal
65,Maja Jonsson,Sweden,Uppsala,61.230000000000004,4,2025-10-28 00:00:00,2025-12-16 00:00:00,Silver,TV Shows
66,Amit Bose,India,Pune,50.92000000000001,9,2021-10-25 00:00:00,2022-05-28 00:00:00,Silver,Metal
67,Kamil Krawczyk,Poland,Katowice,197.21,17,2021-06-02 00:00:00,2022-12-18 00:00:00,Platinum,TV Shows
68,Sunita Patel,India,Patna,,0,,,Bronze,
69,Liam Dubois,France,Lyon,11.61,2,2024-02-26 00:00:00,2024-05-12 00:00:00,Bronze,Rock
70,Thomas Torres,USA,Nashville,30.53,5,2022-02-09 00:00:00,2022-08-12 00:00:00,Bronze,Alternative
71,Maria Souza,Brazil,Salvador,153.54000000000002,15,2019-12-25 00:00:00,2022-01-08 00:00:00,Platinum,Drama
72,Amanda Martin,USA,San Antonio,9.030000000000001,2,2024-09-20 00:00:00,2024-12-13 00:00:00,Bronze,Alternative & Punk
73,Emily Johnson,USA,Los Angeles,32.779999999999994,4,2025-08-26 00:00:00,2025-12-07 00:00:00,Bronze,Rock
74,David White,USA,Memphis,49.050000000000004,8,2022-03-25 00:00:00,2022-12-01 00:00:00,Silver,Classical
75,Linda Thompson,USA,Dallas,,0,,,Bronze,
76,Abigail Martin,Canada,Edmonton,42.56999999999999,8,2020-09-13 00:00:00,2021-05-05 00:00:00,Silver,Rock
77,Tomás Díaz,Argentina,Salta,49.14,10,2021-02-07 00:00:00,2022-01-19 00:00:00,Silver,Rock
78,Maria Ribeiro,Portugal,Funchal,90.85999999999999,12,2024-05-24 00:00:00,2025-11-03 00:00:00,Gold,Rock
79,Tomás Contreras,Chile,Talca,41.720000000000006,5,2025-07-02 00:00:00,2025-09-16 00:00:00,Silver,Metal
80,Oliver Koskinen,Finland,Tampere,50.66,6,2025-04-22 00:00:00,2025-12-03 00:00:00,Silver,Alternative & Punk
81,Andrew Smith,USA,Seattle,34.83,5,2024-07-04 00:00:00,2024-10-09 00:00:00,Bronze,Blues
82,Benjamin Fernandes,Brazil,Brasília,16.06,4,2022-12-05 00:00:00,2023-02-19 00:00:00,Bronze,Rock
83,Adam Roux,France,Grenoble,81.16,14,2021-10-28 00:00:00,2023-04-24 00:00:00,Gold,Latin
84,Rafael Vieira,Brazil,Salvador,132.3,19,2022-10-27 00:00:00,2024-06-02 00:00:00,Platinum,Jazz
85,Filipa Carvalho,Portugal,Coimbra,84.64,10,2024-12-27 00:00:00,2025-12-08 00:00:00,Gold,Metal
86,Noah Taylor,Canada,Vancouver,63.75000000000001,11,2022-05-28 00:00:00,2023-08-14 00:00:00,Silver,Rock
87,Eino Turunen,Finland,Jyväskylä,,0,,,Bronze,
88,Jana Procházka,Czech Republic,České Budějovice,35.63999999999999,9,2019-08-28 00:00:00,2020-05-09 00:00:00,Bronze,Bossa Nova
89,Ava Martin,Australia,Townsville,120.81000000000002,23,2019-02-18 00:00:00,2021-04-14 00:00:00,Platinum,Rock
90,Alfie Brown,United Kingdom,Brighton,59.21,8,2025-03-18 00:00:00,2025-12-25 00:00:00,Silver,TV Shows
91,Jana Kratochvíl,Czech Republic,Plzeň,62.059999999999995,9,2022-09-23 00:00:00,2023-05-26 00:00:00,Silver,Rock
92,Andre Carvalho,Brazil,Campinas,55.33,7,2024-11-14 00:00:00,2025-08-27 00:00:00,Silver,Jazz
93,Olivia Wilson,United Kingdom,Leeds,113.38000000000001,18,2022-12-01 00:00:00,2024-09-28 00:00:00,Platinum,Rock
94,Elias Schneider,Germany,Leipzig,128.27999999999997,22,2020-05-12 00:00:00,2022-06-10 00:00:00,Platinum,Rock
95,Isabella Watson,United Kingdom,Leicester,141.10000000000002,18,2024-01-26 00:00:00,2025-07-21 00:00:00,Platinum,Rock
96,Borbála Fekete,Hungary,Győr,29.67,6,2024-01-27 00:00:00,2024-06-28 00:00:00,Bronze,Alternative & Punk
97,James Young,USA,San Jose,43.86,6,2024-03-13 00:00:00,2024-08-16 00:00:00,Silver,Latin
98,Elizabeth Brown,USA,Denver,72.32,8,2023-03-21 00:00:00,2023-10-18 00:00:00,Gold,Latin
99,Freddie Williams,United Kingdom,Bradford,94.08000000000001,8,2024-10-02 00:00:00,2025-05-17 00:00:00,Gold,TV Shows
100,Alexander Evans,United Kingdom,Belfast,23.839999999999996,3,2025-08-28 00:00:00,2025-11-01 00:00:00,Bronze,Latin
101,Inès David,France,Lyon,,0,,,Bronze,
102,Pierre David,France,Bordeaux,100.36000000000003,15,2022-09-27 00:00:00,2024-05-05 00:00:00,Gold,Latin
103,Emma Moreau,France,Rennes,56.42,7,2023-02-27 00:00:00,2023-09-12 00:00:00,Silver,TV Shows
104,Ciara Walsh,Ireland,Dublin,5.96,1,2025-12-13 00:00:00,2025-12-13 00:00:00,Bronze,Metal
105,Felix Richter,Germany,Bochum,52.15,5,2025-06-19 00:00:00,2025-11-15 00:00:00,Silver,Bossa Nova
106,Diego García,Spain,Zaragoza,147.89,13,2023-12-10 00:00:00,2025-07-15 00:00:00,Platinum,TV Shows
107,Daniel Ramos,Mexico,León,88.42,10,2025-01-16 00:00:00,2025-11-26 00:00:00,Gold,Metal
108,Cynthia Anderson,USA,Houston,79.10000000000001,10,2022-06-16 00:00:00,2023-04-15 00:00:00,Gold,Latin
109,Antonia López,Chile,Temuco,88.39,11,2024-09-04 00:00:00,2025-12-10 00:00:00,Gold,Latin
110,Nicolas Simon,France,Paris,40.59,6,2020-03-25 00:00:00,2020-11-25 00:00:00,Silver,Rock
111,Avery Clarke,Canada,Edmonton,58.49000000000001,8,2024-10-12 00:00:00,2025-06-23 00:00:00,Silver,Rock
112,Nicolás Silva,Chile,Rancagua,186.79999999999995,21,2020-01-02 00:00:00,2022-01-05 00:00:00,Platinum,Drama
113,Tim Visser,Netherlands,Nijmegen,69.29999999999998,15,2019-07-28 00:00:00,2020-10-24 00:00:00,Gold,Rock
114,Charlotte Wilson,Canada,Winnipeg,95.82999999999998,13,2024-08-02 00:00:00,2025-11-25 00:00:00,Gold,Latin
115,Donald Smith,USA,Dallas,135.07999999999998,22,2019-11-06 00:00:00,2022-03-15 00:00:00,Platinum,Alternative & Punk
116,Kevin Nelson,USA,Louisville,66.55,7,2020-09-18 00:00:00,2021-05-11 00:00:00,Gold,Sci Fi & Fantasy
117,Sara Weber,Germany,Nuremberg,69.66000000000001,9,2024-02-28 00:00:00,2024-11-25 00:00:00,Gold,Rock
118,Alice Lima,Brazil,Salvador,77.22999999999999,14,2019-12-02 00:00:00,2021-04-12 00:00:00,Gold,Rock
119,Emma García,Spain,Zaragoza,85.16,14,2022-05-04 00:00:00,2023-12-06 00:00:00,Gold,Metal
120,Thomas Lefebvre,France,Dijon,28.31,4,2025-09-15 00:00:00,2025-12-28 00:00:00,Bronze,Rock
121,Noah Maes,Belgium,Bruges,59.02999999999999,9,2023-12-11 00:00:00,2024-10-25 00:00:00,Silver,Rock
122,Filipa Rodrigues,Portugal,Funchal,63.52,11,2022-04-05 00:00:00,2023-01-26 00:00:00,Silver,Jazz
123,Oliver Bos,Netherlands,Rotterdam,80.21000000000001,15,2019-06-28 00:00:00,2020-06-14 00:00:00,Gold,Rock
124,Paul Wolf,Germany,Leipzig,100.46,14,2024-01-20 00:00:00,2025-09-23 00:00:00,Gold,Alternative & Punk
125,Luuk De Jong,Netherlands,The Hague,82.0,11,2024-05-02 00:00:00,2025-05-18 00:00:00,Gold,Blues
126,Rodrigo Costa,Brazil,Guarulhos,21.42,2,2023-08-21 00:00:00,2023-12-28 00:00:00,Bronze,Rock
127,Cynthia Martin,USA,Seattle,85.30999999999999,12,2024-06-08 00:00:00,2025-11-24 00:00:00,Gold,Rock
128,Lucas Michel,France,Angers,77.43999999999998,12,2022-10-28 00:00:00,2023-10-27 00:00:00,Gold,Rock
129,Maria Ferreira,Brazil,Guarulhos,217.62,29,2022-07-08 00:00:00,2025-11-24 00:00:00,Platinum,Rock
130,Joseph Thompson,USA,Seattle,58.43,10,2019-12-13 00:00:00,2020-12-17 00:00:00,Silver,Latin
131,Lenka Šimánek,Czech Republic,Olomouc,64.14999999999999,9,2022-11-04 00:00:00,2023-07-28 00:00:00,Silver,Reggae
132,Filip Nowakowski,Poland,Katowice,169.12999999999994,21,2022-11-16 00:00:00,2025-09-28 00:00:00,Platinum,Rock
133,Elizabeth Scott,USA,Charlotte,106.94000000000001,19,2019-11-28 00:00:00,2021-09-09 00:00:00,Platinum,Rock
134,Hannah Hoffmann,Germany,Dortmund,55.93,7,2024-08-22 00:00:00,2025-11-09 00:00:00,Silver,Rock
135,Leonardo Costa,Brazil,Campinas,37.76,3,2025-10-24 00:00:00,2025-12-10 00:00:00,Bronze,Rock
136,Nicolás Araya,Chile,Arica,61.92,6,2024-02-26 00:00:00,2024-07-28 00:00:00,Silver,Rock
137,Ágnes Farkas,Hungary,Székesfehérvár,45.31,8,2022-06-17 00:00:00,2023-06-03 00:00:00,Silver,Metal
138,Tobias Eder,Austria,Linz,17.830000000000002,3,2020-06-06 00:00:00,2020-07-28 00:00:00,Bronze,Alternative & Punk
139,Barbara Flores,USA,Charlotte,79.42000000000002,12,2022-04-08 00:00:00,2023-09-10 00:00:00,Gold,Alternative & Punk
140,Sarah Nelson,USA,Indianapolis,19.369999999999997,2,2025-11-28 00:00:00,2025-12-20 00:00:00,Bronze,Rock
141,Olivia Brown,Canada,Vancouver,190.29,26,2023-05-25 00:00:00,2025-12-12 00:00:00,Platinum,Rock
142,Melissa Moore,USA,Seattle,48.61,7,2023-01-11 00:00:00,2023-08-20 00:00:00,Silver,Latin
143,Daniel Moore,USA,Austin,43.07000000000001,9,2021-03-19 00:00:00,2022-01-28 00:00:00,Silver,R&B/Soul
144,Emilie Eriksen,Norway,Tromsø,24.84,3,2025-10-25 00:00:00,2025-12-18 00:00:00,Bronze,Rock
145,Inès Lefebvre,France,Dijon,30.93,4,2022-09-19 00:00:00,2023-02-22 00:00:00,Bronze,Rock
146,Ava Thomas,United Kingdom,Birmingham,35.13,3,2024-07-28 00:00:00,2024-10-09 00:00:00,Bronze,Sci Fi & Fantasy
147,Joshua Thomas,USA,Jacksonville,68.31,13,2019-05-01 00:00:00,2021-02-09 00:00:00,Gold,Rock
148,Susan Scott,USA,Charlotte,,0,,,Bronze,
149,Heitor Fernandes,Brazil,Recife,102.96999999999997,19,2019-11-02 00:00:00,2021-07-26 00:00:00,Platinum,Jazz
150,David Williams,USA,San Jose,143.45,17,2023-01-16 00:00:00,2024-07-15 00:00:00,Platinum,Rock
151,Charlie Brown,United Kingdom,Belfast,120.00999999999999,14,2024-05-28 00:00:00,2025-07-22 00:00:00,Platinum,Rock
152,Harper Tremblay,Canada,Gatineau,39.99000000000001,7,2024-01-23 00:00:00,2024-08-28 00:00:00,Silver,Alternative & Punk
153,Roisín O'Neill,Ireland,Waterford,96.85000000000001,14,2022-04-23 00:00:00,2023-11-05 00:00:00,Gold,Latin
154,Máté Papp,Hungary,Szombathely,160.60999999999999,14,2022-04-05 00:00:00,2023-10-17 00:00:00,Platinum,TV Shows
155,Aiden Wilson,Canada,Vaughan,,0,,,Bronze,
156,Camila Pérez,Chile,Antofagasta,227.10000000000005,34,2019-11-10 00:00:00,2024-10-04 00:00:00,Platinum,Metal
157,Richard Jackson,USA,Jacksonville,130.44999999999996,16,2022-10-19 00:00:00,2024-02-27 00:00:00,Platinum,Rock
158,Amy Anderson,USA,Philadelphia,40.28,6,2023-02-21 00:00:00,2023-06-21 00:00:00,Silver,Blues
159,Alexander Smith,United Kingdom,Brighton,21.86,2,2025-05-08 00:00:00,2025-06-11 00:00:00,Bronze,Rock
160,Stephanie Nguyen,USA,Portland,126.44999999999999,22,2022-06-10 00:00:00,2024-11-05 00:00:00,Platinum,Metal
161,Hugo Carvalho,Portugal,Almada,174.30999999999997,16,2022-07-13 00:00:00,2024-03-05 00:00:00,Platinum,TV Shows
162,Olivia Clarke,Canada,Saskatoon,58.26,10,2021-12-21 00:00:00,2022-11-26 00:00:00,Silver,Rock
163,Henry White,Australia,Sydney,48.52,7,2019-11-28 00:00:00,2020-08-05 00:00:00,Silver,Rock
164,Maja Hagen,Norway,Stavanger,43.21,5,2025-05-08 00:00:00,2025-11-10 00:00:00,Silver,Pop
165,Mariana Gómez,Colombia,Cali,62.6,6,2025-03-28 00:00:00,2025-12-13 00:00:00,Silver,Jazz
166,Sofia Romano,Italy,Verona,74.04,12,2023-12-12 00:00:00,2024-12-04 00:00:00,Gold,Reggae
167,Richard Garcia,USA,Phoenix,99.34,14,2023-11-28 00:00:00,2025-03-08 00:00:00,Gold,Rock
168,Joseph Harris,USA,San Jose,103.36,18,2021-06-17 00:00:00,2023-04-28 00:00:00,Platinum,Jazz
169,Gustavo Fernandes,Brazil,São Luís,64.07,6,2025-04-18 00:00:00,2025-12-11 00:00:00,Silver,World
170,Ben Schäfer,Germany,Wuppertal,38.17,5,2022-11-24 00:00:00,2023-05-06 00:00:00,Bronze,Blues
171,Kiara Joshi,India,Mumbai,76.99000000000001,10,2025-03-15 00:00:00,2025-12-08 00:00:00,Gold,Jazz
172,Eduardo Rodrigues,Brazil,Guarulhos,62.39,10,2020-07-16 00:00:00,2021-05-17 00:00:00,Silver,Rock
173,Ishaan Sharma,India,Mumbai,154.32000000000002,19,2024-03-16 00:00:00,2025-09-06 00:00:00,Platinum,Rock
174,Noah Martin,Canada,Montreal,112.37999999999998,16,2023-12-08 00:00:00,2025-07-22 00:00:00,Platinum,Blues
175,Jack Roy,Canada,Gatineau,78.14,11,2022-10-28 00:00:00,2023-11-03 00:00:00,Gold,Rock
176,Ava Fortin,Canada,Vaughan,17.88,2,2025-09-07 00:00:00,2025-10-10 00:00:00,Bronze,Rock
177,Rita Santos,Portugal,Porto,16.83,3,2021-05-01 00:00:00,2021-08-17 00:00:00,Bronze,Rock
178,Maëlys Goossens,Belgium,Namur,73.88,14,2020-10-01 00:00:00,2022-04-07 00:00:00,Gold,Rock
179,Manuela Santos,Brazil,Porto Alegre,34.84,4,2024-09-25 00:00:00,2025-01-27 00:00:00,Bronze,TV Shows
180,Sebastian Lavoie,Canada,Vaughan,42.24,6,2022-12-04 00:00:00,2023-05-26 00:00:00,Silver,Rock
181,Leo Morel,France,Grenoble,84.17,13,2020-01-08 00:00:00,2021-03-21 00:00:00,Gold,Latin
182,Richard Thompson,USA,Phoenix,103.05,12,2024-01-18 00:00:00,2025-05-14 00:00:00,Platinum,Soundtrack
183,Santiago Rojas,Chile,Rancagua,69.3,5,2024-11-02 00:00:00,2025-05-12 00:00:00,Gold,Drama
184,Jack Clarke,Canada,Vaughan,13.41,2,2025-09-07 00:00:00,2025-10-03 00:00:00,Bronze,Blues
185,Aiden Roy,Canada,Calgary,189.49999999999997,23,2023-02-16 00:00:00,2025-09-24 00:00:00,Platinum,Rock
186,Isabella Tremblay,Canada,Calgary,109.10000000000002,17,2022-12-13 00:00:00,2024-03-28 00:00:00,Platinum,Rock
187,Laura Williams,USA,Portland,111.03999999999999,17,2023-04-11 00:00:00,2025-01-18 00:00:00,Platinum,Rock
188,Amelia Roy,Canada,Calgary,103.67000000000002,17,2021-10-15 00:00:00,2023-04-22 00:00:00,Platinum,Alternative & Punk
189,Alice Morel,France,Nice,114.31,14,2024-07-18 00:00:00,2025-11-13 00:00:00,Platinum,Latin
190,Bruno Vieira,Brazil,Salvador,92.35999999999999,12,2024-08-17 00:00:00,2025-12-27 00:00:00,Gold,Rock
191,Abigail Roy,Canada,London,45.13,7,2023-04-24 00:00:00,2023-12-23 00:00:00,Silver,Rock
192,Ella Walker,United Kingdom,Cardiff,70.03,10,2023-03-23 00:00:00,2024-02-13 00:00:00,Gold,Metal
193,Camila González,Colombia,Cartagena,269.89,38,2022-03-24 00:00:00,2025-12-07 00:00:00,Platinum,Latin
194,Robert Hill,USA,Louisville,14.899999999999999,2,2025-06-28 00:00:00,2025-08-18 00:00:00,Bronze,Alternative & Punk
195,Ava Walker,United Kingdom,London,66.25,8,2022-12-20 00:00:00,2024-02-26 00:00:00,Gold,Metal
196,Lily Walker,United Kingdom,Glasgow,144.56000000000003,23,2020-09-16 00:00:00,2023-06-06 00:00:00,Platinum,Rock
197,Inès Vincent,France,Nantes,43.58,7,2020-08-04 00:00:00,2020-12-28 00:00:00,Silver,Metal
198,Julia Carvalho,Brazil,Belém,88.39999999999999,9,2024-12-02 00:00:00,2025-12-07 00:00:00,Gold,Rock
199,Harper Leblanc,Canada,Saskatoon,44.7,5,2025-04-21 00:00:00,2025-12-05 00:00:00,Silver,Rock
200,Amelia Wright,United Kingdom,Belfast,46.83,7,2023-10-03 00:00:00,2024-03-26 00:00:00,Silver,Blues
201,Paul Nelson,USA,Los Angeles,11.879999999999999,2,2020-12-28 00:00:00,2021-01-28 00:00:00,Bronze,Rock
202,Rodrigo Lima,Brazil,Belém,66.81,7,2024-08-10 00:00:00,2025-01-24 00:00:00,Gold,Metal
203,Emma Van Leeuwen,Netherlands,Nijmegen,26.33,3,2025-08-28 00:00:00,2025-11-28 00:00:00,Bronze,Rock
204,Sofia Johnson,Canada,Calgary,86.94000000000001,11,2023-10-12 00:00:00,2025-01-16 00:00:00,Gold,Rock
205,Theo Carvalho,Brazil,Belém,127.03,16,2024-04-03 00:00:00,2025-12-12 00:00:00,Platinum,Blues
206,Luca Zimmermann,Germany,Stuttgart,68.53999999999999,7,2025-04-19 00:00:00,2025-11-28 00:00:00,Gold,Alternative & Punk
207,Manuela Costa,Brazil,Guarulhos,48.77,8,2021-12-09 00:00:00,2022-12-14 00:00:00,Silver,Latin
208,Nuno Alves,Portugal,Funchal,44.62,6,2022-12-28 00:00:00,2023-07-21 00:00:00,Silver,Rock
209,Linda Johnson,USA,Los Angeles,42.739999999999995,4,2021-07-02 00:00:00,2021-11-28 00:00:00,Silver,Drama
210,Hannah Schwarz,Germany,Munich,74.70000000000002,10,2024-12-24 00:00:00,2025-11-04 00:00:00,Gold,Rock
211,James Garcia,USA,Indianapolis,177.77,21,2024-04-18 00:00:00,2025-12-17 00:00:00,Platinum,Rock
212,Sharon King,USA,Chicago,112.01000000000002,16,2024-03-17 00:00:00,2025-12-10 00:00:00,Platinum,Rock
213,Amelia Leblanc,Canada,Halifax,217.73,25,2020-10-22 00:00:00,2023-01-19 00:00:00,Platinum,Sci Fi & Fantasy
214,Nathan Simon,France,Rennes,47.68,6,2025-06-14 00:00:00,2025-10-28 00:00:00,Silver,Metal
215,Paul Smith,USA,San Diego,106.98999999999998,16,2022-03-18 00:00:00,2023-11-28 00:00:00,Platinum,Rock
216,Barbara Adams,USA,Seattle,155.96999999999997,19,2023-10-21 00:00:00,2025-08-16 00:00:00,Platinum,Rock
217,Benjamin Lee,Canada,Surrey,3.27,1,2022-05-18 00:00:00,2022-05-18 00:00:00,Bronze,Blues
218,Karen Flores,USA,Louisville,37.410000000000004,5,2024-04-19 00:00:00,2024-10-16 00:00:00,Bronze,Bossa Nova
219,Jonas Klein,Germany,Cologne,82.94999999999999,9,2025-04-01 00:00:00,2025-12-19 00:00:00,Gold,Rock
220,William Miller,USA,Las Vegas,38.18,4,2022-01-23 00:00:00,2022-04-03 00:00:00,Bronze,Rock
221,Patricia Wilson,USA,Dallas,185.20000000000002,28,2022-12-10 00:00:00,2025-09-24 00:00:00,Platinum,Metal
222,Yuna Matsumoto,Japan,Kyoto,34.85,4,2024-11-21 00:00:00,2025-03-03 00:00:00,Bronze,Latin
223,Ádám Molnár,Hungary,Pécs,29.710000000000004,6,2020-12-17 00:00:00,2021-08-24 00:00:00,Bronze,Latin
224,Liam Dubois,Belgium,Aalst,120.35,16,2023-04-02 00:00:00,2025-02-20 00:00:00,Platinum,Alternative & Punk
225,Gabriel Costa,Brazil,São Paulo,114.35999999999999,12,2020-09-15 00:00:00,2022-05-12 00:00:00,Platinum,Drama
226,Valeria Jiménez,Spain,Valencia,85.92999999999999,9,2025-01-28 00:00:00,2025-10-28 00:00:00,Gold,Rock
227,Kathleen Anderson,USA,Portland,193.82999999999998,26,2023-03-18 00:00:00,2025-12-27 00:00:00,Platinum,Blues
228,Sarah Murphy,Ireland,Waterford,21.42,4,2023-08-13 00:00:00,2023-11-22 00:00:00,Bronze,Rock
229,Noa Pérez,Spain,Valencia,64.35999999999999,11,2020-03-21 00:00:00,2021-01-05 00:00:00,Silver,Electronica/Dance
230,Beatriz Lopes,Brazil,Belém,6.45,1,2024-10-28 00:00:00,2024-10-28 00:00:00,Bronze,Rock
231,Michael Wolf,Germany,Frankfurt,114.22999999999996,14,2019-05-28 00:00:00,2020-08-18 00:00:00,Platinum,Comedy
232,Donald Martin,USA,Indianapolis,40.62,8,2021-09-24 00:00:00,2022-06-08 00:00:00,Silver,Rock
233,Tiago Gonçalves,Portugal,Agualva-Cacém,54.470000000000006,8,2023-05-24 00:00:00,2024-04-23 00:00:00,Silver,Rock
234,Sharon Adams,USA,Seattle,35.65,7,2020-08-21 00:00:00,2021-12-09 00:00:00,Bronze,Rock
235,Kathleen Wilson,USA,Austin,165.79,21,2023-10-16 00:00:00,2025-11-21 00:00:00,Platinum,Rock
236,Cynthia Young,USA,Houston,116.85,15,2023-11-23 00:00:00,2025-09-17 00:00:00,Platinum,Rock
237,Kathleen Wright,USA,Louisville,34.67,6,2021-09-19 00:00:00,2022-04-16 00:00:00,Bronze,Blues
238,Joshua Nguyen,USA,Austin,73.88,8,2024-10-14 00:00:00,2025-08-01 00:00:00,Gold,Rock
239,Paul Schröder,Germany,Berlin,75.66,12,2022-11-17 00:00:00,2023-12-28 00:00:00,Gold,Alternative & Punk
240,David Fiala,Czech Republic,České Budějovice,71.3,13,2020-02-09 00:00:00,2021-12-11 00:00:00,Gold,Rock
241,Nicolás Pérez,Argentina,Mendoza,109.63,14,2024-07-06 00:00:00,2025-12-19 00:00:00,Platinum,Latin
242,Louise Lefebvre,France,Toulon,67.39,10,2023-12-05 00:00:00,2024-10-28 00:00:00,Gold,Rock
243,Emma Moreau,France,Rennes,137.95999999999998,20,2022-08-18 00:00:00,2024-08-06 00:00:00,Platinum,Latin
244,Valentin Ruiz,Colombia,Bucaramanga,130.8,20,2022-07-10 00:00:00,2024-05-05 00:00:00,Platinum,Pop
245,Amelia Roy,Canada,Brampton,221.07999999999998,20,2023-12-22 00:00:00,2025-12-22 00:00:00,Platinum,TV Shows
246,Adam Roux,France,Toulouse,66.33999999999999,12,2020-05-11 00:00:00,2021-08-21 00:00:00,Gold,Metal
247,Emma Smith,Canada,Markham,102.11,15,2022-02-13 00:00:00,2023-05-02 00:00:00,Gold,Latin
248,Ebba Olsson,Sweden,Stockholm,79.22000000000001,11,2024-06-18 00:00:00,2025-04-13 00:00:00,Gold,Jazz
249,Olivia Robinson,United Kingdom,Sheffield,38.980000000000004,6,2023-04-12 00:00:00,2024-03-01 00:00:00,Bronze,World
250,Finn Murray,Ireland,Navan,126.52,17,2024-06-02 00:00:00,2025-12-03 00:00:00,Platinum,Alternative & Punk
251,Theo Sousa,Brazil,Fortaleza,267.15,24,2021-05-21 00:00:00,2024-08-05 00:00:00,Platinum,Drama
252,Pavel Procházka,Czech Republic,Prague,108.02999999999999,16,2024-04-20 00:00:00,2025-11-23 00:00:00,Platinum,Latin
253,Arjun Joshi,India,Surat,83.01999999999998,12,2024-07-02 00:00:00,2025-06-14 00:00:00,Gold,Rock
254,Thomas Wright,USA,Las Vegas,52.15,6,2025-06-24 00:00:00,2025-12-12 00:00:00,Silver,Latin
255,Pablo Fernández,Spain,Valencia,159.36999999999998,22,2021-08-17 00:00:00,2023-06-16 00:00:00,Platinum,Alternative & Punk
256,Sean Kennedy,Ireland,Swords,59.46,11,2024-03-26 00:00:00,2025-05-17 00:00:00,Silver,Latin
257,Felipe Martins,Brazil,Brasília,39.13,6,2021-06-23 00:00:00,2022-01-14 00:00:00,Bronze,Metal
258,Matheus Oliveira,Brazil,Curitiba,37.620000000000005,8,2020-09-06 00:00:00,2021-05-05 00:00:00,Bronze,Rock
259,Emma Martín,Spain,Las Palmas,94.17999999999999,14,2023-12-28 00:00:00,2025-01-05 00:00:00,Gold,Latin
260,Arjun Singh,India,Surat,63.849999999999994,8,2024-08-28 00:00:00,2025-06-09 00:00:00,Silver,Rock
261,Jennifer Scott,USA,Austin,71.52,8,2025-01-28 00:00:00,2025-12-08 00:00:00,Gold,Rock
262,Sophie Hendriks,Netherlands,The Hague,65.79,14,2021-10-06 00:00:00,2022-12-16 00:00:00,Gold,Jazz
263,Kathleen Scott,USA,Baltimore,49.08,4,2024-12-28 00:00:00,2025-03-11 00:00:00,Silver,Drama
264,Nicolas Laurent,France,Toulouse,29.66,4,2023-03-09 00:00:00,2023-05-09 00:00:00,Bronze,Rock
265,Mary Taylor,USA,Memphis,62.27,7,2024-11-14 00:00:00,2025-08-04 00:00:00,Silver,Metal
266,Jan Kratochvíl,Czech Republic,Ústí nad Labem,86.52000000000001,10,2024-12-12 00:00:00,2025-11-14 00:00:00,Gold,Alternative & Punk
267,Lina Wagner,Germany,Düsseldorf,131.81,20,2021-07-01 00:00:00,2023-06-19 00:00:00,Platinum,Rock
268,Romain Robert,France,Marseille,56.760000000000005,11,2021-05-17 00:00:00,2022-08-04 00:00:00,Silver,Latin
269,Valentina Martins,Brazil,Rio de Janeiro,51.49,12,2020-02-03 00:00:00,2021-03-04 00:00:00,Silver,Rock
270,Lily Wilson,United Kingdom,Birmingham,73.57,10,2020-01-01 00:00:00,2021-02-26 00:00:00,Gold,TV Shows
271,Erzsébet Simon,Hungary,Budapest,131.92000000000002,15,2024-12-14 00:00:00,2025-12-28 00:00:00,Platinum,Rock
272,Kevin Scott,USA,Austin,32.62,6,2022-09-16 00:00:00,2023-05-23 00:00:00,Bronze,Rock
273,Theo Fernandes,Brazil,São Paulo,62.69000000000001,11,2021-09-18 00:00:00,2022-04-09 00:00:00,Silver,Latin
274,Manon Dubois,France,Nice,108.40999999999998,15,2023-03-05 00:00:00,2024-05-02 00:00:00,Platinum,Latin
275,Stephanie Jones,USA,Philadelphia,94.3,13,2022-11-08 00:00:00,2024-02-15 00:00:00,Gold,Rock
276,Cynthia Martin,USA,Austin,85.10999999999999,12,2023-01-10 00:00:00,2024-02-09 00:00:00,Gold,Alternative & Punk
277,Andreas Schäfer,Germany,Nuremberg,72.28,12,2020-07-10 00:00:00,2021-10-02 00:00:00,Gold,Jazz
278,Luciana Acosta,Argentina,Córdoba,90.99000000000001,13,2023-11-07 00:00:00,2024-12-03 00:00:00,Gold,Metal
279,André Gonçalves,Portugal,Funchal,70.17,6,2025-01-22 00:00:00,2025-08-28 00:00:00,Gold,Sci Fi & Fantasy
280,Lea Berger,Austria,Vienna,40.85,7,2022-09-28 00:00:00,2023-08-07 00:00:00,Silver,Rock
281,Jackson Robinson,Canada,Brampton,185.08999999999997,30,2022-08-15 00:00:00,2025-11-25 00:00:00,Platinum,Metal
282,Lucas David,France,Nantes,33.38,6,2021-08-24 00:00:00,2022-03-15 00:00:00,Bronze,Metal
283,Camille Richard,France,Saint-Étienne,13.41,2,2025-11-21 00:00:00,2025-12-08 00:00:00,Bronze,Alternative & Punk
284,Joshua Roberts,United Kingdom,Leeds,53.13,8,2024-08-01 00:00:00,2025-07-26 00:00:00,Silver,Alternative & Punk
285,Elijah Roy,Canada,Ottawa,71.79,15,2020-11-16 00:00:00,2022-07-28 00:00:00,Gold,Rock
286,Mariana Lopes,Portugal,Coimbra,87.21,10,2023-08-21 00:00:00,2024-08-25 00:00:00,Gold,Rock
287,Poppy Robinson,United Kingdom,Liverpool,38.620000000000005,6,2021-01-25 00:00:00,2021-07-15 00:00:00,Bronze,Rock
288,Jade Morel,France,Bordeaux,138.79,16,2024-01-21 00:00:00,2025-07-27 00:00:00,Platinum,Rock
289,Barbara Harris,USA,Louisville,29.71,4,2021-01-06 00:00:00,2021-05-17 00:00:00,Bronze,Latin
290,Sofie Olsen,Norway,Bergen,75.99,12,2025-02-18 00:00:00,2025-12-27 00:00:00,Gold,Latin
291,Adam Roux,France,Lille,134.23,24,2020-06-17 00:00:00,2023-01-22 00:00:00,Platinum,Rock
292,Pedro Sousa,Brazil,São Paulo,40.589999999999996,9,2019-05-20 00:00:00,2020-03-25 00:00:00,Silver,Rock
293,Emma Petit,France,Dijon,116.39999999999999,13,2024-11-06 00:00:00,2025-12-08 00:00:00,Platinum,Metal
294,Barbara Wright,USA,Louisville,23.490000000000002,4,2022-08-07 00:00:00,2023-01-22 00:00:00,Bronze,Metal
295,Sharon Wilson,USA,Philadelphia,171.36999999999998,25,2022-06-08 00:00:00,2024-08-21 00:00:00,Platinum,Blues
296,Rebecca Johnson,USA,Indianapolis,79.94999999999999,12,2022-12-26 00:00:00,2024-04-18 00:00:00,Gold,Rock
297,Daniel Jackson,USA,Memphis,84.88,12,2022-11-24 00:00:00,2023-11-11 00:00:00,Gold,Rock
298,Amelia Cote,Canada,Surrey,53.8,9,2024-04-01 00:00:00,2025-02-24 00:00:00,Silver,Latin
299,Ignacio Pérez,Chile,Concepción,109.25,18,2023-07-03 00:00:00,2025-01-18 00:00:00,Platinum,Rock
300,Santiago López,Chile,Valparaíso,86.68,13,2022-10-27 00:00:00,2024-01-04 00:00:00,Gold,Latin
301,Joseph Thomas,USA,Memphis,99.53,17,2022-03-08 00:00:00,2023-11-07 00:00:00,Gold,Rock
302,Lucas Petersen,Denmark,Randers,33.82,3,2021-09-28 00:00:00,2021-12-19 00:00:00,Bronze,TV Shows
303,Emily Robinson,United Kingdom,Bradford,141.30000000000004,26,2019-09-04 00:00:00,2022-06-23 00:00:00,Platinum,Classical
304,William Tremblay,Canada,Halifax,5.47,1,2025-12-17 00:00:00,2025-12-17 00:00:00,Bronze,Alternative & Punk
305,Emily Jackson,United Kingdom,Belfast,79.11,13,2022-09-20 00:00:00,2023-11-09 00:00:00,Gold,Blues
306,Ella Järvinen,Finland,Helsinki,261.37,38,2021-12-21 00:00:00,2025-11-24 00:00:00,Platinum,Rock
307,Elizabeth Thompson,USA,Portland,151.95999999999998,22,2023-01-07 00:00:00,2025-12-15 00:00:00,Platinum,Rock
308,Rebecca Smith,USA,Philadelphia,121.2,18,2022-10-19 00:00:00,2024-06-20 00:00:00,Platinum,Jazz
309,Sebastian Roy,Canada,Montreal,68.53999999999999,8,2025-05-05 00:00:00,2025-12-15 00:00:00,Gold,Latin
310,Antoine Simon,France,Rennes,52.15,5,2025-06-01 00:00:00,2025-12-07 00:00:00,Silver,Rock
311,Noa Fernández,Spain,Murcia,12.280000000000001,3,2021-10-18 00:00:00,2022-02-10 00:00:00,Bronze,Rock
312,Daniel King,USA,Phoenix,74.82000000000001,10,2024-03-05 00:00:00,2024-12-19 00:00:00,Gold,Rock
313,Emma Lavoie,Canada,Markham,107.69,19,2020-12-23 00:00:00,2022-11-03 00:00:00,Platinum,Metal
314,Stephanie Jackson,USA,Baltimore,150.01,21,2023-09-28 00:00:00,2025-12-02 00:00:00,Platinum,Rock
315,Ethan Anderson,Canada,Ottawa,28.270000000000003,4,2023-12-05 00:00:00,2024-02-07 00:00:00,Bronze,Rock
316,William Smith,USA,San Antonio,28.380000000000003,3,2024-02-23 00:00:00,2024-07-20 00:00:00,Bronze,Rock
317,Sunita Nair,India,Bangalore,67.14999999999999,11,2023-05-13 00:00:00,2024-06-28 00:00:00,Gold,Metal
318,Micaela Sosa,Argentina,Salta,4.47,1,2025-11-15 00:00:00,2025-11-15 00:00:00,Bronze,Rock
319,Rafael Carvalho,Brazil,Campinas,54.449999999999996,11,2019-01-27 00:00:00,2020-03-11 00:00:00,Silver,Alternative & Punk
320,Karen Smith,USA,San Jose,85.00999999999999,15,2020-12-01 00:00:00,2022-07-13 00:00:00,Gold,Rock
321,Cian Ryan,Ireland,Waterford,36.8,6,2023-04-25 00:00:00,2023-11-22 00:00:00,Bronze,Rock
322,Aurora Ferrari,Italy,Rome,93.19,11,2024-02-09 00:00:00,2025-02-06 00:00:00,Gold,Rock
323,Logan Roy,Canada,Surrey,167.3,21,2023-03-04 00:00:00,2025-01-17 00:00:00,Platinum,Rock
324,Thomas Robert,France,Nice,83.52,8,2019-09-12 00:00:00,2020-05-28 00:00:00,Gold,TV Shows
325,Paul White,USA,Jacksonville,38.980000000000004,6,2023-08-25 00:00:00,2024-04-28 00:00:00,Bronze,Rock
326,David Brown,USA,Baltimore,62.390000000000015,11,2019-06-04 00:00:00,2020-07-01 00:00:00,Silver,Rock
327,Felix Neumann,Germany,Bochum,61.0,5,2023-02-24 00:00:00,2023-08-26 00:00:00,Silver,TV Shows
328,Lucas Ribeiro,Brazil,Campinas,258.62000000000006,36,2021-11-28 00:00:00,2025-08-28 00:00:00,Platinum,Metal
329,Melissa Taylor,USA,Austin,69.02000000000002,12,2021-03-25 00:00:00,2022-05-02 00:00:00,Gold,R&B/Soul
330,Matias Heikkinen,Finland,Tampere,39.72,5,2024-10-27 00:00:00,2025-04-08 00:00:00,Silver,Hip Hop/Rap
331,Elias Weber,Germany,Bielefeld,107.07000000000001,14,2023-10-28 00:00:00,2025-01-08 00:00:00,Platinum,Rock
332,Markus Fischer,Germany,Stuttgart,2.98,1,2025-06-06 00:00:00,2025-06-06 00:00:00,Bronze,Rock
333,Lily Jackson,United Kingdom,Edinburgh,66.96000000000001,10,2023-04-16 00:00:00,2024-02-12 00:00:00,Gold,Latin
334,Sofie Kristiansen,Norway,Stavanger,51.5,8,2023-10-19 00:00:00,2024-05-26 00:00:00,Silver,Rock
335,Laura Schröder,Germany,Hamburg,43.56,8,2019-09-12 00:00:00,2020-07-07 00:00:00,Silver,Alternative & Punk
336,Joshua Jackson,USA,San Jose,25.61,3,2024-03-20 00:00:00,2024-06-20 00:00:00,Bronze,Electronica/Dance
337,Paul Anderson,USA,Charlotte,137.42,17,2024-04-24 00:00:00,2025-08-06 00:00:00,Platinum,Jazz
338,Mark Torres,USA,Seattle,99.52000000000001,17,2020-05-01 00:00:00,2022-09-15 00:00:00,Gold,Rock
339,Pari Nair,India,Chennai,90.0,12,2024-11-23 00:00:00,2025-12-22 00:00:00,Gold,Rock
340,Beatriz Lopes,Portugal,Almada,54.45,10,2019-03-22 00:00:00,2020-02-05 00:00:00,Silver,Rock
341,Rita Sousa,Portugal,Coimbra,40.589999999999996,6,2024-04-16 00:00:00,2025-01-04 00:00:00,Silver,Latin
342,Liam Karlsen,Norway,Fredrikstad,36.11,7,2023-10-18 00:00:00,2024-04-18 00:00:00,Bronze,Rock
343,Fernanda Martínez,Mexico,Zapopan,8.94,1,2025-12-11 00:00:00,2025-12-11 00:00:00,Bronze,Metal
344,Hugo Morel,France,Montpellier,46.00000000000001,7,2022-07-16 00:00:00,2023-10-22 00:00:00,Silver,Latin
345,Jennifer Scott,USA,San Jose,41.650000000000006,5,2023-02-26 00:00:00,2023-08-08 00:00:00,Silver,Rock
346,Maja Hagen,Norway,Oslo,172.23999999999995,31,2019-12-09 00:00:00,2022-12-16 00:00:00,Platinum,Rock
347,Sharon Wright,USA,Austin,152.42000000000004,21,2021-06-28 00:00:00,2023-12-22 00:00:00,Platinum,Latin
348,Shaurya Choudhary,India,Bangalore,112.08000000000001,13,2024-03-06 00:00:00,2025-06-25 00:00:00,Platinum,Rock
349,Elias Olsson,Sweden,Örebro,31.29,4,2025-04-02 00:00:00,2025-07-28 00:00:00,Bronze,Blues
350,Julia Wojciechowski,Poland,Warsaw,37.24999999999999,5,2025-01-16 00:00:00,2025-05-12 00:00:00,Bronze,Rock
351,Jonas Wagner,Germany,Bielefeld,72.21,10,2023-04-14 00:00:00,2024-03-23 00:00:00,Gold,Rock
352,Andrew Jackson,USA,Philadelphia,107.93000000000002,21,2019-10-24 00:00:00,2021-08-10 00:00:00,Platinum,Rock
353,Chloe Simon,France,Toulon,19.62,4,2022-01-28 00:00:00,2022-04-25 00:00:00,Bronze,Rock
354,Maximiliano Rodríguez,Chile,Chillán,121.73,17,2022-12-27 00:00:00,2024-06-09 00:00:00,Platinum,Alternative & Punk
355,Ashley Jackson,USA,Chicago,7.45,1,2025-11-19 00:00:00,2025-11-19 00:00:00,Bronze,Rock
356,Manon Petit,France,Toulon,45.53999999999999,8,2021-05-04 00:00:00,2021-11-15 00:00:00,Silver,World
357,Charles Wright,USA,Phoenix,108.53999999999999,9,2025-02-23 00:00:00,2025-11-28 00:00:00,Platinum,TV Shows
358,Suresh Rao,India,Bangalore,28.71,6,2019-11-12 00:00:00,2020-04-15 00:00:00,Bronze,Rock
359,Dawid Mazur,Poland,Katowice,60.230000000000004,10,2023-07-14 00:00:00,2024-06-28 00:00:00,Silver,Rock
360,James Williams,USA,Las Vegas,,0,,,Bronze,
361,Alice Vincent,France,Toulon,49.98,8,2023-02-08 00:00:00,2023-11-10 00:00:00,Silver,Metal
362,Ashley Scott,USA,Chicago,141.86999999999998,19,2023-12-28 00:00:00,2025-09-24 00:00:00,Platinum,Rock
363,Sara Hoffmann,Germany,Hamburg,27.82,4,2025-06-18 00:00:00,2025-09-10 00:00:00,Bronze,Latin
364,Ashley Young,USA,Philadelphia,130.27,19,2022-01-04 00:00:00,2023-11-15 00:00:00,Platinum,Rock
365,Benjamin Jackson,United Kingdom,Sheffield,59.599999999999994,7,2025-04-15 00:00:00,2025-11-10 00:00:00,Silver,Latin
366,Franco Ruiz,Argentina,Rosario,129.29,17,2022-02-21 00:00:00,2024-01-05 00:00:00,Platinum,Jazz
367,Sofia Müller,Germany,Essen,17.66,3,2023-12-15 00:00:00,2024-04-02 00:00:00,Bronze,Rock
368,Diego Gutiérrez,Spain,Murcia,42.190000000000005,5,2024-03-20 00:00:00,2024-06-16 00:00:00,Silver,Rock
369,Jan Klein,Germany,Dresden,5.96,1,2025-12-13 00:00:00,2025-12-13 00:00:00,Bronze,Rock
370,Sharon Hill,USA,Philadelphia,28.310000000000002,3,2025-01-02 00:00:00,2025-03-02 00:00:00,Bronze,Rock
371,Tomás Rodríguez,Argentina,Mar del Plata,44.339999999999996,7,2023-08-28 00:00:00,2024-05-21 00:00:00,Silver,Hip Hop/Rap
372,William Williams,USA,Nashville,79.53,12,2022-08-06 00:00:00,2023-12-24 00:00:00,Gold,Metal
373,Louise Thomas,France,Angers,5.96,1,2025-12-28 00:00:00,2025-12-28 00:00:00,Bronze,Alternative & Punk
374,Tim Janssen,Netherlands,The Hague,53.730000000000004,8,2022-05-09 00:00:00,2023-01-26 00:00:00,Silver,Classical
375,Raphael Vincent,France,Lille,107.53,17,2023-01-28 00:00:00,2024-07-28 00:00:00,Platinum,Metal
376,Lucas Andersen,Norway,Sandnes,177.48000000000002,28,2022-04-22 00:00:00,2025-07-16 00:00:00,Platinum,Rock
377,Kathleen Hill,USA,Portland,106.88000000000001,17,2022-05-12 00:00:00,2024-01-20 00:00:00,Platinum,Alternative & Punk
378,Jessica Jones,USA,Columbus,65.83,10,2022-05-10 00:00:00,2023-05-04 00:00:00,Gold,Rock
379,David Scott,USA,Las Vegas,98.41000000000001,15,2023-03-12 00:00:00,2024-08-12 00:00:00,Gold,Latin
380,Alexander Roberts,United Kingdom,Leicester,55.269999999999996,7,2023-07-07 00:00:00,2024-01-11 00:00:00,Silver,Latin
381,Hugo Bernard,France,Marseille,73.26,13,2020-02-04 00:00:00,2021-08-24 00:00:00,Gold,Rock
382,Aadhya Das,India,Lucknow,67.32000000000001,11,2022-06-08 00:00:00,2023-07-22 00:00:00,Gold,Metal
383,Amy Harris,USA,Philadelphia,84.78,15,2021-04-06 00:00:00,2022-10-09 00:00:00,Gold,Jazz
384,Henry Anderson,Australia,Wollongong,66.33999999999999,9,2019-10-22 00:00:00,2020-06-13 00:00:00,Gold,Rock
385,Liam Fournier,France,Nice,38.150000000000006,6,2022-06-10 00:00:00,2022-10-23 00:00:00,Bronze,Latin
386,Oliver Madsen,Denmark,Frederiksberg,86.42,9,2025-01-28 00:00:00,2025-12-10 00:00:00,Gold,Latin
387,Thomas Smith,United Kingdom,Leeds,137.01,20,2023-12-20 00:00:00,2025-06-28 00:00:00,Platinum,Rock
388,Beatriz Santos,Brazil,Belo Horizonte,63.02,9,2023-11-26 00:00:00,2024-07-14 00:00:00,Silver,Latin
389,Jack Johnson,Canada,Gatineau,7.449999999999999,2,2025-09-15 00:00:00,2025-11-14 00:00:00,Bronze,Alternative & Punk
390,Kevin Williams,USA,Chicago,61.910000000000004,5,2023-12-07 00:00:00,2024-05-04 00:00:00,Silver,Drama
391,Alice David,France,Paris,74.24,12,2024-01-28 00:00:00,2025-05-05 00:00:00,Gold,Metal
392,William Taylor,Canada,Mississauga,87.91000000000001,10,2025-01-01 00:00:00,2025-12-08 00:00:00,Gold,Rock
393,Emily Young,USA,Phoenix,26.88,3,2025-10-28 00:00:00,2025-12-28 00:00:00,Bronze,TV Shows
394,Filip Haugen,Norway,Fredrikstad,10.43,1,2025-09-25 00:00:00,2025-09-25 00:00:00,Bronze,Alternative & Punk
395,Elias Jakobsson,Sweden,Gothenburg,33.54,4,2024-06-09 00:00:00,2024-09-18 00:00:00,Bronze,Blues
396,Katalin Kiss,Hungary,Székesfehérvár,149.91,24,2022-07-17 00:00:00,2025-05-15 00:00:00,Platinum,Rock
397,Filip Lewandowski,Poland,Bydgoszcz,128.39,18,2021-10-10 00:00:00,2023-11-12 00:00:00,Platinum,Metal
398,Cynthia Nguyen,USA,Fort Worth,151.99,24,2021-08-20 00:00:00,2024-02-11 00:00:00,Platinum,Reggae
399,Lena Becker,Germany,Berlin,57.43,9,2021-01-06 00:00:00,2021-12-27 00:00:00,Silver,Rock
400,Raphael Morel,France,Reims,46.53,6,2020-02-27 00:00:00,2020-09-09 00:00:00,Silver,Rock
401,Anthony White,USA,Las Vegas,80.46000000000001,10,2024-11-28 00:00:00,2025-12-13 00:00:00,Gold,Rock
402,Diego Ruiz,Spain,Barcelona,40.23,5,2025-04-18 00:00:00,2025-06-28 00:00:00,Silver,Reggae
403,Tim Schröder,Germany,Bielefeld,159.74000000000004,22,2023-01-10 00:00:00,2025-01-04 00:00:00,Platinum,Latin
404,Karen Smith,USA,Baltimore,39.6,8,2019-10-25 00:00:00,2020-05-04 00:00:00,Bronze,Rock
405,Stephanie Young,USA,Los Angeles,44.34,7,2023-05-02 00:00:00,2024-01-21 00:00:00,Silver,Rock
406,Siiri Lehtonen,Finland,Turku,27.72,6,2021-04-28 00:00:00,2021-10-28 00:00:00,Bronze,Rock
407,Richard Nelson,USA,San Antonio,82.13,12,2022-10-12 00:00:00,2024-01-28 00:00:00,Gold,Rock
408,Anna Koch,Germany,Essen,10.43,1,2025-09-18 00:00:00,2025-09-18 00:00:00,Bronze,Rock
409,Wilma Jonsson,Sweden,Malmö,66.7,7,2024-04-16 00:00:00,2024-12-11 00:00:00,Gold,Rock
410,Valentina Díaz,Chile,La Serena,182.04,24,2023-08-08 00:00:00,2025-12-13 00:00:00,Platinum,Metal
411,Lautaro Fernández,Argentina,La Plata,27.369999999999997,3,2023-08-08 00:00:00,2023-09-19 00:00:00,Bronze,Rock
412,Mariana Alves,Portugal,Almada,53.63999999999999,7,2025-04-21 00:00:00,2025-12-27 00:00:00,Silver,R&B/Soul
413,Maria Martins,Brazil,Curitiba,96.45000000000002,14,2023-10-26 00:00:00,2025-01-17 00:00:00,Gold,Blues
414,Manon Richard,France,Dijon,31.779999999999998,5,2024-11-11 00:00:00,2025-03-24 00:00:00,Bronze,Rock
415,Jade Garcia,France,Reims,85.00000000000001,13,2022-11-21 00:00:00,2024-01-24 00:00:00,Gold,World
416,Lenka Novák,Czech Republic,Olomouc,137.70999999999998,19,2023-12-22 00:00:00,2025-06-25 00:00:00,Platinum,Alternative & Punk
417,László Mészáros,Hungary,Debrecen,16.39,2,2025-11-15 00:00:00,2025-12-06 00:00:00,Bronze,Rock
418,Valeria Díaz,Spain,Seville,124.47000000000001,16,2022-11-28 00:00:00,2024-06-03 00:00:00,Platinum,Blues
419,John King,USA,Louisville,112.02000000000001,14,2024-09-28 00:00:00,2025-12-07 00:00:00,Platinum,Latin
420,Emma Klein,Germany,Frankfurt,56.91,8,2024-12-24 00:00:00,2025-10-13 00:00:00,Silver,Rock
421,Jennifer Smith,USA,San Diego,97.84,6,2024-01-25 00:00:00,2024-08-26 00:00:00,Gold,Drama
422,Santiago Gómez,Argentina,Tucumán,151.39999999999998,11,2024-11-20 00:00:00,2025-12-28 00:00:00,Platinum,TV Shows
423,Raphael Dubois,France,Toulouse,104.3,11,2025-02-17 00:00:00,2025-12-26 00:00:00,Platinum,Rock
424,Charlotte Lavoie,Canada,Vancouver,143.27,23,2022-12-28 00:00:00,2025-01-03 00:00:00,Platinum,Easy Listening
425,Léa De Smedt,Belgium,Liège,81.02000000000001,11,2024-06-04 00:00:00,2025-08-01 00:00:00,Gold,Latin
426,Alice Laurent,France,Saint-Étienne,51.32000000000001,9,2024-03-28 00:00:00,2025-02-01 00:00:00,Silver,Rock
427,Daniel García,Spain,Murcia,35.15,5,2024-12-01 00:00:00,2025-03-10 00:00:00,Bronze,Reggae
428,Clement Robert,France,Bordeaux,19.830000000000002,3,2019-01-28 00:00:00,2019-05-02 00:00:00,Bronze,Alternative & Punk
429,David Harris,USA,San Antonio,28.31,4,2025-04-03 00:00:00,2025-07-17 00:00:00,Bronze,Rock
430,Beatrice Esposito,Italy,Turin,38.25,4,2025-07-13 00:00:00,2025-11-26 00:00:00,Bronze,Rock
431,Davi Silva,Brazil,Fortaleza,55.12,10,2022-05-19 00:00:00,2023-07-28 00:00:00,Silver,Latin
432,Laura Johnson,USA,Los Angeles,21.33,3,2023-06-20 00:00:00,2023-08-02 00:00:00,Bronze,Blues
433,Sarah Huber,Austria,Dornbirn,75.44000000000001,11,2020-03-20 00:00:00,2021-07-17 00:00:00,Gold,Comedy
434,Gábor Papp,Hungary,Kecskemét,101.43999999999998,16,2024-01-07 00:00:00,2025-07-28 00:00:00,Gold,Rock
435,Barbara Garcia,USA,Los Angeles,159.32999999999996,20,2023-09-27 00:00:00,2025-12-15 00:00:00,Platinum,Rock
436,Sarah Garcia,USA,Philadelphia,62.53,10,2020-07-13 00:00:00,2021-05-07 00:00:00,Silver,Rock
437,Bruno Souza,Brazil,Campinas,125.0,16,2023-09-28 00:00:00,2025-12-28 00:00:00,Platinum,Latin
438,Michael Hill,USA,Las Vegas,60.410000000000004,12,2020-06-20 00:00:00,2021-06-09 00:00:00,Silver,Rock
439,Karen Martin,USA,Columbus,102.65999999999998,14,2024-02-12 00:00:00,2025-11-19 00:00:00,Gold,Rock
440,Sara Romano,Italy,Bologna,53.46999999999999,11,2020-09-28 00:00:00,2021-11-28 00:00:00,Silver,Alternative & Punk
441,Charlotte Tremblay,Canada,Vaughan,64.46000000000001,7,2024-11-10 00:00:00,2025-11-15 00:00:00,Silver,Rock
442,Stephanie Smith,USA,Houston,59.6,7,2025-01-04 00:00:00,2025-11-28 00:00:00,Silver,Latin
443,Niklas Steiner,Austria,Linz,57.8,6,2024-12-20 00:00:00,2025-12-22 00:00:00,Silver,Alternative & Punk
444,Sebastian Cote,Canada,Laval,58.2,7,2024-10-25 00:00:00,2025-08-10 00:00:00,Silver,Rock
445,Mary Adams,USA,Phoenix,158.89000000000001,25,2022-04-06 00:00:00,2024-08-20 00:00:00,Platinum,Latin
446,Catalina Valenzuela,Chile,Arica,,0,,,Bronze,
447,Felix Richter,Germany,Bochum,23.78,4,2021-05-06 00:00:00,2021-10-01 00:00:00,Bronze,Blues
448,Martina Pérez,Chile,Antofagasta,46.529999999999994,7,2020-09-23 00:00:00,2021-04-17 00:00:00,Silver,Alternative & Punk
449,Ella Järvinen,Finland,Vantaa,109.65999999999998,14,2024-07-12 00:00:00,2025-12-15 00:00:00,Platinum,Alternative & Punk
450,Anna Schulz,Germany,Bremen,147.94,13,2024-11-12 00:00:00,2025-11-18 00:00:00,Platinum,Drama
451,Ágnes Fekete,Hungary,Debrecen,163.46,19,2022-10-05 00:00:00,2024-12-18 00:00:00,Platinum,R&B/Soul
452,Ana Oliveira,Portugal,Porto,35.74,5,2024-07-28 00:00:00,2025-03-17 00:00:00,Bronze,Rock
453,Matheus Rodrigues,Brazil,Guarulhos,52.66,8,2025-02-28 00:00:00,2025-10-28 00:00:00,Silver,Rock
454,Louise Bernard,France,Nice,102.98,16,2019-06-24 00:00:00,2021-12-15 00:00:00,Platinum,Alternative & Punk
455,Eva Krejčí,Czech Republic,Hradec Králové,55.6,10,2022-04-19 00:00:00,2023-03-22 00:00:00,Silver,Metal
456,Laura Taylor,USA,Seattle,61.49,9,2022-10-14 00:00:00,2023-05-28 00:00:00,Silver,Rock
457,Arthur Souza,Brazil,Curitiba,54.56,9,2023-04-14 00:00:00,2023-12-03 00:00:00,Silver,Metal
458,Melissa Young,USA,San Antonio,156.36,24,2021-03-20 00:00:00,2023-07-12 00:00:00,Platinum,Metal
459,Martyna Kwiatkowski,Poland,Szczecin,89.91999999999999,17,2020-08-17 00:00:00,2022-02-03 00:00:00,Gold,Rock
460,Aino Nieminen,Finland,Pori,24.57,5,2021-10-11 00:00:00,2022-04-28 00:00:00,Bronze,Rock
461,Bruno Gomes,Brazil,São Luís,92.13000000000002,15,2021-09-01 00:00:00,2022-12-24 00:00:00,Gold,Latin
462,Fleur Van Dijk,Netherlands,The Hague,26.16,4,2022-08-20 00:00:00,2022-12-28 00:00:00,Bronze,Rock
463,Finn O'Sullivan,Ireland,Limerick,47.33,8,2023-09-22 00:00:00,2024-05-28 00:00:00,Silver,Rock
464,Emil Hansen,Norway,Drammen,149.78,23,2022-05-11 00:00:00,2025-02-06 00:00:00,Platinum,Heavy Metal
465,Olivia Martin,Canada,Saskatoon,23.980000000000004,3,2022-09-21 00:00:00,2022-11-20 00:00:00,Bronze,Rock
466,Elizabeth Nguyen,USA,Portland,162.5,18,2023-08-22 00:00:00,2024-11-18 00:00:00,Platinum,Science Fiction
467,Sara Fischer,Germany,Leipzig,10.9,2,2022-04-16 00:00:00,2022-07-01 00:00:00,Bronze,Alternative & Punk
468,Sarah Ortner,Austria,Vienna,8.94,1,2025-12-24 00:00:00,2025-12-24 00:00:00,Bronze,Metal
469,Aadhya Patel,India,Jaipur,78.09,7,2025-08-02 00:00:00,2025-12-27 00:00:00,Gold,Comedy
470,Abigail Anderson,Canada,Surrey,95.5,15,2023-08-25 00:00:00,2025-06-15 00:00:00,Gold,Latin
471,Dieter Klein,Germany,Cologne,72.29,13,2019-02-20 00:00:00,2020-05-27 00:00:00,Gold,Blues
472,Heitor Barbosa,Brazil,Goiânia,66.32999999999998,13,2019-12-17 00:00:00,2021-11-25 00:00:00,Gold,R&B/Soul
473,Jennifer Wright,USA,Baltimore,41.72,6,2025-06-28 00:00:00,2025-11-10 00:00:00,Silver,Classical
474,Monika Beneš,Czech Republic,Hradec Králové,18.97,3,2024-09-28 00:00:00,2024-11-21 00:00:00,Bronze,Rock
475,Cian Kelly,Ireland,Waterford,44.290000000000006,3,2025-08-22 00:00:00,2025-11-28 00:00:00,Silver,TV Shows
476,Karen Williams,USA,Las Vegas,56.76000000000001,10,2021-09-15 00:00:00,2022-09-20 00:00:00,Silver,Latin
477,Hanna Salo,Finland,Lahti,43.580000000000005,8,2019-04-03 00:00:00,2019-10-02 00:00:00,Silver,Rock
478,Harry Taylor,United Kingdom,Birmingham,61.5,7,2024-11-23 00:00:00,2025-05-28 00:00:00,Silver,Rock
479,Florencia Flores,Argentina,Tucumán,104.46,14,2023-12-28 00:00:00,2025-06-08 00:00:00,Platinum,Rock
480,Karen Young,USA,Columbus,44.690000000000005,6,2022-01-24 00:00:00,2022-07-22 00:00:00,Silver,Alternative & Punk
481,Stephanie Flores,USA,Denver,16.39,2,2025-12-10 00:00:00,2025-12-28 00:00:00,Bronze,Bossa Nova
482,Benjamin Carvalho,Brazil,Belo Horizonte,99.08999999999999,16,2021-07-03 00:00:00,2022-11-22 00:00:00,Gold,Rock
483,James Thomas,USA,New York,82.17999999999999,14,2019-02-03 00:00:00,2020-06-22 00:00:00,Gold,R&B/Soul
484,Valentina Pereira,Brazil,Brasília,53.64,6,2025-07-05 00:00:00,2025-12-08 00:00:00,Silver,Rock
485,Mariana Carvalho,Portugal,Funchal,7.92,2,2021-03-13 00:00:00,2021-04-11 00:00:00,Bronze,Alternative & Punk
486,William Anderson,Canada,Vancouver,28.380000000000003,4,2024-07-28 00:00:00,2024-10-14 00:00:00,Bronze,Jazz
487,Riya Mishra,India,Bhopal,119.50000000000003,17,2022-08-14 00:00:00,2024-01-15 00:00:00,Platinum,Rock
488,Nora Jensen,Norway,Tromsø,49.28,7,2022-09-04 00:00:00,2023-05-13 00:00:00,Silver,Latin
489,Liam Wilson,Canada,Markham,48.72,8,2021-04-23 00:00:00,2022-02-08 00:00:00,Silver,Rock
490,Riccardo Colombo,Italy,Verona,,0,,,Bronze,
491,Stefan Weber,Germany,Hanover,51.13,6,2024-09-06 00:00:00,2025-02-25 00:00:00,Silver,Rock
492,Nicolas Garcia,France,Strasbourg,138.28,23,2021-08-22 00:00:00,2024-02-08 00:00:00,Platinum,Rock
493,Mia Schwarz,Germany,Berlin,10.43,1,2025-08-25 00:00:00,2025-08-25 00:00:00,Bronze,Rock
494,Sharon Harris,USA,Las Vegas,7.449999999999999,2,2025-09-15 00:00:00,2025-10-28 00:00:00,Bronze,Metal
495,Melissa Smith,USA,Philadelphia,43.21,7,2025-07-10 00:00:00,2025-12-11 00:00:00,Silver,Latin
496,Sharon Taylor,USA,Nashville,99.12,12,2024-11-01 00:00:00,2025-12-08 00:00:00,Gold,Metal
497,Camille Bernard,France,Lyon,183.16,24,2022-12-28 00:00:00,2025-09-15 00:00:00,Platinum,Rock
498,Sofia Wilson,Canada,Brampton,28.710000000000004,7,2020-05-20 00:00:00,2020-11-16 00:00:00,Bronze,Jazz
499,William Wood,United Kingdom,Sunderland,56.449999999999996,12,2019-10-28 00:00:00,2020-11-15 00:00:00,Silver,Latin
500,Jessica Flores,USA,Philadelphia,223.00999999999996,33,2021-09-01 00:00:00,2025-06-09 00:00:00,Platinum,Rock
501,Molly Olsson,Sweden,Helsingborg,29.31,4,2025-08-04 00:00:00,2025-12-18 00:00:00,Bronze,Rock
502,Miguel Costa,Brazil,Campinas,56.230000000000004,8,2022-12-14 00:00:00,2023-07-24 00:00:00,Silver,Rock
503,Linda Brown,USA,Jacksonville,34.51,7,2023-03-05 00:00:00,2023-08-28 00:00:00,Bronze,Rock
504,Louis Vincent,France,Nîmes,,0,,,Bronze,
505,Lucie Simon,Belgium,Mons,71.29999999999998,11,2019-03-27 00:00:00,2019-12-16 00:00:00,Gold,Rock
506,Rafael Santos,Brazil,Salvador,106.46000000000001,14,2024-06-13 00:00:00,2025-12-23 00:00:00,Platinum,Rock
507,Michael Nelson,USA,Memphis,99.36,11,2025-03-13 00:00:00,2025-12-28 00:00:00,Gold,Rock
508,Elias Mäkinen,Finland,Tampere,103.38,18,2021-12-28 00:00:00,2023-12-15 00:00:00,Platinum,Alternative & Punk
509,Ashley Williams,USA,Jacksonville,109.89999999999999,20,2019-08-10 00:00:00,2021-04-17 00:00:00,Platinum,Rock
510,Noah Watson,United Kingdom,Bradford,100.83000000000001,12,2025-01-13 00:00:00,2025-12-25 00:00:00,Gold,Latin
511,Romain Garcia,France,Le Havre,84.02000000000001,12,2024-10-28 00:00:00,2025-12-01 00:00:00,Gold,Metal
512,Jana Horák,Czech Republic,Plzeň,69.45,14,2021-11-13 00:00:00,2023-01-27 00:00:00,Gold,Blues
513,David King,USA,Louisville,41.17,5,2023-11-09 00:00:00,2024-03-27 00:00:00,Silver,Rock
514,Rohit Patel,India,Hyderabad,134.67,23,2019-04-02 00:00:00,2021-09-07 00:00:00,Platinum,Rock
515,Inês Costa,Portugal,Amadora,69.82000000000001,12,2021-04-01 00:00:00,2022-04-11 00:00:00,Gold,Latin
516,Jack Bouchard,Canada,Markham,103.96000000000001,18,2019-02-21 00:00:00,2020-12-28 00:00:00,Platinum,Latin
517,Melissa Hill,USA,New York,46.19,7,2025-05-18 00:00:00,2025-12-22 00:00:00,Silver,Blues
518,Amelia Johnson,United Kingdom,Glasgow,119.67,8,2023-12-26 00:00:00,2024-10-05 00:00:00,Platinum,Drama
519,Anthony Green,USA,Los Angeles,,0,,,Bronze,
520,Thomas Brown,United Kingdom,Birmingham,70.77000000000001,10,2022-03-03 00:00:00,2023-06-21 00:00:00,Gold,Rock
521,Emily Adams,USA,Fort Worth,137.83999999999997,25,2021-01-28 00:00:00,2023-06-13 00:00:00,Platinum,Rock
522,Agustina Gómez,Argentina,Tucumán,44.209999999999994,6,2025-05-17 00:00:00,2025-10-28 00:00:00,Silver,Rock
523,Ella Jensen,Denmark,Frederiksberg,53.11000000000001,9,2021-10-24 00:00:00,2022-07-10 00:00:00,Silver,Rock
524,Sophie Vos,Netherlands,The Hague,64.78,14,2023-05-21 00:00:00,2024-11-05 00:00:00,Silver,Latin
525,Matthew Jones,USA,Louisville,20.86,3,2025-11-03 00:00:00,2025-12-04 00:00:00,Bronze,Rock
526,Riko Sasaki,Japan,Yokohama,73.78000000000002,10,2024-08-01 00:00:00,2025-12-01 00:00:00,Gold,Rock
527,Inès Simon,France,Nice,58.62,7,2025-05-10 00:00:00,2025-12-25 00:00:00,Silver,Jazz
528,Stephanie King,USA,Austin,157.86,23,2023-08-09 00:00:00,2025-11-20 00:00:00,Platinum,Classical
529,Beatriz Gomes,Portugal,Setúbal,47.53,8,2019-11-21 00:00:00,2020-08-12 00:00:00,Silver,Metal
530,Pablo Hernández,Spain,Palma,69.88,13,2022-01-20 00:00:00,2023-03-05 00:00:00,Gold,Latin
531,Cynthia Moore,USA,Louisville,49.510000000000005,9,2020-04-12 00:00:00,2021-03-28 00:00:00,Silver,Alternative & Punk
532,Klaus Schmidt,Germany,Munich,175.73000000000005,28,2021-11-11 00:00:00,2024-10-28 00:00:00,Platinum,Rock
533,Camille Bertrand,France,Rennes,7.45,1,2025-12-18 00:00:00,2025-12-18 00:00:00,Bronze,Metal
534,Amy White,USA,Chicago,46.529999999999994,9,2020-05-11 00:00:00,2021-02-13 00:00:00,Silver,Classical
535,Maria Pinto,Portugal,Agualva-Cacém,33.23,5,2023-02-20 00:00:00,2023-05-26 00:00:00,Bronze,Rock
536,Agustín Pérez,Argentina,La Plata,48.79000000000001,7,2023-01-10 00:00:00,2023-08-14 00:00:00,Silver,Metal
537,Oliver Pettersson,Sweden,Linköping,80.66,12,2023-05-03 00:00:00,2024-09-02 00:00:00,Gold,Rock
538,Vihaan Rao,India,Surat,38.74,4,2025-10-11 00:00:00,2025-12-28 00:00:00,Bronze,R&B/Soul
539,Sofia Tremblay,Canada,Hamilton,22.41,2,2025-11-02 00:00:00,2025-12-28 00:00:00,Bronze,TV Shows
540,Lea Vincent,France,Toulouse,129.10000000000002,10,2024-02-15 00:00:00,2024-11-14 00:00:00,Platinum,Drama
541,Anthony Flores,USA,Phoenix,28.62,5,2021-10-25 00:00:00,2022-02-01 00:00:00,Bronze,Easy Listening
542,Ethan Durand,France,Paris,87.83,15,2022-06-28 00:00:00,2023-09-01 00:00:00,Gold,Rock
543,Daniel Smith,USA,Houston,52.00000000000001,8,2023-08-13 00:00:00,2024-06-03 00:00:00,Silver,Metal
544,Joshua Wright,USA,Charlotte,173.10000000000002,16,2022-02-03 00:00:00,2023-11-07 00:00:00,Platinum,Drama
545,Amanda Moore,USA,Indianapolis,32.68,7,2020-10-03 00:00:00,2021-08-25 00:00:00,Bronze,Rock
546,Mila Brouwer,Netherlands,Amsterdam,43.57,8,2021-04-08 00:00:00,2021-12-24 00:00:00,Silver,Classical
547,Inês Rodrigues,Portugal,Almada,38.78,7,2022-12-13 00:00:00,2023-06-01 00:00:00,Bronze,Rock
548,Ethan Gagnon,Canada,Vancouver,160.45000000000002,24,2022-02-15 00:00:00,2024-03-13 00:00:00,Platinum,Latin
549,Oliver Cote,Canada,Ottawa,165.38,21,2023-07-28 00:00:00,2025-08-14 00:00:00,Platinum,Rock
550,Kathleen Brown,USA,Los Angeles,64.5,8,2024-04-28 00:00:00,2024-12-27 00:00:00,Silver,Rock
551,Laura Scott,USA,Dallas,46.44,8,2024-04-12 00:00:00,2024-08-14 00:00:00,Silver,Latin
552,Logan Brown,Canada,Winnipeg,109.89999999999998,18,2020-05-13 00:00:00,2021-09-19 00:00:00,Platinum,Rock
553,Nicolas Roux,France,Bordeaux,36.76,5,2025-06-12 00:00:00,2025-12-14 00:00:00,Bronze,Rock
554,Kento Kimura,Japan,Yokohama,8.94,1,2025-12-28 00:00:00,2025-12-28 00:00:00,Bronze,Latin
555,Shaurya Gupta,India,Pune,41.53,8,2021-08-24 00:00:00,2022-05-03 00:00:00,Silver,Rock
556,Diya Rao,India,Ahmedabad,57.03,9,2023-02-11 00:00:00,2023-11-14 00:00:00,Silver,R&B/Soul
557,Ondřej Novotný,Czech Republic,Ostrava,98.34,14,2022-03-20 00:00:00,2024-01-01 00:00:00,Gold,Latin
558,David Wilson,USA,Phoenix,55.129999999999995,6,2025-05-23 00:00:00,2025-12-21 00:00:00,Silver,Metal
559,Jessica King,USA,Denver,27.82,4,2025-02-15 00:00:00,2025-05-16 00:00:00,Bronze,Alternative & Punk
560,Léa Jacobs,Belgium,Leuven,40.57,7,2023-05-07 00:00:00,2024-02-08 00:00:00,Silver,Rock
561,Martin Pospíšil,Czech Republic,Liberec,73.77,10,2024-06-19 00:00:00,2025-12-08 00:00:00,Gold,Rock
562,Valeria Rodríguez,Spain,Barcelona,171.60000000000002,24,2023-03-05 00:00:00,2025-10-19 00:00:00,Platinum,Alternative & Punk
563,Leonardo Pereira,Brazil,Manaus,75.37,8,2024-05-28 00:00:00,2025-03-21 00:00:00,Gold,Rock
564,John Thomas,USA,Denver,40.230000000000004,5,2025-08-14 00:00:00,2025-12-14 00:00:00,Silver,Rock
565,Charles Jackson,USA,Baltimore,22.349999999999998,3,2025-03-24 00:00:00,2025-05-19 00:00:00,Bronze,Rock
566,Mila Van Dijk,Netherlands,The Hague,46.55,8,2020-05-10 00:00:00,2020-12-23 00:00:00,Silver,Rock
567,Gabriel Michel,France,Saint-Étienne,126.69,18,2023-05-15 00:00:00,2024-12-11 00:00:00,Platinum,Rock
568,Patricia Flores,USA,Baltimore,208.72000000000003,29,2021-03-21 00:00:00,2023-12-25 00:00:00,Platinum,Rock
569,Richard Williams,USA,San Antonio,14.9,2,2025-11-15 00:00:00,2025-12-25 00:00:00,Bronze,Rock
570,Karen Smith,USA,Jacksonville,165.41,23,2022-10-28 00:00:00,2025-04-01 00:00:00,Platinum,Rock
571,Valeria Gutiérrez,Spain,Madrid,102.58999999999999,20,2020-04-03 00:00:00,2022-06-25 00:00:00,Gold,Metal
572,Lucas Laurent,France,Lille,101.00999999999999,17,2020-02-23 00:00:00,2021-08-08 00:00:00,Gold,Metal
573,Chloe Laurent,France,Nantes,16.39,2,2025-09-16 00:00:00,2025-11-04 00:00:00,Bronze,Rock
574,Nóra Kovács,Hungary,Nyíregyháza,102.0,18,2020-08-09 00:00:00,2022-06-26 00:00:00,Gold,Rock
575,Michael Torres,USA,San Diego,83.68999999999998,11,2024-07-14 00:00:00,2025-05-26 00:00:00,Gold,Alternative & Punk
576,Patricia Torres,USA,Houston,80.01,6,2024-05-04 00:00:00,2024-09-13 00:00:00,Gold,TV Shows
577,Olivia Jackson,United Kingdom,Birmingham,93.08,15,2020-03-20 00:00:00,2021-06-08 00:00:00,Gold,Jazz
578,Jan Schulz,Germany,Stuttgart,58.81000000000001,9,2023-05-04 00:00:00,2024-01-28 00:00:00,Silver,Rock
579,Michael Müller,Germany,Bielefeld,120.46000000000001,9,2024-07-05 00:00:00,2025-07-28 00:00:00,Platinum,TV Shows
580,Mateusz Mazur,Poland,Poznań,13.41,3,2025-09-02 00:00:00,2025-12-18 00:00:00,Bronze,Latin
581,Linda Miller,USA,Memphis,35.269999999999996,4,2025-09-05 00:00:00,2025-12-19 00:00:00,Bronze,Rock
582,Thomas Laurent,France,Toulouse,370.67999999999995,30,2022-08-03 00:00:00,2025-12-17 00:00:00,Platinum,TV Shows
583,Samuel Martínez,Colombia,Bogotá,57.31,8,2024-12-01 00:00:00,2025-12-07 00:00:00,Silver,Metal
584,Ashley Brown,USA,Jacksonville,70.32000000000001,11,2024-09-02 00:00:00,2025-12-14 00:00:00,Gold,Rock
585,John Jones,USA,Jacksonville,118.66,18,2023-03-28 00:00:00,2025-02-16 00:00:00,Platinum,Alternative & Punk
586,Sofia Hämäläinen,Finland,Jyväskylä,97.87,13,2023-12-27 00:00:00,2025-06-22 00:00:00,Gold,Alternative & Punk
587,Daan De Boer,Netherlands,Utrecht,66.85,9,2023-02-10 00:00:00,2024-05-25 00:00:00,Gold,Rock
588,Henry Lewis,United Kingdom,Bradford,81.22000000000001,14,2019-11-25 00:00:00,2020-11-20 00:00:00,Gold,Rock
589,Charles Taylor,USA,Dallas,49.17,8,2025-03-18 00:00:00,2025-11-21 00:00:00,Silver,Rock
590,Andrea Greco,Italy,Rome,40.589999999999996,7,2020-06-11 00:00:00,2021-03-09 00:00:00,Silver,Rock
591,Lea Schröder,Germany,Frankfurt,52.62,8,2021-12-17 00:00:00,2022-09-18 00:00:00,Silver,Jazz
592,Louise Durand,France,Bordeaux,86.89000000000001,15,2022-09-18 00:00:00,2024-06-05 00:00:00,Gold,Latin
593,Lily Walker,United Kingdom,Belfast,10.43,1,2025-10-25 00:00:00,2025-10-25 00:00:00,Bronze,Rock
594,Ginevra Romano,Italy,Genoa,66.63000000000001,11,2022-09-07 00:00:00,2023-10-07 00:00:00,Gold,Rock
595,Hannah Hoffmann,Germany,Düsseldorf,22.93,4,2024-07-25 00:00:00,2025-03-23 00:00:00,Bronze,Rock
596,Valeria González,Spain,Zaragoza,14.19,2,2024-11-06 00:00:00,2024-12-24 00:00:00,Bronze,Hip Hop/Rap
597,Ava Jansen,Netherlands,Breda,36.39,5,2022-11-19 00:00:00,2023-12-28 00:00:00,Bronze,Metal
598,Gustavo Almeida,Brazil,Curitiba,43.81,7,2022-07-03 00:00:00,2023-03-01 00:00:00,Silver,Latin
599,Lucas Jensen,Norway,Oslo,21.81,4,2022-03-28 00:00:00,2022-12-01 00:00:00,Bronze,Rock
600,Aoife O'Doherty,Ireland,Cork,141.05,20,2022-06-03 00:00:00,2024-10-24 00:00:00,Platinum,Latin
601,Tomáš Horáček,Czech Republic,Prague,170.09,18,2023-08-07 00:00:00,2025-08-27 00:00:00,Platinum,Rock
602,Mariana Pereira,Portugal,Amadora,61.3,11,2023-04-19 00:00:00,2024-03-22 00:00:00,Silver,Rock
603,Jack Thomas,Canada,Mississauga,43.92999999999999,7,2022-10-06 00:00:00,2023-09-28 00:00:00,Silver,Rock
604,Jennifer Jackson,USA,Philadelphia,44.56,10,2020-03-01 00:00:00,2021-06-01 00:00:00,Silver,Rock
605,Barbara Adams,USA,Portland,109.29000000000002,15,2021-11-21 00:00:00,2023-01-20 00:00:00,Platinum,Metal
606,Deepak Mehta,India,Chennai,28.34,4,2022-04-17 00:00:00,2022-07-17 00:00:00,Bronze,R&B/Soul
607,Jakub Šimánek,Czech Republic,Olomouc,80.17999999999999,10,2024-10-13 00:00:00,2025-11-23 00:00:00,Gold,Latin
608,Matthew Harris,USA,Indianapolis,,0,,,Bronze,
609,Melissa Torres,USA,Las Vegas,99.16,16,2022-04-17 00:00:00,2024-01-08 00:00:00,Gold,Alternative & Punk
610,Roisín O'Doherty,Ireland,Bray,103.06,15,2024-03-28 00:00:00,2025-11-22 00:00:00,Platinum,Jazz
611,Liam Lavoie,Canada,Edmonton,140.8,26,2020-11-16 00:00:00,2023-06-13 00:00:00,Platinum,Rock
612,Noah Smit,Netherlands,The Hague,85.18,14,2021-02-20 00:00:00,2022-04-18 00:00:00,Gold,Rock
613,Ava Walker,United Kingdom,Glasgow,144.76,19,2021-12-20 00:00:00,2023-09-07 00:00:00,Platinum,Rock
614,Melissa Harris,USA,Louisville,53.63999999999999,7,2025-02-11 00:00:00,2025-10-28 00:00:00,Silver,Rock
615,Oscar Wilson,United Kingdom,Leicester,92.32000000000001,11,2024-03-19 00:00:00,2025-06-22 00:00:00,Gold,Rock
616,Sarah Young,USA,Indianapolis,92.58000000000001,13,2022-01-25 00:00:00,2023-05-16 00:00:00,Gold,Rock
617,Avery Smith,Canada,Vaughan,51.660000000000004,5,2025-06-27 00:00:00,2025-12-06 00:00:00,Silver,Alternative
618,Julia Smit,Netherlands,Nijmegen,61.92,9,2024-01-14 00:00:00,2024-11-05 00:00:00,Silver,Metal
619,Olivia Clarke,Canada,Vaughan,8.73,2,2023-12-20 00:00:00,2024-03-21 00:00:00,Bronze,Rock
620,Laura Ortner,Austria,Innsbruck,52.480000000000004,9,2020-02-07 00:00:00,2020-09-18 00:00:00,Silver,Metal
621,Vikram Kumar,India,Pune,7.45,1,2025-12-13 00:00:00,2025-12-13 00:00:00,Bronze,Alternative & Punk
622,Martina García,Argentina,Rosario,,0,,,Bronze,
623,Alejandro Martínez,Spain,Murcia,98.91,13,2024-04-28 00:00:00,2025-11-06 00:00:00,Gold,Latin
624,Sharon Moore,USA,San Antonio,35.65,6,2020-02-11 00:00:00,2020-10-02 00:00:00,Bronze,Blues
625,Thomas Adams,USA,New York,72.63000000000001,12,2023-07-06 00:00:00,2024-08-06 00:00:00,Gold,Metal
626,Jade Morel,France,Angers,85.9,12,2023-03-13 00:00:00,2024-03-03 00:00:00,Gold,Rock
627,Edoardo Marino,Italy,Bologna,36.31,5,2023-11-15 00:00:00,2024-05-15 00:00:00,Bronze,Rock
628,Jakob Hansen,Norway,Oslo,37.25,3,2025-02-17 00:00:00,2025-05-07 00:00:00,Bronze,World
629,William Scott,Australia,Melbourne,77.54,12,2022-08-27 00:00:00,2024-07-10 00:00:00,Gold,R&B/Soul
630,Michael Smith,USA,San Antonio,86.31,10,2024-11-28 00:00:00,2025-11-07 00:00:00,Gold,Alternative
631,Andrew Nelson,USA,Los Angeles,32.67,7,2019-04-12 00:00:00,2019-12-16 00:00:00,Bronze,Rock
632,Rafael Pereira,Brazil,Fortaleza,50.66,6,2025-06-07 00:00:00,2025-11-10 00:00:00,Silver,Rock
633,Joaquín Pérez,Argentina,Santa Fe,57.25000000000001,10,2021-04-06 00:00:00,2022-02-27 00:00:00,Silver,Metal
634,Lucas Brown,Australia,Gold Coast,52.32,8,2022-03-17 00:00:00,2022-12-03 00:00:00,Silver,Rock
635,Zuzanna Wojciechowski,Poland,Warsaw,46.19,6,2025-07-07 00:00:00,2025-12-20 00:00:00,Silver,Hip Hop/Rap
636,Henry Smith,United Kingdom,Cardiff,164.93000000000004,27,2020-09-25 00:00:00,2024-08-13 00:00:00,Platinum,Classical
637,James Wilson,USA,Memphis,146.32999999999998,21,2021-12-11 00:00:00,2023-12-08 00:00:00,Platinum,Alternative & Punk
638,Abigail Anderson,Canada,Brampton,77.41,12,2022-03-06 00:00:00,2023-07-12 00:00:00,Gold,Rock
639,Amelia Roy,Canada,Vancouver,47.19,6,2025-06-16 00:00:00,2025-12-07 00:00:00,Silver,Rock
640,Finn Zimmermann,Germany,Leipzig,87.91,10,2025-01-12 00:00:00,2025-12-21 00:00:00,Gold,Alternative & Punk
641,Emily Allen,USA,Jacksonville,34.27,5,2025-02-06 00:00:00,2025-05-21 00:00:00,Bronze,Metal
642,Sofia Turunen,Finland,Helsinki,107.16999999999999,11,2024-12-05 00:00:00,2025-11-22 00:00:00,Platinum,Soundtrack
643,Ashley Wright,USA,Seattle,70.13000000000001,14,2021-07-08 00:00:00,2022-08-12 00:00:00,Gold,Rock
644,Baptiste Garcia,France,Reims,20.86,3,2025-05-28 00:00:00,2025-12-22 00:00:00,Bronze,Rock
645,Rita Jesus,Portugal,Setúbal,23.839999999999996,3,2025-09-28 00:00:00,2025-12-24 00:00:00,Bronze,Rock
646,Ananya Singh,India,Ahmedabad,36.76,4,2025-08-28 00:00:00,2025-11-28 00:00:00,Bronze,Rock
647,Matthew Young,USA,Portland,58.68,8,2024-07-08 00:00:00,2025-05-16 00:00:00,Silver,Latin
648,Aadhya Srivastava,India,Bangalore,113.39999999999999,17,2020-12-04 00:00:00,2022-12-23 00:00:00,Platinum,Rock
649,Laura Sousa,Brazil,São Luís,56.860000000000014,8,2023-11-11 00:00:00,2024-06-12 00:00:00,Silver,Rock
650,Olivia Taylor,Canada,Brampton,177.86999999999998,32,2019-02-09 00:00:00,2022-10-28 00:00:00,Platinum,Metal
651,John Thomas,USA,San Antonio,100.68,16,2022-12-03 00:00:00,2024-05-22 00:00:00,Gold,Rock
652,Yuki Yamada,Japan,Yokohama,111.03999999999999,12,2024-09-25 00:00:00,2025-10-27 00:00:00,Platinum,Rock
653,Emilie Johnsen,Norway,Stavanger,94.64,13,2023-05-04 00:00:00,2024-05-28 00:00:00,Gold,Rock
654,Harry White,United Kingdom,Manchester,84.52,10,2023-09-18 00:00:00,2024-07-14 00:00:00,Gold,Sci Fi & Fantasy
655,Tim Peters,Netherlands,Almere,14.170000000000002,3,2022-09-13 00:00:00,2022-12-06 00:00:00,Bronze,Rock And Roll
656,Emma Petit,France,Reims,50.49,8,2019-08-04 00:00:00,2020-07-23 00:00:00,Silver,Latin
657,Bruno Santos,Brazil,Fortaleza,163.11999999999992,30,2020-12-10 00:00:00,2024-03-25 00:00:00,Platinum,Rock
658,John Hill,USA,Fort Worth,110.62,14,2023-03-28 00:00:00,2024-05-13 00:00:00,Platinum,Rock
659,Elizabeth Wilson,Canada,Laval,54.18,8,2024-01-13 00:00:00,2024-09-11 00:00:00,Silver,Latin
660,André Jesus,Portugal,Porto,117.17999999999999,14,2024-07-14 00:00:00,2025-12-05 00:00:00,Platinum,Rock
661,Jessica Harris,USA,San Antonio,90.99000000000001,12,2022-01-28 00:00:00,2023-02-20 00:00:00,Gold,Rock
662,Riko Yamada,Japan,Kyoto,100.22999999999999,18,2020-11-28 00:00:00,2022-03-17 00:00:00,Gold,Rock
663,Amanda Young,USA,San Diego,20.64,3,2024-04-28 00:00:00,2024-05-28 00:00:00,Bronze,Metal
664,Łukasz Lewandowski,Poland,Lublin,48.67999999999999,7,2025-03-25 00:00:00,2025-12-17 00:00:00,Silver,Rock
665,Eduardo Silva,Brazil,Brasília,95.65,11,2024-09-24 00:00:00,2025-11-11 00:00:00,Gold,Rock
666,Charlotte Taylor,Canada,Brampton,20.86,2,2025-10-17 00:00:00,2025-11-07 00:00:00,Bronze,Jazz
667,Davi Lopes,Brazil,Rio de Janeiro,105.22999999999999,14,2022-11-28 00:00:00,2024-01-28 00:00:00,Platinum,Rock
668,Jakob Karlsen,Norway,Kristiansand,61.0,12,2020-11-14 00:00:00,2022-02-21 00:00:00,Silver,Alternative & Punk
669,Aiden Clarke,Canada,Brampton,131.74,19,2023-10-10 00:00:00,2025-11-16 00:00:00,Platinum,Jazz
670,Louis Dubois,France,Angers,25.33,6,2025-06-16 00:00:00,2025-12-11 00:00:00,Bronze,Pop
671,Alexandre Moreau,France,Toulouse,53.64,6,2025-06-08 00:00:00,2025-12-28 00:00:00,Silver,Rock
672,Alejandro Ramírez,Colombia,Cúcuta,16.39,2,2025-12-07 00:00:00,2025-12-26 00:00:00,Bronze,Alternative & Punk
673,Susan Wilson,USA,Las Vegas,30.77,4,2024-02-24 00:00:00,2024-08-18 00:00:00,Bronze,Alternative & Punk
674,Patricia Green,USA,Phoenix,162.84,24,2023-02-19 00:00:00,2025-04-17 00:00:00,Platinum,Blues
675,Oliver Magnusson,Sweden,Örebro,45.559999999999995,12,2021-05-07 00:00:00,2022-07-16 00:00:00,Silver,Rock
676,Oliver Anderson,Australia,Adelaide,125.22,16,2024-04-18 00:00:00,2025-11-06 00:00:00,Platinum,Alternative & Punk
677,Mateo Martínez,Argentina,Tucumán,80.05,13,2021-05-25 00:00:00,2022-10-28 00:00:00,Gold,Rock
678,Amelia Leblanc,Canada,Laval,18.53,4,2022-01-05 00:00:00,2022-06-24 00:00:00,Bronze,Metal
679,Linda Wilson,USA,San Antonio,21.32,3,2022-11-18 00:00:00,2023-01-13 00:00:00,Bronze,Rock
680,Daniel Smith,United Kingdom,Bradford,75.77000000000001,9,2024-09-23 00:00:00,2025-07-07 00:00:00,Gold,Latin
681,Liam Moreau,France,Reims,50.14000000000001,9,2022-02-23 00:00:00,2022-09-28 00:00:00,Silver,Electronica/Dance
682,Aleksi Turunen,Finland,Tampere,59.410000000000004,9,2023-03-02 00:00:00,2023-09-26 00:00:00,Silver,Rock
683,Linda White,USA,Chicago,53.510000000000005,9,2021-11-09 00:00:00,2022-10-22 00:00:00,Silver,Reggae
684,Jack Walker,Australia,Brisbane,84.13,10,2024-11-18 00:00:00,2025-11-28 00:00:00,Gold,Rock
685,Maria Sousa,Brazil,Campinas,161.05999999999997,22,2022-05-01 00:00:00,2024-08-10 00:00:00,Platinum,Rock
686,Catarina Santos,Portugal,Setúbal,75.77,14,2020-08-16 00:00:00,2022-04-18 00:00:00,Gold,Rock
687,Stephanie Jackson,USA,Memphis,85.11999999999999,11,2023-09-04 00:00:00,2024-10-28 00:00:00,Gold,Latin
688,Isabella Díaz,Chile,Concepción,96.85,12,2021-12-28 00:00:00,2023-01-11 00:00:00,Gold,Latin
689,Chloe Simon,France,Marseille,132.37,19,2023-05-25 00:00:00,2024-10-15 00:00:00,Platinum,Rock
690,Joseph Thomas,USA,Baltimore,22.35,5,2025-08-27 00:00:00,2025-11-12 00:00:00,Bronze,Rock
691,Inès Lambert,Belgium,Leuven,60.6,5,2025-07-10 00:00:00,2025-12-13 00:00:00,Silver,Rock
692,Ethan Tremblay,Canada,London,110.21999999999998,13,2024-04-28 00:00:00,2025-11-28 00:00:00,Platinum,Alternative & Punk
693,Michal Novák,Czech Republic,Ústí nad Labem,240.80999999999997,38,2021-06-06 00:00:00,2025-02-11 00:00:00,Platinum,Rock
694,Jackson Cote,Canada,Markham,76.48,11,2023-05-19 00:00:00,2024-01-17 00:00:00,Gold,Rock
695,Joana Ferreira,Portugal,Almada,168.55,20,2023-08-06 00:00:00,2025-09-17 00:00:00,Platinum,Metal
696,Santiago Castillo,Colombia,Santa Marta,33.79,5,2022-05-14 00:00:00,2022-12-11 00:00:00,Bronze,Metal
697,Zuzanna Piotrowiak,Poland,Szczecin,63.94,8,2024-07-02 00:00:00,2025-07-20 00:00:00,Silver,Metal
698,Florencia Hernández,Chile,Antofagasta,155.97,21,2024-01-08 00:00:00,2025-12-28 00:00:00,Platinum,Rock
699,Manuela Carvalho,Brazil,Salvador,133.72,20,2022-06-13 00:00:00,2024-07-05 00:00:00,Platinum,Blues
700,Kathleen Adams,USA,Las Vegas,83.17,16,2020-02-22 00:00:00,2021-08-17 00:00:00,Gold,Rock
701,Antoine Morel,France,Toulon,52.839999999999996,8,2024-12-25 00:00:00,2025-10-20 00:00:00,Silver,R&B/Soul
702,Filip Mazur,Poland,Poznań,112.8,9,2024-08-14 00:00:00,2025-11-03 00:00:00,Platinum,TV Shows
703,Inês Pereira,Portugal,Porto,89.18,12,2024-04-28 00:00:00,2025-06-20 00:00:00,Gold,Rock
704,Liam Moreau,France,Rennes,174.53,24,2021-08-22 00:00:00,2024-10-06 00:00:00,Platinum,Latin
705,Mikael Turunen,Finland,Oulu,193.46,25,2023-02-19 00:00:00,2025-12-01 00:00:00,Platinum,Alternative & Punk
706,Freddie Lewis,United Kingdom,Sunderland,37.25,5,2025-10-09 00:00:00,2025-12-28 00:00:00,Bronze,Metal
707,Benjamin Alves,Brazil,Salvador,81.25999999999999,11,2024-12-09 00:00:00,2025-11-01 00:00:00,Gold,Latin
708,Sofia Pereira,Portugal,Coimbra,79.67,15,2021-05-24 00:00:00,2022-07-25 00:00:00,Gold,Alternative & Punk
709,Kevin Garcia,USA,Los Angeles,187.48999999999998,30,2021-05-28 00:00:00,2024-11-03 00:00:00,Platinum,Alternative & Punk
710,Michael Anderson,USA,Las Vegas,85.75999999999999,16,2021-02-02 00:00:00,2022-10-22 00:00:00,Gold,Heavy Metal
711,Daniel Quinn,Ireland,Navan,165.99000000000004,24,2022-01-03 00:00:00,2024-02-28 00:00:00,Platinum,Rock
712,Patricia Martin,USA,New York,33.82,4,2023-10-17 00:00:00,2024-01-08 00:00:00,Bronze,Rock
713,Lucas Anderson,Australia,Sunshine Coast,57.29,10,2024-05-05 00:00:00,2025-08-02 00:00:00,Silver,Alternative & Punk
714,Mason Lavoie,Canada,London,71.31,12,2019-08-28 00:00:00,2020-08-01 00:00:00,Gold,Rock
715,Gábor Nagy,Hungary,Pécs,81.15,11,2023-04-28 00:00:00,2024-02-28 00:00:00,Gold,Alternative & Punk
716,Nicolás Rojas,Chile,La Serena,93.27999999999999,12,2023-06-23 00:00:00,2025-01-11 00:00:00,Gold,Alternative & Punk
717,Matthew Wilson,USA,Denver,,0,,,Bronze,
718,Stefan Schulz,Germany,Bielefeld,16.39,2,2025-10-20 00:00:00,2025-11-11 00:00:00,Bronze,Rock
719,Chloe Lefebvre,France,Rennes,34.65,7,2019-10-18 00:00:00,2020-04-23 00:00:00,Bronze,Metal
720,Hannah Schwarz,Austria,Wels,15.850000000000001,4,2020-10-21 00:00:00,2021-02-01 00:00:00,Bronze,Rock
721,Jacob Williams,United Kingdom,Belfast,73.5,10,2024-09-27 00:00:00,2025-11-26 00:00:00,Gold,Rock
722,Mark Smith,USA,New York,152.63000000000002,22,2023-04-24 00:00:00,2025-10-09 00:00:00,Platinum,Alternative & Punk
723,Klara Eriksson,Sweden,Uppsala,82.95,9,2025-05-14 00:00:00,2025-12-11 00:00:00,Gold,Rock
724,Ethan Dubois,France,Strasbourg,77.55,9,2024-11-10 00:00:00,2025-08-15 00:00:00,Gold,Rock
725,Sara Schröder,Germany,Cologne,20.79,4,2021-06-17 00:00:00,2021-10-03 00:00:00,Bronze,Rock
726,Lena Müller,Germany,Berlin,10.9,3,2022-02-28 00:00:00,2022-06-11 00:00:00,Bronze,Latin
727,Jessica Torres,USA,Las Vegas,168.31,27,2019-05-07 00:00:00,2021-08-25 00:00:00,Platinum,Rock And Roll
728,Gabriel Carvalho,Brazil,Brasília,113.44,17,2022-06-19 00:00:00,2024-03-28 00:00:00,Platinum,Rock
729,Jack Lavoie,Canada,Montreal,17.88,2,2025-09-18 00:00:00,2025-11-20 00:00:00,Bronze,Easy Listening
730,Kathleen Hill,USA,Las Vegas,78.97,10,2024-12-01 00:00:00,2025-12-07 00:00:00,Gold,Reggae
731,Stephanie Jones,USA,Phoenix,59.0,7,2024-11-08 00:00:00,2025-07-12 00:00:00,Silver,Metal
732,Leo Thompson,Australia,Newcastle,56.80000000000001,10,2022-01-23 00:00:00,2023-01-28 00:00:00,Silver,Metal
733,Sharon Jackson,USA,Charlotte,41.42000000000001,6,2022-04-21 00:00:00,2022-10-11 00:00:00,Silver,Metal
734,Ana Almeida,Portugal,Setúbal,34.51,5,2023-07-17 00:00:00,2023-12-28 00:00:00,Bronze,Rock
735,Lisa Pichler,Austria,Villach,72.5,11,2024-10-28 00:00:00,2025-12-27 00:00:00,Gold,Metal
736,Tim Schröder,Germany,Stuttgart,25.1,3,2023-12-14 00:00:00,2024-02-12 00:00:00,Bronze,Rock
737,Lena Hofer,Austria,Villach,46.230000000000004,6,2023-07-10 00:00:00,2023-11-11 00:00:00,Silver,Alternative & Punk
738,Paul Jones,USA,Phoenix,69.39000000000001,10,2024-03-21 00:00:00,2025-04-18 00:00:00,Gold,Rock
739,Cynthia Wright,USA,Phoenix,89.25,13,2024-01-08 00:00:00,2025-05-16 00:00:00,Gold,Latin
740,Matthew Adams,USA,Dallas,30.96,4,2024-05-24 00:00:00,2024-08-19 00:00:00,Bronze,Rock
741,Lily Lewis,United Kingdom,Edinburgh,64.58,8,2025-04-10 00:00:00,2025-11-12 00:00:00,Silver,Latin
742,Alfie Jackson,United Kingdom,Belfast,89.7,14,2020-06-28 00:00:00,2022-04-11 00:00:00,Gold,Blues
743,Alice Santos,Brazil,Belo Horizonte,47.52,8,2019-07-12 00:00:00,2020-06-25 00:00:00,Silver,Latin
744,Joaquín Rodríguez,Chile,Temuco,98.00999999999999,13,2024-04-11 00:00:00,2025-08-05 00:00:00,Gold,Metal
745,Olivia Taylor,Australia,Cairns,125.97,17,2022-12-18 00:00:00,2024-08-08 00:00:00,Platinum,Rock
746,Amanda Thomas,USA,Austin,48.5,7,2023-08-11 00:00:00,2024-02-17 00:00:00,Silver,Metal
747,Harry Evans,United Kingdom,Leeds,45.22,7,2023-03-28 00:00:00,2023-10-28 00:00:00,Silver,Rock
748,William Johnson,Canada,Toronto,19.93,4,2022-11-09 00:00:00,2023-04-02 00:00:00,Bronze,Rock
749,Catalina López,Chile,Chillán,38.660000000000004,7,2022-07-15 00:00:00,2023-06-08 00:00:00,Bronze,Rock
750,Harper Clarke,Canada,Edmonton,26.689999999999998,4,2023-12-06 00:00:00,2024-03-21 00:00:00,Bronze,Rock
751,Finn Koch,Germany,Bochum,261.64,22,2023-09-04 00:00:00,2025-12-28 00:00:00,Platinum,TV Shows
752,Joshua Taylor,USA,Denver,44.690000000000005,6,2022-01-22 00:00:00,2022-07-18 00:00:00,Silver,Rock
753,Henry Williams,United Kingdom,Leeds,89.39999999999999,9,2025-02-07 00:00:00,2025-12-24 00:00:00,Gold,Rock
754,Clement Laurent,France,Nantes,124.47000000000001,18,2023-07-20 00:00:00,2025-10-27 00:00:00,Platinum,Rock
755,Kathleen Johnson,USA,Denver,117.34999999999998,16,2023-03-28 00:00:00,2024-09-13 00:00:00,Platinum,Rock
756,Manon Durand,France,Reims,56.43000000000001,12,2019-11-06 00:00:00,2020-10-12 00:00:00,Silver,Latin
757,Sergio Martín,Spain,Barcelona,,0,,,Bronze,
758,Aada Mäkinen,Finland,Turku,57.31,8,2024-12-24 00:00:00,2025-06-05 00:00:00,Silver,Pop
759,Benjamin Morales,Chile,Arica,17.88,3,2025-11-06 00:00:00,2025-12-22 00:00:00,Bronze,Rock
760,Richard Anderson,USA,Denver,50.49,7,2021-03-16 00:00:00,2021-11-19 00:00:00,Silver,Alternative & Punk
761,Lukas Schäfer,Germany,Hamburg,199.71999999999997,26,2023-04-12 00:00:00,2025-11-20 00:00:00,Platinum,Blues
762,Lucas Michel,Belgium,Ghent,20.81,4,2020-07-09 00:00:00,2020-09-04 00:00:00,Bronze,Rock And Roll
763,Ava Lee,Canada,Vancouver,211.39,31,2022-02-23 00:00:00,2025-06-11 00:00:00,Platinum,Rock
764,Sem Peters,Netherlands,Eindhoven,72.15,8,2021-08-28 00:00:00,2022-08-01 00:00:00,Gold,Sci Fi & Fantasy
765,Pavel Pokorný,Czech Republic,Liberec,34.51,5,2023-01-28 00:00:00,2023-06-01 00:00:00,Bronze,Rock
766,Mark Garcia,USA,Chicago,42.300000000000004,4,2024-07-22 00:00:00,2024-10-26 00:00:00,Silver,TV Shows
767,Łukasz Kamiński,Poland,Gdańsk,49.849999999999994,7,2022-09-24 00:00:00,2023-02-02 00:00:00,Silver,Alternative & Punk
768,Paul Neumann,Germany,Bremen,60.4,14,2019-03-14 00:00:00,2020-03-28 00:00:00,Silver,Rock
769,Michael Bauer,Germany,Cologne,22.52,3,2023-07-23 00:00:00,2023-09-15 00:00:00,Bronze,Rock
770,Amelia Cote,Canada,Brampton,14.190000000000001,2,2024-09-23 00:00:00,2024-10-16 00:00:00,Bronze,Rock
771,Caio Fernandes,Brazil,Campinas,108.68,15,2022-07-06 00:00:00,2024-07-24 00:00:00,Platinum,Rock
772,Noah Wagner,Germany,Düsseldorf,145.22999999999996,20,2023-10-20 00:00:00,2025-11-16 00:00:00,Platinum,Rock
773,Pedro Alves,Brazil,Belo Horizonte,91.25,16,2021-01-03 00:00:00,2022-09-09 00:00:00,Gold,Rock
774,Andreas Wagner,Germany,Frankfurt,96.90999999999998,14,2024-02-14 00:00:00,2025-10-14 00:00:00,Gold,Latin
775,Michael Anderson,USA,Chicago,42.57,6,2024-03-09 00:00:00,2024-10-05 00:00:00,Silver,World
776,Valentina Barbosa,Brazil,Manaus,85.46000000000001,13,2022-05-03 00:00:00,2023-09-05 00:00:00,Gold,Alternative & Punk
777,Astrid Jacobsen,Norway,Trondheim,22.77,4,2021-08-07 00:00:00,2021-11-08 00:00:00,Bronze,Rock
778,Emily Taylor,USA,Louisville,44.68,7,2021-06-01 00:00:00,2022-02-12 00:00:00,Silver,World
779,Ava Brown,Canada,Vancouver,171.26999999999995,21,2024-02-01 00:00:00,2025-12-15 00:00:00,Platinum,Rock
780,Arthur Lima,Brazil,Belém,93.9,10,2021-06-23 00:00:00,2022-05-07 00:00:00,Gold,TV Shows
781,Lucía Romero,Spain,Barcelona,18.06,3,2024-04-01 00:00:00,2024-06-10 00:00:00,Bronze,Latin
782,Patrycja Wiśniewski,Poland,Łódź,38.62,7,2020-03-05 00:00:00,2021-05-28 00:00:00,Bronze,Rock
783,Kiara Reddy,India,Visakhapatnam,54.22,5,2022-11-23 00:00:00,2023-05-14 00:00:00,Silver,Drama
784,Rebecca Young,USA,San Antonio,84.85999999999999,10,2023-11-28 00:00:00,2024-11-24 00:00:00,Gold,Rock
785,Tommaso Giordano,Italy,Rome,66.34,12,2019-11-14 00:00:00,2021-01-02 00:00:00,Gold,Rock
786,Ana Pinto,Portugal,Coimbra,94.56,12,2023-04-27 00:00:00,2024-10-15 00:00:00,Gold,Rock
787,Elizabeth Lee,Canada,Markham,50.17,7,2025-04-11 00:00:00,2025-12-14 00:00:00,Silver,Rock
788,Ashley Jones,USA,Dallas,29.270000000000003,4,2023-10-03 00:00:00,2024-02-08 00:00:00,Bronze,Rock
789,Richard Williams,USA,Austin,11.879999999999999,2,2020-12-12 00:00:00,2021-02-27 00:00:00,Bronze,Alternative & Punk
790,Thomas Thompson,USA,San Jose,11.43,1,2025-12-28 00:00:00,2025-12-28 00:00:00,Bronze,Rock
791,Sara Jiménez,Spain,Bilbao,114.44999999999997,15,2023-10-07 00:00:00,2025-07-26 00:00:00,Platinum,Rock
792,Davi Barbosa,Brazil,Belo Horizonte,300.3399999999999,38,2022-03-09 00:00:00,2025-11-28 00:00:00,Platinum,Rock
793,Sebastian Cote,Canada,Vaughan,104.38,13,2023-10-02 00:00:00,2024-12-15 00:00:00,Platinum,Rock
794,James Roy,Canada,Hamilton,68.81,11,2022-05-08 00:00:00,2023-10-11 00:00:00,Gold,Jazz
795,Olivia Smith,United Kingdom,Glasgow,97.23000000000002,14,2022-02-16 00:00:00,2023-03-07 00:00:00,Gold,Rock
796,Stephanie Johnson,USA,Baltimore,46.190000000000005,5,2025-07-11 00:00:00,2025-12-11 00:00:00,Silver,Latin
797,Arthur Sousa,Brazil,Manaus,70.62,11,2021-03-07 00:00:00,2022-07-17 00:00:00,Gold,Metal
798,Nuno Alves,Portugal,Lisbon,41.76,7,2022-10-28 00:00:00,2023-08-28 00:00:00,Silver,Metal
799,Finn Wagner,Germany,Hamburg,116.32,12,2022-04-04 00:00:00,2023-03-14 00:00:00,Platinum,TV Shows
800,Freddie Watson,United Kingdom,Leicester,91.1,12,2023-12-04 00:00:00,2025-01-21 00:00:00,Gold,Latin
801,Robert Jackson,USA,Houston,27.369999999999997,7,2023-05-28 00:00:00,2023-11-15 00:00:00,Bronze,Rock
802,Piotr Kwiatkowski,Poland,Szczecin,54.18000000000001,8,2024-06-08 00:00:00,2024-12-11 00:00:00,Silver,Pop
803,Daniel Smith,United Kingdom,Liverpool,49.17,7,2025-05-08 00:00:00,2025-11-24 00:00:00,Silver,Rock
804,Viktor Eriksson,Sweden,Västerås,8.94,2,2025-11-17 00:00:00,2025-11-22 00:00:00,Bronze,Rock
805,Kateřina Novotný,Czech Republic,Ostrava,74.65,8,2023-03-13 00:00:00,2023-08-18 00:00:00,Gold,Drama
806,Neha Mishra,India,Kolkata,60.400000000000006,10,2019-11-15 00:00:00,2021-01-22 00:00:00,Silver,Rock
807,Liam Bernard,France,Lille,71.3,12,2020-12-02 00:00:00,2021-12-15 00:00:00,Gold,Rock
808,Sofia Gomes,Brazil,Brasília,115.13999999999999,17,2023-09-23 00:00:00,2025-04-04 00:00:00,Platinum,Heavy Metal
809,Stephanie Nelson,USA,Las Vegas,96.28,12,2022-10-28 00:00:00,2023-10-03 00:00:00,Gold,Classical
810,Richard Young,USA,New York,13.09,2,2023-08-09 00:00:00,2023-10-02 00:00:00,Bronze,Latin
811,Markus Richter,Germany,Cologne,44.96,5,2024-06-28 00:00:00,2024-11-11 00:00:00,Silver,Rock
812,Emil Jensen,Denmark,Copenhagen,127.68,17,2024-01-28 00:00:00,2025-09-05 00:00:00,Platinum,Rock
813,Benjamin Carvalho,Brazil,Porto Alegre,72.19,10,2024-03-28 00:00:00,2025-07-16 00:00:00,Gold,Alternative & Punk
814,Sofia Jensen,Denmark,Randers,83.66999999999999,13,2022-07-16 00:00:00,2023-10-27 00:00:00,Gold,Rock
815,Tim Klein,Germany,Düsseldorf,60.199999999999996,9,2022-11-22 00:00:00,2023-09-03 00:00:00,Silver,Rock
816,Miguel Jesus,Portugal,Viseu,57.120000000000005,8,2023-01-18 00:00:00,2023-08-26 00:00:00,Silver,Rock
817,Elijah Wilson,Canada,Halifax,61.77,10,2022-09-19 00:00:00,2023-03-23 00:00:00,Silver,Rock
818,Tim Koch,Germany,Bielefeld,,0,,,Bronze,
819,Nathan Jacobs,Belgium,Brussels,76.19999999999999,12,2021-09-21 00:00:00,2022-11-03 00:00:00,Gold,Rock
820,Ava Smith,Australia,Gold Coast,159.89000000000001,20,2024-05-25 00:00:00,2025-11-27 00:00:00,Platinum,Metal
821,Mark Moore,USA,Las Vegas,18.95,3,2023-06-23 00:00:00,2023-12-20 00:00:00,Bronze,Rock
822,Matheus Lima,Brazil,Manaus,37.9,4,2023-05-28 00:00:00,2023-09-19 00:00:00,Bronze,Rock
823,Anna Olsen,Denmark,Odense,63.120000000000005,10,2024-03-28 00:00:00,2025-01-22 00:00:00,Silver,Rock
824,Ana Sousa,Portugal,Agualva-Cacém,140.13000000000002,17,2023-12-02 00:00:00,2025-12-27 00:00:00,Platinum,Rock
825,Noah Dahl,Norway,Tromsø,129.38000000000002,19,2021-12-22 00:00:00,2023-12-27 00:00:00,Platinum,Alternative & Punk
826,Sean O'Neill,Ireland,Galway,44.19,8,2021-12-28 00:00:00,2022-12-01 00:00:00,Silver,Rock
827,Catarina Gonçalves,Portugal,Braga,5.16,1,2024-07-26 00:00:00,2024-07-26 00:00:00,Bronze,Latin
828,Olivia Andreassen,Norway,Sarpsborg,56.21000000000001,8,2022-07-18 00:00:00,2023-01-14 00:00:00,Silver,Latin
829,William Wilson,USA,Houston,83.0,15,2020-11-27 00:00:00,2022-05-22 00:00:00,Gold,Rock
830,Evelyn Cote,Canada,Brampton,99.05999999999999,12,2023-11-27 00:00:00,2024-09-10 00:00:00,Gold,Rock
831,Elizabeth Green,USA,Columbus,113.18999999999997,17,2023-12-07 00:00:00,2025-06-04 00:00:00,Platinum,Rock
832,David White,USA,Louisville,145.41,24,2022-05-13 00:00:00,2024-04-13 00:00:00,Platinum,Alternative & Punk
833,Amelia Brown,United Kingdom,Leeds,,0,,,Bronze,
834,John Jackson,USA,Nashville,69.69,9,2022-06-23 00:00:00,2023-04-20 00:00:00,Gold,Rock
835,Rita Almeida,Portugal,Braga,31.689999999999998,6,2019-06-11 00:00:00,2019-10-02 00:00:00,Bronze,Rock
836,Avery Wilson,Canada,Vancouver,21.78,4,2021-05-25 00:00:00,2021-09-01 00:00:00,Bronze,Rock
837,Elizabeth Wilson,Canada,Saskatoon,9.81,3,2022-06-03 00:00:00,2022-08-22 00:00:00,Bronze,Soundtrack
838,Amelia Jackson,United Kingdom,Liverpool,53.38,7,2023-11-04 00:00:00,2024-05-26 00:00:00,Silver,Rock
839,Kavya Srivastava,India,Thane,127.21999999999998,17,2024-03-23 00:00:00,2025-11-02 00:00:00,Platinum,Rock
840,Esteban González,Colombia,Ibagué,107.34,18,2022-12-26 00:00:00,2024-08-11 00:00:00,Platinum,Jazz
841,Daniel Martín,Spain,Murcia,50.66999999999999,8,2022-09-06 00:00:00,2023-05-28 00:00:00,Silver,Rock
842,William Gustafsson,Sweden,Örebro,17.88,2,2025-10-02 00:00:00,2025-11-18 00:00:00,Bronze,Rock
843,Richard Jones,USA,Baltimore,41.05,8,2022-12-07 00:00:00,2023-09-12 00:00:00,Silver,Rock
844,Joshua Wood,United Kingdom,Brighton,220.05999999999997,26,2023-07-06 00:00:00,2025-08-21 00:00:00,Platinum,Rock
845,Isabella Brown,Canada,Montreal,188.85999999999996,23,2024-04-06 00:00:00,2025-12-22 00:00:00,Platinum,Rock
846,Raphael David,France,Rennes,91.18,12,2024-12-12 00:00:00,2025-12-19 00:00:00,Gold,Rock
847,Franco Pérez,Argentina,Buenos Aires,49.17,6,2025-06-13 00:00:00,2025-12-22 00:00:00,Silver,Rock
848,Martina Fiala,Czech Republic,Ústí nad Labem,55.47,9,2024-04-13 00:00:00,2024-12-09 00:00:00,Silver,Latin
849,Miguel Costa,Brazil,Belo Horizonte,86.21000000000001,13,2023-05-08 00:00:00,2024-09-13 00:00:00,Gold,Alternative & Punk
850,Heitor Souza,Brazil,Rio de Janeiro,29.659999999999997,4,2023-02-22 00:00:00,2023-04-08 00:00:00,Bronze,Rock
851,Jade Lambert,Belgium,Antwerp,32.87,6,2024-11-17 00:00:00,2025-05-28 00:00:00,Bronze,Metal
852,Lily White,United Kingdom,Leeds,30.7,5,2019-08-09 00:00:00,2020-02-23 00:00:00,Bronze,Latin
853,Helena Gomes,Brazil,Fortaleza,95.05,17,2019-11-03 00:00:00,2021-12-17 00:00:00,Gold,Rock
854,William Taylor,USA,Austin,169.17,22,2023-05-20 00:00:00,2025-12-09 00:00:00,Platinum,Alternative & Punk
855,Jennifer Thomas,USA,Chicago,29.799999999999997,4,2025-10-04 00:00:00,2025-12-02 00:00:00,Bronze,Rock
856,Ella Christensen,Denmark,Copenhagen,59.11,5,2025-05-06 00:00:00,2025-11-07 00:00:00,Silver,Latin
857,Vikram Malhotra,India,Kanpur,51.32000000000001,7,2024-07-11 00:00:00,2025-03-12 00:00:00,Silver,Electronica/Dance
858,Lily Evans,United Kingdom,Belfast,72.38999999999999,9,2023-09-02 00:00:00,2024-07-11 00:00:00,Gold,Science Fiction
859,Benjamin Clarke,Canada,Vancouver,45.55,10,2019-05-18 00:00:00,2020-02-09 00:00:00,Silver,Latin
860,Dieter Neumann,Germany,Nuremberg,196.15,16,2023-04-08 00:00:00,2024-09-11 00:00:00,Platinum,TV Shows
861,Mia Meyer,Germany,Bielefeld,54.18,7,2024-04-26 00:00:00,2024-12-27 00:00:00,Silver,Blues
862,Andrew Miller,USA,Baltimore,68.53999999999999,9,2025-02-17 00:00:00,2025-12-07 00:00:00,Gold,Latin
863,Felix Ortner,Austria,Klagenfurt,190.42999999999998,29,2022-04-05 00:00:00,2024-09-26 00:00:00,Platinum,Rock
864,Felix Müller,Germany,Munich,99.06000000000002,17,2022-10-18 00:00:00,2024-06-01 00:00:00,Gold,Latin
865,Stephanie Nguyen,USA,Fort Worth,75.02,9,2023-10-01 00:00:00,2024-05-04 00:00:00,Gold,Alternative & Punk
866,Liam Bengtsson,Sweden,Uppsala,36.629999999999995,6,2020-03-16 00:00:00,2020-08-16 00:00:00,Bronze,Rock
867,Isabella Thompson,United Kingdom,Cardiff,44.7,5,2025-06-25 00:00:00,2025-10-28 00:00:00,Silver,Latin
868,Sofia Bouchard,Canada,Calgary,10.709999999999999,2,2023-04-14 00:00:00,2023-05-17 00:00:00,Bronze,Rock
869,Valentina Fernández,Argentina,Rosario,70.84,10,2023-11-04 00:00:00,2024-05-17 00:00:00,Gold,Rock
870,William Anderson,Australia,Darwin,71.03,9,2025-03-09 00:00:00,2025-11-22 00:00:00,Gold,Rock
871,Mary Young,USA,Denver,144.97,20,2023-03-19 00:00:00,2025-07-16 00:00:00,Platinum,Heavy Metal
872,Haruto Inoue,Japan,Sapporo,44.7,8,2022-09-04 00:00:00,2023-03-27 00:00:00,Silver,Rock
873,Isabella Cote,Canada,Ottawa,62.09,11,2021-03-09 00:00:00,2022-04-04 00:00:00,Silver,Latin
874,Linda Wilson,USA,Houston,102.77,14,2024-04-08 00:00:00,2025-11-28 00:00:00,Platinum,Rock
875,Helena Lima,Brazil,Curitiba,121.85,16,2023-08-03 00:00:00,2025-01-14 00:00:00,Platinum,Rock
876,Leo Bernard,France,Toulon,146.74999999999997,19,2023-09-22 00:00:00,2025-08-24 00:00:00,Platinum,Rock
877,Michal Horáček,Czech Republic,Ústí nad Labem,94.24,13,2023-04-28 00:00:00,2024-05-26 00:00:00,Gold,Metal
878,Abigail Robinson,Canada,Hamilton,26.82,4,2025-08-24 00:00:00,2025-10-20 00:00:00,Bronze,Latin
879,Luca Wolf,Germany,Düsseldorf,83.93,10,2023-08-02 00:00:00,2024-06-10 00:00:00,Gold,Alternative & Punk
880,Sofia Anderson,Canada,Laval,41.47,7,2023-03-04 00:00:00,2023-10-09 00:00:00,Silver,Metal
881,Linda Miller,USA,Jacksonville,155.97000000000003,25,2020-05-28 00:00:00,2024-01-28 00:00:00,Platinum,Rock
882,Sara Pérez,Spain,Madrid,56.62,7,2025-03-10 00:00:00,2025-10-15 00:00:00,Silver,Rock
883,Charlotte Leblanc,Canada,Laval,78.07999999999998,11,2024-06-08 00:00:00,2025-06-10 00:00:00,Gold,Jazz
884,Joseph Torres,USA,Baltimore,156.86999999999998,21,2024-01-12 00:00:00,2025-12-25 00:00:00,Platinum,Rock
885,Lucas Williams,Australia,Brisbane,118.55999999999999,19,2021-09-22 00:00:00,2023-12-22 00:00:00,Platinum,Alternative & Punk
886,Oliver Cote,Canada,Winnipeg,105.01999999999998,15,2023-11-28 00:00:00,2025-06-15 00:00:00,Platinum,Alternative & Punk
887,Francesco Giordano,Italy,Naples,55.88999999999999,10,2021-11-02 00:00:00,2022-09-26 00:00:00,Silver,Metal
888,Harper Roy,Canada,Mississauga,36.12,4,2024-07-28 00:00:00,2024-10-18 00:00:00,Bronze,Blues
889,James Nguyen,USA,New York,80.06,9,2024-10-28 00:00:00,2025-11-27 00:00:00,Gold,Rock
890,Miguel Carvalho,Portugal,Lisbon,40.88,6,2023-11-28 00:00:00,2024-05-25 00:00:00,Silver,Rock
891,Noah Willems,Belgium,Ghent,172.29000000000005,31,2019-06-08 00:00:00,2022-07-26 00:00:00,Platinum,Rock
892,Sofia Sousa,Brazil,Fortaleza,151.25,15,2024-08-18 00:00:00,2025-12-10 00:00:00,Platinum,Rock
893,Arthur Fernandes,Brazil,Belém,161.45999999999998,24,2022-02-02 00:00:00,2024-04-14 00:00:00,Platinum,Latin
894,Michael Wilson,USA,Los Angeles,57.99000000000001,8,2021-12-14 00:00:00,2022-10-19 00:00:00,Silver,Metal
895,Hannah Wagner,Germany,Wuppertal,38.620000000000005,7,2021-04-25 00:00:00,2021-11-08 00:00:00,Bronze,Pop
896,Diya Nair,India,Chennai,121.98,18,2022-03-18 00:00:00,2024-04-21 00:00:00,Platinum,Rock
897,Sofia Ribeiro,Brazil,Guarulhos,30.7,6,2019-03-11 00:00:00,2019-10-03 00:00:00,Bronze,Rock
898,Wiktoria Grabowski,Poland,Lublin,51.480000000000004,9,2020-01-07 00:00:00,2020-12-03 00:00:00,Silver,Rock
899,Sarah Davis,USA,San Antonio,221.01000000000002,32,2022-06-03 00:00:00,2025-10-22 00:00:00,Platinum,Latin
900,Kathleen Harris,USA,Seattle,66.86000000000001,9,2023-04-13 00:00:00,2024-04-28 00:00:00,Gold,Rock
901,Paul Green,USA,Los Angeles,34.85,4,2024-12-02 00:00:00,2025-01-28 00:00:00,Bronze,Rock
902,John Hill,USA,New York,16.77,3,2024-02-13 00:00:00,2024-04-16 00:00:00,Bronze,Latin
903,Anna Gruber,Austria,Dornbirn,24.42,3,2024-10-26 00:00:00,2025-01-08 00:00:00,Bronze,Rock
904,Noah Becker,Germany,Hanover,84.22999999999999,9,2023-10-27 00:00:00,2024-09-04 00:00:00,Gold,Rock
905,Susan Nelson,USA,Los Angeles,66.25,8,2021-08-05 00:00:00,2022-06-26 00:00:00,Gold,Drama
906,Jonas Fischer,Germany,Frankfurt,41.720000000000006,5,2025-03-28 00:00:00,2025-12-02 00:00:00,Silver,Latin
907,Kevin Williams,USA,Austin,216.68999999999997,29,2022-03-05 00:00:00,2025-04-10 00:00:00,Platinum,Soundtrack
908,Dieter Weber,Germany,Düsseldorf,147.15000000000003,12,2024-07-06 00:00:00,2025-09-16 00:00:00,Platinum,Science Fiction
909,Sofia Schmidt,Germany,Düsseldorf,150.32,22,2022-12-05 00:00:00,2025-07-02 00:00:00,Platinum,Rock
910,Ava Smith,Canada,Markham,96.52000000000001,8,2025-01-05 00:00:00,2025-11-23 00:00:00,Gold,Comedy
911,Oisín Smith,Ireland,Bray,28.959999999999994,6,2023-06-04 00:00:00,2024-03-02 00:00:00,Bronze,Electronica/Dance
912,Barbara Taylor,USA,Phoenix,82.11,12,2022-09-28 00:00:00,2024-03-28 00:00:00,Gold,Rock
913,Linda Taylor,USA,Denver,97.67000000000002,18,2020-11-11 00:00:00,2023-03-05 00:00:00,Gold,Pop
914,Giulia De Luca,Italy,Venice,101.41000000000004,21,2020-12-28 00:00:00,2022-11-28 00:00:00,Gold,Rock
915,Rafael Oliveira,Brazil,São Luís,46.7,4,2025-03-27 00:00:00,2025-06-13 00:00:00,Silver,Rock
916,Elizabeth Taylor,Canada,Gatineau,55.660000000000004,10,2021-04-17 00:00:00,2022-02-16 00:00:00,Silver,Latin
917,Leonardo Russo,Italy,Milan,55.440000000000005,11,2019-08-20 00:00:00,2020-10-28 00:00:00,Silver,Heavy Metal
918,Natalia Mazur,Poland,Łódź,45.550000000000004,11,2020-09-05 00:00:00,2021-09-25 00:00:00,Silver,Latin
919,Rita Oliveira,Portugal,Coimbra,26.729999999999997,5,2019-06-09 00:00:00,2019-10-21 00:00:00,Bronze,Blues
920,Jennifer Miller,USA,San Antonio,146.28,22,2023-04-11 00:00:00,2025-12-28 00:00:00,Platinum,Rock
921,Tomáš Šimánek,Czech Republic,Ostrava,76.54,10,2022-05-05 00:00:00,2023-08-07 00:00:00,Gold,Metal
922,Emma Wilson,Canada,Surrey,40.37,6,2023-03-11 00:00:00,2023-11-20 00:00:00,Silver,Hip Hop/Rap
923,Lea Richard,France,Nantes,206.45,35,2020-11-03 00:00:00,2024-06-17 00:00:00,Platinum,Reggae
924,Eva Blažek,Czech Republic,Ústí nad Labem,64.07000000000001,9,2025-01-26 00:00:00,2025-11-20 00:00:00,Silver,Latin
925,Bruno Souza,Brazil,Curitiba,96.45,13,2024-09-04 00:00:00,2025-12-20 00:00:00,Gold,Rock
926,Daniel Anderson,USA,Memphis,55.410000000000004,9,2021-12-04 00:00:00,2022-09-25 00:00:00,Silver,Rock
927,Sharon Jackson,USA,Charlotte,23.35,3,2025-04-06 00:00:00,2025-07-26 00:00:00,Bronze,Soundtrack
928,Alfred Johansen,Denmark,Randers,120.88000000000001,17,2023-07-20 00:00:00,2024-10-21 00:00:00,Platinum,Alternative & Punk
929,Alexandre Bernard,France,Toulon,43.57,8,2019-12-17 00:00:00,2020-09-11 00:00:00,Silver,Rock
930,Lukas Ortner,Austria,Wels,81.22999999999999,12,2022-12-03 00:00:00,2024-03-14 00:00:00,Gold,Rock
931,Jan Schröder,Germany,Berlin,233.47999999999996,33,2022-12-03 00:00:00,2025-08-08 00:00:00,Platinum,Jazz
932,Joseph Garcia,USA,Dallas,49.46,8,2022-04-07 00:00:00,2023-01-13 00:00:00,Silver,Latin
933,Elizabeth King,USA,Phoenix,68.54,7,2025-07-08 00:00:00,2025-12-27 00:00:00,Gold,Rock
934,Tereza Procházka,Czech Republic,Hradec Králové,130.07,19,2021-10-17 00:00:00,2023-08-02 00:00:00,Platinum,Blues
935,Stephanie Brown,USA,Denver,191.71,23,2023-10-03 00:00:00,2025-12-28 00:00:00,Platinum,Rock
936,Jennifer Taylor,USA,Las Vegas,81.13000000000001,11,2024-07-10 00:00:00,2025-04-18 00:00:00,Gold,Rock
937,Anthony Miller,USA,Fort Worth,54.16,10,2023-05-08 00:00:00,2024-05-07 00:00:00,Silver,Metal
938,Charlotte Thomas,Canada,Surrey,85.31,10,2024-10-15 00:00:00,2025-07-01 00:00:00,Gold,Rock
939,Sophie De Jong,Netherlands,Eindhoven,166.45000000000002,11,2024-09-09 00:00:00,2025-11-26 00:00:00,Platinum,Drama
940,Paula Alonso,Spain,Palma,142.34,17,2023-08-14 00:00:00,2025-12-18 00:00:00,Platinum,Rock
941,Lucía Navarro,Spain,Zaragoza,64.35,10,2019-07-26 00:00:00,2020-07-24 00:00:00,Silver,Rock
942,Conor Ryan,Ireland,Limerick,5.95,1,2023-05-08 00:00:00,2023-05-08 00:00:00,Bronze,Rock
943,Isidora Valenzuela,Chile,Rancagua,26.33,3,2025-09-13 00:00:00,2025-10-28 00:00:00,Bronze,Rock
944,James Jones,USA,Jacksonville,96.42,12,2024-03-25 00:00:00,2025-06-16 00:00:00,Gold,Rock
945,Kathleen Jones,USA,Las Vegas,104.14,17,2021-01-21 00:00:00,2023-01-12 00:00:00,Platinum,Rock
946,Sofia Flores,Argentina,Córdoba,18.81,3,2020-11-08 00:00:00,2021-01-18 00:00:00,Bronze,Rock
947,Kevin Jackson,USA,Memphis,52.04,8,2022-03-25 00:00:00,2023-01-13 00:00:00,Silver,Rock
948,Álvaro Gutiérrez,Spain,Bilbao,120.41,20,2022-08-27 00:00:00,2024-11-17 00:00:00,Platinum,Alternative & Punk
949,Harper Fortin,Canada,Edmonton,28.5,4,2024-11-14 00:00:00,2025-03-06 00:00:00,Bronze,Rock
950,Felix Schulz,Germany,Bochum,84.15,16,2019-06-09 00:00:00,2020-12-24 00:00:00,Gold,Alternative & Punk
951,Lucas Goossens,Belgium,Leuven,69.31,12,2020-09-04 00:00:00,2021-07-28 00:00:00,Gold,Latin
952,Ben Schmidt,Germany,Hamburg,41.42,7,2022-06-03 00:00:00,2022-12-28 00:00:00,Silver,Latin
953,Maria Costa,Portugal,Braga,42.10999999999999,6,2024-11-19 00:00:00,2025-06-08 00:00:00,Silver,Jazz
954,Daan Janssen,Netherlands,Nijmegen,22.349999999999998,3,2025-10-28 00:00:00,2025-12-12 00:00:00,Bronze,Rock
955,Anna Schneider,Germany,Düsseldorf,130.57,12,2021-03-28 00:00:00,2022-04-22 00:00:00,Platinum,TV Shows
956,Eduardo Rodrigues,Brazil,São Paulo,104.19,13,2019-04-01 00:00:00,2020-04-18 00:00:00,Platinum,Rock And Roll
957,Henry Johnson,Australia,Darwin,63.52000000000001,9,2024-01-14 00:00:00,2025-02-11 00:00:00,Silver,Latin
958,Sarah Garcia,USA,Houston,18.81,5,2020-06-09 00:00:00,2020-12-02 00:00:00,Bronze,Rock
959,Anthony Thomas,USA,Baltimore,45.15,6,2024-03-10 00:00:00,2024-07-28 00:00:00,Silver,Rock
960,Ingrid Johnsen,Norway,Tromsø,138.85999999999999,21,2022-08-10 00:00:00,2024-06-08 00:00:00,Platinum,Metal
961,Ava Cote,Canada,Montreal,117.09000000000002,18,2022-04-14 00:00:00,2023-11-03 00:00:00,Platinum,Blues
962,Sarah Johnson,USA,San Diego,177.1,23,2023-08-08 00:00:00,2025-12-21 00:00:00,Platinum,Blues
963,Manuela Ferreira,Brazil,Salvador,45.540000000000006,8,2020-06-01 00:00:00,2021-04-27 00:00:00,Silver,Metal
964,Ethan Thomas,France,Grenoble,75.26,11,2024-09-28 00:00:00,2025-11-05 00:00:00,Gold,Rock
965,Michael Harris,USA,Louisville,53.46,7,2020-05-13 00:00:00,2020-11-16 00:00:00,Silver,Rock
966,Lea Koch,Germany,Duisburg,52.8,7,2024-05-28 00:00:00,2025-01-28 00:00:00,Silver,Rock
967,Sofie Eriksen,Norway,Kristiansand,85.19000000000001,13,2022-09-02 00:00:00,2024-02-15 00:00:00,Gold,Alternative & Punk
968,Jack Jones,Australia,Canberra,73.30000000000001,10,2024-12-12 00:00:00,2025-12-04 00:00:00,Gold,Metal
969,Mia Becker,Germany,Munich,75.48,10,2024-08-28 00:00:00,2025-07-21 00:00:00,Gold,Metal
970,James Williams,United Kingdom,Manchester,13.860000000000001,3,2020-09-15 00:00:00,2020-12-14 00:00:00,Bronze,Rock
971,Ava Anderson,Canada,London,,0,,,Bronze,
972,Paul Johnson,USA,Philadelphia,81.49000000000001,11,2023-12-08 00:00:00,2025-01-15 00:00:00,Gold,Classical
973,Lucas Petit,France,Lyon,54.64,5,2025-07-02 00:00:00,2025-12-28 00:00:00,Silver,Rock
974,Baptiste Lefebvre,France,Dijon,58.82999999999999,7,2022-06-25 00:00:00,2023-06-16 00:00:00,Silver,Rock
975,Ava Dekker,Netherlands,Rotterdam,96.44,13,2023-08-23 00:00:00,2024-08-01 00:00:00,Gold,Metal
976,Kiara Das,India,Bhopal,28.7,4,2024-08-24 00:00:00,2025-04-20 00:00:00,Bronze,World
977,Sarah Wright,USA,Louisville,105.06,14,2024-08-21 00:00:00,2025-11-21 00:00:00,Platinum,R&B/Soul
978,Pavel Šimánek,Czech Republic,Ústí nad Labem,148.84000000000003,23,2020-07-16 00:00:00,2022-07-11 00:00:00,Platinum,Alternative & Punk
979,Ginevra Marino,Italy,Bari,69.31000000000002,12,2021-02-07 00:00:00,2022-05-02 00:00:00,Gold,Rock
980,Davi Sousa,Brazil,Curitiba,97.43999999999998,9,2024-12-20 00:00:00,2025-11-15 00:00:00,Gold,Rock
981,Arjun Mehta,India,Kolkata,40.59,7,2020-08-20 00:00:00,2021-04-12 00:00:00,Silver,Latin
982,Lucas Gomes,Brazil,Curitiba,138.65999999999997,22,2022-02-18 00:00:00,2024-12-14 00:00:00,Platinum,Latin
983,Agustín García,Argentina,San Juan,71.37,9,2024-04-01 00:00:00,2025-05-28 00:00:00,Gold,Pop
984,Léa De Smedt,Belgium,Mons,56.019999999999996,9,2022-07-25 00:00:00,2023-05-20 00:00:00,Silver,R&B/Soul
985,Lucas Costa,Brazil,Guarulhos,33.480000000000004,6,2021-08-13 00:00:00,2022-04-28 00:00:00,Bronze,Rock
986,David White,USA,Memphis,112.69,16,2023-03-08 00:00:00,2025-01-04 00:00:00,Platinum,Rock
987,Isla Thompson,United Kingdom,London,17.88,2,2025-11-28 00:00:00,2025-12-13 00:00:00,Bronze,Rock
988,Andrew Wilson,USA,Philadelphia,105.34,16,2024-06-06 00:00:00,2025-05-28 00:00:00,Platinum,Alternative & Punk
989,Anthony Wilson,USA,Fort Worth,35.970000000000006,5,2022-02-14 00:00:00,2022-09-01 00:00:00,Bronze,Rock
990,Charles Taylor,USA,Philadelphia,86.15,16,2019-07-17 00:00:00,2020-12-19 00:00:00,Gold,Rock
991,Inès De Smedt,Belgium,Mons,104.41,15,2024-10-27 00:00:00,2025-12-26 00:00:00,Platinum,Rock
992,Sophie O'Doherty,Ireland,Dublin,89.07,14,2021-10-20 00:00:00,2022-11-14 00:00:00,Gold,Rock
993,Isla Watson,United Kingdom,Birmingham,42.550000000000004,9,2023-05-16 00:00:00,2024-03-21 00:00:00,Silver,Latin
994,Andrew Wilson,USA,San Jose,81.19000000000001,13,2020-10-02 00:00:00,2021-11-02 00:00:00,Gold,Latin
995,Monika Novotný,Czech Republic,České Budějovice,145.45999999999998,26,2020-06-09 00:00:00,2023-07-12 00:00:00,Platinum,Metal
996,Tomáš Horáček,Czech Republic,Olomouc,198.7,26,2023-02-16 00:00:00,2025-07-11 00:00:00,Platinum,Classical
997,Harper Robinson,Canada,Edmonton,91.33999999999999,11,2024-07-20 00:00:00,2025-05-06 00:00:00,Gold,Rock
998,Jade De Smedt,Belgium,Liège,64.57,8,2024-12-11 00:00:00,2025-12-07 00:00:00,Silver,Alternative & Punk
999,Nuno Carvalho,Portugal,Porto,83.25999999999999,12,2023-12-14 00:00:00,2024-08-05 00:00:00,Gold,Latin
1000,Benjamin Lavoie,Canada,Edmonton,162.61999999999998,19,2023-12-28 00:00:00,2025-11-28 00:00:00,Platinum,Metal
1001,Jonas Weber,Germany,Cologne,,0,,,Bronze,
1002,Joseph Smith,USA,Philadelphia,25.84,3,2025-11-20 00:00:00,2025-12-28 00:00:00,Bronze,Alternative & Punk
1003,Manon Simon,Belgium,Antwerp,34.080000000000005,6,2021-08-17 00:00:00,2022-03-12 00:00:00,Bronze,Alternative & Punk
1004,Henry Jones,United Kingdom,Brighton,125.72999999999999,25,2019-02-23 00:00:00,2021-02-21 00:00:00,Platinum,Latin
1005,Jessica Anderson,USA,Baltimore,81.69,13,2022-03-28 00:00:00,2023-06-17 00:00:00,Gold,Rock
1006,Noah Tremblay,Canada,Vancouver,88.83,15,2022-06-23 00:00:00,2024-01-05 00:00:00,Gold,Latin
1007,Kathleen Harris,USA,New York,86.08999999999999,12,2024-10-08 00:00:00,2025-12-21 00:00:00,Gold,Rock
1008,Laura Carvalho,Brazil,Brasília,48.370000000000005,5,2024-12-10 00:00:00,2025-04-14 00:00:00,Silver,Rock
1009,Benjamin Oliveira,Brazil,Recife,151.51,24,2022-11-24 00:00:00,2025-05-22 00:00:00,Platinum,Rock
1010,Gabriel Oliveira,Brazil,Rio de Janeiro,28.310000000000002,4,2025-08-28 00:00:00,2025-11-22 00:00:00,Bronze,Rock
1011,Riccardo Gallo,Italy,Palermo,91.88999999999999,10,2024-06-13 00:00:00,2025-12-07 00:00:00,Gold,Metal
1012,Aarav Verma,India,Bangalore,123.7,20,2021-09-11 00:00:00,2023-11-24 00:00:00,Platinum,Metal
1013,Finn Murphy,Ireland,Dublin,30.82,4,2019-05-06 00:00:00,2019-08-08 00:00:00,Bronze,Comedy
1014,Jan Novotný,Czech Republic,Brno,30.8,3,2025-08-01 00:00:00,2025-12-12 00:00:00,Bronze,Latin
1015,Mattia Colombo,Italy,Rome,51.64,7,2024-12-23 00:00:00,2025-07-12 00:00:00,Silver,Alternative & Punk
1016,Mia Hoffmann,Germany,Leipzig,125.16000000000001,17,2022-12-02 00:00:00,2024-03-11 00:00:00,Platinum,Latin
1017,Oliver Brouwer,Netherlands,Breda,86.93,13,2023-05-28 00:00:00,2025-02-26 00:00:00,Gold,Rock
1018,Anthony Harris,USA,Dallas,122.70000000000003,18,2022-09-27 00:00:00,2024-03-27 00:00:00,Platinum,Alternative & Punk
1019,Daiki Kato,Japan,Kyoto,47.19,6,2025-06-21 00:00:00,2025-11-28 00:00:00,Silver,Rock
1020,Emma Thomas,Canada,Markham,120.82,18,2023-11-13 00:00:00,2025-06-04 00:00:00,Platinum,World
1021,Karen Torres,USA,New York,19.35,4,2024-02-26 00:00:00,2024-08-28 00:00:00,Bronze,Latin
1022,Jan Procházka,Czech Republic,Ostrava,,0,,,Bronze,
1023,Emma Fournier,France,Reims,,0,,,Bronze,
1024,Lily Johnson,United Kingdom,Birmingham,46.190000000000005,6,2025-04-27 00:00:00,2025-12-21 00:00:00,Silver,Rock
1025,Tiago Santos,Portugal,Lisbon,57.14,11,2021-05-06 00:00:00,2022-08-22 00:00:00,Silver,R&B/Soul
1026,Amy Scott,USA,San Jose,106.40000000000003,19,2022-05-28 00:00:00,2024-07-17 00:00:00,Platinum,Blues
1027,Anthony Jackson,USA,Chicago,40.589999999999996,9,2019-11-18 00:00:00,2020-09-08 00:00:00,Silver,Rock
1028,Elizabeth Martin,USA,Seattle,35.76,5,2025-08-16 00:00:00,2025-12-18 00:00:00,Bronze,Rock
1029,Louise Richard,France,Rennes,47.68,4,2025-04-15 00:00:00,2025-06-11 00:00:00,Silver,Rock
1030,William Jackson,United Kingdom,Sheffield,32.67,6,2019-07-07 00:00:00,2020-01-21 00:00:00,Bronze,Metal
1031,Noah Müller,Germany,Frankfurt,143.32,23,2022-11-13 00:00:00,2025-06-13 00:00:00,Platinum,Alternative
1032,Sebastián Rojas,Chile,Concepción,117.96,15,2024-05-09 00:00:00,2025-08-11 00:00:00,Platinum,R&B/Soul
1033,Jade Roux,France,Nantes,21.3,3,2021-12-28 00:00:00,2022-03-20 00:00:00,Bronze,Rock
1034,Kathleen Torres,USA,Memphis,70.30999999999999,12,2020-03-24 00:00:00,2021-09-01 00:00:00,Gold,Rock
1035,Mia Neumann,Germany,Bielefeld,56.23,10,2023-03-05 00:00:00,2024-01-27 00:00:00,Silver,Latin
1036,Manon Dupont,Belgium,Aalst,5.96,1,2025-12-27 00:00:00,2025-12-27 00:00:00,Bronze,Rock
1037,Liam Smith,Australia,Sydney,23.490000000000002,5,2021-10-13 00:00:00,2022-05-13 00:00:00,Bronze,Alternative & Punk
1038,Melissa Torres,USA,Houston,125.63000000000001,21,2021-03-24 00:00:00,2023-09-02 00:00:00,Platinum,Rock
1039,Joshua Martin,USA,Jacksonville,201.36,32,2020-09-09 00:00:00,2023-12-14 00:00:00,Platinum,Rock
1040,Michael Thomas,USA,Louisville,67.34,8,2024-12-20 00:00:00,2025-11-17 00:00:00,Gold,Rock
1041,Dávid Mészáros,Hungary,Győr,59.73,9,2023-06-26 00:00:00,2024-05-11 00:00:00,Silver,Rock
1042,Andreas Wagner,Germany,Cologne,91.15999999999998,12,2024-08-13 00:00:00,2025-06-06 00:00:00,Gold,Latin
1043,Gustavo Martins,Brazil,São Luís,131.78,24,2021-02-28 00:00:00,2023-04-24 00:00:00,Platinum,Rock
1044,Monika Krejčí,Czech Republic,Plzeň,39.74,5,2025-04-02 00:00:00,2025-08-28 00:00:00,Silver,Rock
1045,Ana Ribeiro,Portugal,Coimbra,6.47,1,2025-11-27 00:00:00,2025-11-27 00:00:00,Bronze,Rock
1046,Samuel Roberts,United Kingdom,Leeds,165.36,22,2019-11-01 00:00:00,2022-01-26 00:00:00,Platinum,Sci Fi & Fantasy
1047,Tomáš Novotný,Czech Republic,Olomouc,7.45,1,2025-12-11 00:00:00,2025-12-11 00:00:00,Bronze,Rock
1048,Gustavo Lima,Brazil,Belém,3.27,1,2022-02-14 00:00:00,2022-02-14 00:00:00,Bronze,Hip Hop/Rap
1049,Sarah Thomas,USA,New York,126.50999999999998,14,2024-07-27 00:00:00,2025-12-28 00:00:00,Platinum,Rock
1050,Elizabeth Smith,USA,Charlotte,47.19,5,2025-06-01 00:00:00,2025-12-16 00:00:00,Silver,Alternative & Punk
1051,Pablo Díaz,Spain,Barcelona,205.17999999999998,27,2022-01-10 00:00:00,2025-10-05 00:00:00,Platinum,Rock
1052,Lukáš Horáček,Czech Republic,Hradec Králové,164.35999999999999,30,2020-07-24 00:00:00,2023-07-26 00:00:00,Platinum,Alternative & Punk
1053,Elsa Lindström,Sweden,Helsingborg,166.98,24,2023-07-16 00:00:00,2025-11-12 00:00:00,Platinum,Latin
1054,Ella Bengtsson,Sweden,Malmö,84.63999999999999,10,2024-12-27 00:00:00,2025-11-12 00:00:00,Gold,Latin
1055,Liam Hansen,Norway,Fredrikstad,12.870000000000001,3,2021-07-05 00:00:00,2021-07-28 00:00:00,Bronze,Soundtrack
1056,Zoe Simon,France,Montpellier,65.71999999999998,11,2022-03-28 00:00:00,2023-03-28 00:00:00,Gold,Rock
1057,Patricia Young,USA,Baltimore,72.61,12,2021-05-27 00:00:00,2022-09-05 00:00:00,Gold,Rock
1058,Melissa Allen,USA,Portland,227.20000000000002,30,2023-03-08 00:00:00,2025-12-23 00:00:00,Platinum,Rock
1059,Lena Schmidt,Germany,Wuppertal,47.52,7,2019-03-28 00:00:00,2019-11-09 00:00:00,Silver,Soundtrack
1060,Dieter Neumann,Germany,Bielefeld,34.83,4,2024-09-12 00:00:00,2024-11-21 00:00:00,Bronze,Rock
1061,Emiliano López,Mexico,Monterrey,68.63,9,2024-12-03 00:00:00,2025-10-09 00:00:00,Gold,Classical
1062,Michał Kozłowski,Poland,Szczecin,50.75,7,2024-09-26 00:00:00,2025-04-17 00:00:00,Silver,Rock
1063,Michael Wilson,USA,Fort Worth,30.89,4,2024-12-21 00:00:00,2025-05-02 00:00:00,Bronze,Rock
1064,Mark Garcia,USA,Fort Worth,73.56,11,2022-06-02 00:00:00,2023-05-17 00:00:00,Gold,Rock
1065,Noah Wilson,Canada,Calgary,104.3,13,2024-12-03 00:00:00,2025-10-22 00:00:00,Platinum,Alternative & Punk
1066,Emma Meyer,Germany,Hamburg,33.95,4,2023-12-24 00:00:00,2024-03-24 00:00:00,Bronze,Rock
1067,Karen Williams,USA,San Antonio,22.35,3,2025-09-17 00:00:00,2025-11-07 00:00:00,Bronze,Electronica/Dance
1068,Kathleen Nguyen,USA,Philadelphia,44.54,7,2023-11-01 00:00:00,2024-08-21 00:00:00,Silver,Rock
1069,Astrid Karlsen,Norway,Stavanger,59.11000000000001,10,2023-05-25 00:00:00,2024-03-21 00:00:00,Silver,Rock
1070,Miguel Ribeiro,Brazil,Curitiba,90.33999999999999,14,2022-07-28 00:00:00,2023-11-25 00:00:00,Gold,Blues
1071,Nathan Fournier,France,Toulon,39.6,7,2019-06-23 00:00:00,2020-01-21 00:00:00,Bronze,Latin
1072,Cynthia Torres,USA,Fort Worth,148.62000000000003,23,2021-02-04 00:00:00,2023-05-11 00:00:00,Platinum,Rock
1073,Lenka Nový,Czech Republic,Prague,21.41,2,2025-06-26 00:00:00,2025-08-07 00:00:00,Bronze,TV Shows
1074,Catalina Morales,Chile,Chillán,68.97999999999999,7,2024-06-18 00:00:00,2025-01-16 00:00:00,Gold,Latin
1075,Isla Jackson,United Kingdom,Edinburgh,27.09,3,2024-04-26 00:00:00,2024-05-26 00:00:00,Bronze,Metal
1076,Isabella Evans,United Kingdom,Liverpool,108.16,14,2023-07-01 00:00:00,2025-02-22 00:00:00,Platinum,Metal
1077,Jackson Bouchard,Canada,Laval,112.72999999999999,17,2023-02-18 00:00:00,2025-02-10 00:00:00,Platinum,Rock
1078,Nicolás Ruiz,Argentina,Tucumán,68.17,8,2023-11-11 00:00:00,2024-07-26 00:00:00,Gold,Rock
1079,Harry Thomas,United Kingdom,Leicester,34.269999999999996,4,2025-07-22 00:00:00,2025-12-12 00:00:00,Bronze,Rock
1080,Thomas Johnson,USA,San Diego,222.84999999999997,30,2022-12-09 00:00:00,2025-12-11 00:00:00,Platinum,Latin
1081,Paula González,Argentina,Buenos Aires,136.66,16,2024-10-12 00:00:00,2025-12-11 00:00:00,Platinum,Rock
1082,Emma Taylor,Canada,Winnipeg,12.9,2,2024-05-12 00:00:00,2024-06-26 00:00:00,Bronze,Rock
1083,John Jones,USA,Austin,48.61,7,2023-02-19 00:00:00,2023-11-02 00:00:00,Silver,Latin
1084,Oliver Haugen,Norway,Kristiansand,29.43,6,2022-03-08 00:00:00,2022-10-14 00:00:00,Bronze,Hip Hop/Rap
1085,Felix Wolf,Germany,Stuttgart,104.22,13,2024-01-28 00:00:00,2025-05-06 00:00:00,Platinum,Rock
1086,André Sousa,Portugal,Lisbon,81.25999999999999,13,2023-10-09 00:00:00,2024-12-20 00:00:00,Gold,Rock
1087,Edward Wright,United Kingdom,Bradford,52.32,8,2022-03-11 00:00:00,2022-11-12 00:00:00,Silver,Latin
1088,Eduardo Fernandes,Brazil,Fortaleza,9.9,3,2020-03-23 00:00:00,2020-07-18 00:00:00,Bronze,Rock
1089,Jonas Moser,Austria,Klagenfurt,84.14,12,2023-08-10 00:00:00,2024-06-18 00:00:00,Gold,Alternative & Punk
1090,Beatriz Costa,Brazil,Belém,68.08000000000001,13,2022-04-07 00:00:00,2023-01-28 00:00:00,Gold,Rock
1091,Alice Costa,Brazil,Goiânia,80.31,14,2021-01-28 00:00:00,2022-07-07 00:00:00,Gold,Pop
1092,Sara Schäfer,Germany,Berlin,30.34,5,2022-12-04 00:00:00,2023-02-28 00:00:00,Bronze,Rock
1093,Ethan Morel,France,Nantes,42.05,6,2023-06-05 00:00:00,2024-01-12 00:00:00,Silver,Rock
1094,Sophie Murray,Ireland,Cork,70.92,11,2021-04-02 00:00:00,2022-03-14 00:00:00,Gold,Rock
1095,Jana Blažek,Czech Republic,Ústí nad Labem,12.899999999999999,2,2024-04-26 00:00:00,2024-05-14 00:00:00,Bronze,Rock
1096,Mason Smith,Canada,Saskatoon,89.80999999999999,13,2024-03-25 00:00:00,2025-01-20 00:00:00,Gold,Rock
1097,Benjamin Sousa,Brazil,Goiânia,25.740000000000002,5,2020-12-28 00:00:00,2021-09-25 00:00:00,Bronze,Metal
1098,Sophia Roy,Canada,Toronto,144.22,22,2022-08-19 00:00:00,2024-11-22 00:00:00,Platinum,Latin
1099,Samuel Brown,United Kingdom,Manchester,82.07000000000001,15,2021-12-12 00:00:00,2023-03-27 00:00:00,Gold,Rock
1100,Siiri Nieminen,Finland,Espoo,24.71,5,2023-10-13 00:00:00,2024-03-21 00:00:00,Bronze,Metal
1101,Laura Smith,USA,Los Angeles,112.84,12,2024-10-18 00:00:00,2025-12-02 00:00:00,Platinum,Metal
1102,Jakub Dąbrowski,Poland,Warsaw,118.57999999999998,15,2024-09-21 00:00:00,2025-10-15 00:00:00,Platinum,Alternative & Punk
1103,Agustina Rodríguez,Argentina,Buenos Aires,41.72,4,2025-10-07 00:00:00,2025-12-20 00:00:00,Silver,Rock
1104,Ashley White,USA,Baltimore,13.860000000000001,4,2021-03-10 00:00:00,2021-09-13 00:00:00,Bronze,Rock
1105,Ben Wagner,Germany,Leipzig,116.59,20,2022-11-25 00:00:00,2024-12-28 00:00:00,Platinum,Rock
1106,Aiden Smith,Canada,Halifax,31.869999999999997,4,2024-06-10 00:00:00,2024-09-14 00:00:00,Bronze,Jazz
1107,Liam Thomsen,Denmark,Horsens,10.9,3,2021-01-22 00:00:00,2021-03-28 00:00:00,Bronze,Latin
1108,Jana Fiala,Czech Republic,Ústí nad Labem,28.559999999999995,5,2023-07-27 00:00:00,2023-11-20 00:00:00,Bronze,Rock
1109,João Marques,Portugal,Setúbal,31.29,3,2025-07-16 00:00:00,2025-10-17 00:00:00,Bronze,Metal
1110,Manon Martin,France,Angers,50.03,10,2021-10-24 00:00:00,2022-11-18 00:00:00,Silver,Metal
1111,Kevin Davis,USA,San Jose,68.84,8,2024-11-06 00:00:00,2025-08-20 00:00:00,Gold,Rock
1112,Stephanie Hill,USA,Fort Worth,100.19000000000001,14,2023-02-25 00:00:00,2024-04-22 00:00:00,Gold,Rock
1113,Olivia Hendriks,Netherlands,Rotterdam,186.96,27,2023-10-02 00:00:00,2025-12-04 00:00:00,Platinum,Classical
1114,Andre Pereira,Brazil,São Paulo,10.89,3,2020-12-05 00:00:00,2021-01-25 00:00:00,Bronze,Rock
1115,Theo Fernandes,Brazil,Fortaleza,42.37,7,2023-10-15 00:00:00,2024-03-28 00:00:00,Silver,Rock
1116,Hugo Fernández,Spain,Seville,59.11,8,2023-03-10 00:00:00,2024-01-20 00:00:00,Silver,Rock
1117,Maja Kristensen,Denmark,Esbjerg,32.69,6,2020-09-15 00:00:00,2021-02-14 00:00:00,Bronze,Rock
1118,James Anderson,USA,San Diego,93.34000000000002,16,2021-07-02 00:00:00,2022-11-25 00:00:00,Gold,Rock
1119,Andrew Anderson,USA,Philadelphia,108.86000000000001,17,2022-03-19 00:00:00,2023-11-16 00:00:00,Platinum,World
1120,Ava Wilson,Australia,Hobart,87.71,11,2024-12-06 00:00:00,2025-12-28 00:00:00,Gold,Latin
1121,Tim Schäfer,Germany,Bielefeld,92.95000000000002,11,2024-03-20 00:00:00,2024-12-22 00:00:00,Gold,Rock
1122,Heitor Almeida,Brazil,Rio de Janeiro,45.17000000000001,9,2021-07-17 00:00:00,2022-06-11 00:00:00,Silver,Rock
1123,Sofia Robinson,Canada,Hamilton,74.31,10,2023-05-13 00:00:00,2024-03-13 00:00:00,Gold,Rock
1124,David Marek,Czech Republic,Ostrava,209.02000000000004,30,2021-06-05 00:00:00,2025-01-28 00:00:00,Platinum,Rock
1125,Tereza Procházka,Czech Republic,Brno,113.86999999999998,18,2019-10-01 00:00:00,2021-08-03 00:00:00,Platinum,Rock
1126,Ondřej Pospíšil,Czech Republic,Liberec,49.17,6,2025-05-28 00:00:00,2025-10-07 00:00:00,Silver,Alternative & Punk
1127,Aoife O'Connor,Ireland,Drogheda,88.93,8,2025-01-17 00:00:00,2025-12-21 00:00:00,Gold,Rock
1128,Kathleen White,USA,Memphis,122.33,16,2024-01-18 00:00:00,2025-12-18 00:00:00,Platinum,Jazz
1129,Manon Lefebvre,France,Grenoble,39.4,5,2023-12-23 00:00:00,2024-06-15 00:00:00,Bronze,Soundtrack
1130,Edoardo Giordano,Italy,Bari,32.29,4,2025-03-17 00:00:00,2025-12-18 00:00:00,Bronze,Latin
1131,Thomas Richard,France,Dijon,109.57000000000001,13,2024-12-13 00:00:00,2025-12-27 00:00:00,Platinum,Metal
1132,Avery Anderson,Canada,Toronto,102.34,14,2021-08-14 00:00:00,2022-11-01 00:00:00,Gold,Rock
1133,Luca Klein,Germany,Berlin,43.86,7,2024-03-19 00:00:00,2024-09-27 00:00:00,Silver,Rock
1134,Ricardo López,Mexico,Juárez,41.09,8,2024-04-11 00:00:00,2024-12-17 00:00:00,Silver,Rock
1135,Jackson Thomas,Canada,Winnipeg,9.81,2,2022-06-19 00:00:00,2022-07-28 00:00:00,Bronze,Rock
1136,Poppy Johnson,United Kingdom,Belfast,178.1,19,2022-03-21 00:00:00,2023-08-22 00:00:00,Platinum,Drama
1137,Mariana Martins,Portugal,Almada,38.339999999999996,7,2021-11-09 00:00:00,2022-06-25 00:00:00,Bronze,Rock
1138,Tomáš Svoboda,Czech Republic,Brno,34.65,6,2019-12-28 00:00:00,2020-07-14 00:00:00,Bronze,Rock
1139,Santiago Ramírez,Mexico,Monterrey,220.86999999999998,21,2020-11-21 00:00:00,2022-12-19 00:00:00,Platinum,TV Shows
1140,Leonardo Santos,Brazil,Manaus,187.47,26,2023-06-25 00:00:00,2025-12-28 00:00:00,Platinum,Latin
1141,Elizabeth Flores,USA,Austin,68.53999999999999,9,2025-04-22 00:00:00,2025-11-27 00:00:00,Gold,Latin
1142,Santiago Martínez,Argentina,La Plata,82.91,11,2024-05-10 00:00:00,2025-04-12 00:00:00,Gold,Latin
1143,Susan Brown,USA,San Diego,124.50000000000001,11,2023-08-17 00:00:00,2024-06-09 00:00:00,Platinum,Drama
1144,Mary Green,USA,San Diego,57.620000000000005,7,2025-03-01 00:00:00,2025-12-15 00:00:00,Silver,Latin
1145,Ben Schulz,Germany,Dresden,64.45,10,2024-11-27 00:00:00,2025-12-07 00:00:00,Silver,Rock
1146,Ananya Kumar,India,Nagpur,51.190000000000005,9,2021-01-22 00:00:00,2022-03-02 00:00:00,Silver,Alternative & Punk
1147,Richard Brown,USA,Denver,91.09,18,2019-11-04 00:00:00,2021-09-13 00:00:00,Gold,Latin
1148,Charles Nguyen,USA,Los Angeles,14.899999999999999,2,2025-11-14 00:00:00,2025-12-10 00:00:00,Bronze,Jazz
1149,Emma Martin,Canada,Vaughan,98.91999999999999,15,2023-09-05 00:00:00,2024-12-27 00:00:00,Gold,Latin
1150,Emma Kennedy,Ireland,Limerick,88.78999999999999,12,2023-01-27 00:00:00,2024-07-27 00:00:00,Gold,Rock
1151,Charles Flores,USA,San Diego,19.369999999999997,3,2025-06-28 00:00:00,2025-08-06 00:00:00,Bronze,Rock
1152,Liam Lambert,Belgium,Liège,90.24000000000001,15,2022-03-09 00:00:00,2023-12-25 00:00:00,Gold,Rock
1153,Oscar Watson,United Kingdom,London,54.24,8,2022-12-28 00:00:00,2023-10-15 00:00:00,Silver,Pop
1154,Sara Hernández,Spain,Zaragoza,48.83,5,2024-03-19 00:00:00,2024-06-22 00:00:00,Silver,Hip Hop/Rap
1155,Lucas Johnson,Canada,Toronto,125.44999999999999,14,2024-11-01 00:00:00,2025-12-28 00:00:00,Platinum,Latin
1156,Rodrigo Rodrigues,Brazil,Campinas,69.30000000000001,14,2020-06-23 00:00:00,2021-07-06 00:00:00,Gold,Metal
1157,Ava Roy,Canada,Toronto,100.61000000000001,17,2021-07-22 00:00:00,2023-11-01 00:00:00,Gold,Classical
1158,Olivia Cote,Canada,Toronto,130.26,18,2022-12-16 00:00:00,2024-10-28 00:00:00,Platinum,Metal
1159,Sophie Wright,Australia,Townsville,11.92,2,2025-11-11 00:00:00,2025-12-24 00:00:00,Bronze,Jazz
1160,Emma Smith,Canada,Gatineau,84.67,11,2024-01-03 00:00:00,2025-01-18 00:00:00,Gold,Rock
1161,Sharon Hill,USA,San Jose,102.95999999999998,17,2019-09-15 00:00:00,2021-07-12 00:00:00,Platinum,Alternative & Punk
1162,Logan Johnson,Canada,Halifax,95.25000000000001,12,2023-05-21 00:00:00,2024-06-20 00:00:00,Gold,Metal
1163,David Fuchs,Austria,Linz,51.14,9,2021-08-14 00:00:00,2022-05-28 00:00:00,Silver,Rock
1164,Barbara Thomas,USA,Charlotte,73.57999999999998,7,2020-04-26 00:00:00,2021-03-28 00:00:00,Gold,TV Shows
1165,Emily Thomas,USA,Nashville,28.34,5,2022-03-16 00:00:00,2022-07-16 00:00:00,Bronze,Metal
1166,Gabriel Thomas,France,Nantes,60.63,8,2024-03-07 00:00:00,2024-09-22 00:00:00,Silver,Rock
1167,Susan Taylor,USA,Fort Worth,106.06,20,2020-03-24 00:00:00,2022-05-09 00:00:00,Platinum,Rock
1168,Vikram Shah,India,Jaipur,111.22000000000001,21,2020-08-03 00:00:00,2022-05-05 00:00:00,Platinum,Latin
1169,Andrea Conti,Italy,Florence,170.54000000000002,15,2024-07-17 00:00:00,2025-12-14 00:00:00,Platinum,Drama
1170,Aoife Murray,Ireland,Swords,137.45999999999998,19,2022-03-16 00:00:00,2024-11-28 00:00:00,Platinum,Rock
1171,Nathan Robert,France,Nice,99.01999999999998,17,2020-07-23 00:00:00,2021-12-22 00:00:00,Gold,Rock
1172,Henry Lewis,United Kingdom,Bradford,138.68,20,2023-06-06 00:00:00,2025-08-28 00:00:00,Platinum,Jazz
1173,Camila Silva,Chile,Antofagasta,93.35999999999999,11,2024-10-28 00:00:00,2025-12-04 00:00:00,Gold,Alternative & Punk
1174,Hannah Bauer,Germany,Dortmund,24.990000000000002,5,2023-06-14 00:00:00,2023-11-21 00:00:00,Bronze,Rock
1175,Donald Johnson,USA,San Jose,142.20000000000002,23,2022-06-13 00:00:00,2024-04-25 00:00:00,Platinum,Rock
1176,Maxime Fournier,France,Marseille,57.419999999999995,11,2020-09-17 00:00:00,2021-11-22 00:00:00,Silver,Metal
1177,Lautaro Torres,Argentina,Rosario,44.57,7,2021-09-11 00:00:00,2022-05-28 00:00:00,Silver,Rock
1178,Jakub Horáček,Czech Republic,Ostrava,56.4,7,2024-11-01 00:00:00,2025-07-02 00:00:00,Silver,Rock
1179,Stefan Zimmermann,Germany,Bochum,40.83,5,2024-11-28 00:00:00,2025-04-07 00:00:00,Silver,Rock
1180,Jonas Müller,Germany,Stuttgart,8.91,2,2020-06-23 00:00:00,2020-06-28 00:00:00,Bronze,Metal
1181,Donald Garcia,USA,Philadelphia,80.67999999999999,14,2023-09-28 00:00:00,2025-04-01 00:00:00,Gold,Blues
1182,Amy Scott,USA,Houston,127.7,18,2022-01-22 00:00:00,2023-10-28 00:00:00,Platinum,Rock
1183,Diego Sousa,Brazil,Guarulhos,43.56,8,2019-02-04 00:00:00,2019-08-13 00:00:00,Silver,Latin
1184,Sofia Ricci,Italy,Rome,24.32,3,2024-08-26 00:00:00,2024-11-20 00:00:00,Bronze,Rock
1185,Patrycja Dąbrowski,Poland,Wrocław,43.06,7,2023-12-09 00:00:00,2024-07-16 00:00:00,Silver,Easy Listening
1186,Manon Laurent,France,Rennes,173.61999999999995,20,2023-08-02 00:00:00,2025-06-28 00:00:00,Platinum,Rock
1187,Kathleen Harris,USA,Philadelphia,70.80999999999999,10,2024-09-17 00:00:00,2025-07-28 00:00:00,Gold,Jazz
1188,Isabela Souza,Brazil,São Paulo,97.44,13,2024-09-28 00:00:00,2025-12-28 00:00:00,Gold,Rock
1189,Nathan Dubois,France,Dijon,24.990000000000002,4,2023-06-28 00:00:00,2023-10-14 00:00:00,Bronze,Blues
1190,Isabella González,Mexico,Nezahualcóyotl,118.55999999999999,17,2024-04-21 00:00:00,2025-11-24 00:00:00,Platinum,Rock
1191,Matthew Miller,USA,Baltimore,18.57,4,2024-11-23 00:00:00,2025-04-11 00:00:00,Bronze,Latin
1192,Wolfgang Schröder,Germany,Hanover,81.95,9,2025-01-02 00:00:00,2025-10-28 00:00:00,Gold,Reggae
1193,Camille Garcia,France,Lyon,92.99999999999999,14,2023-09-27 00:00:00,2025-01-21 00:00:00,Gold,Rock
1194,William Young,USA,Louisville,53.42000000000001,8,2022-05-07 00:00:00,2022-12-19 00:00:00,Silver,Rock
1195,Richard Brown,USA,Chicago,107.45999999999998,16,2023-11-19 00:00:00,2024-12-17 00:00:00,Platinum,Rock
1196,Valentina Pereira,Brazil,São Paulo,54.18000000000001,7,2024-01-20 00:00:00,2024-10-13 00:00:00,Silver,Rock
1197,Sebastian Tremblay,Canada,Montreal,81.19999999999999,15,2019-02-21 00:00:00,2020-03-28 00:00:00,Gold,Rock
1198,Jessica Jackson,USA,Nashville,54.58,8,2023-12-07 00:00:00,2024-06-04 00:00:00,Silver,Latin
1199,Ava Leblanc,Canada,Saskatoon,43.6,7,2022-04-06 00:00:00,2022-11-15 00:00:00,Silver,Latin
1200,Andrew Scott,USA,Columbus,64.19,9,2023-07-16 00:00:00,2024-05-28 00:00:00,Silver,Alternative & Punk
1201,James Thompson,USA,Denver,41.72,6,2025-04-25 00:00:00,2025-10-22 00:00:00,Silver,Rock
1202,Viktor Persson,Sweden,Norrköping,26.740000000000002,4,2021-04-25 00:00:00,2021-11-18 00:00:00,Bronze,Metal
1203,Anthony Adams,USA,Las Vegas,44.71,9,2021-12-10 00:00:00,2023-01-27 00:00:00,Silver,Latin
1204,Ondřej Šimánek,Czech Republic,Plzeň,83.99999999999999,13,2022-11-14 00:00:00,2024-04-02 00:00:00,Gold,Rock
1205,Luuk Smit,Netherlands,Rotterdam,115.93,20,2020-10-28 00:00:00,2022-11-28 00:00:00,Platinum,Rock
1206,Mia Johnson,Canada,Mississauga,36.67,6,2021-12-03 00:00:00,2022-07-12 00:00:00,Bronze,Latin
1207,Matias Niemi,Finland,Turku,21.709999999999997,4,2022-09-22 00:00:00,2023-04-18 00:00:00,Bronze,Rock
1208,Ben Neumann,Germany,Dortmund,33.1,5,2022-07-20 00:00:00,2023-02-23 00:00:00,Bronze,Latin
1209,Richard Taylor,USA,San Diego,32.78,4,2025-09-10 00:00:00,2025-11-26 00:00:00,Bronze,Rock
1210,David Thompson,USA,Denver,69.63,9,2024-12-01 00:00:00,2025-11-18 00:00:00,Gold,Rock
1211,Laura Alves,Brazil,Salvador,102.63,15,2023-06-11 00:00:00,2025-09-05 00:00:00,Gold,Rock
1212,Helena Ribeiro,Brazil,Belém,41.11000000000001,6,2024-06-28 00:00:00,2025-12-09 00:00:00,Silver,Rock
1213,Camila Sánchez,Argentina,Mendoza,3.96,1,2021-12-23 00:00:00,2021-12-23 00:00:00,Bronze,Alternative & Punk
1214,Manon Garcia,France,Strasbourg,63.370000000000005,11,2020-02-14 00:00:00,2021-05-24 00:00:00,Silver,Alternative & Punk
1215,Gabriel Almeida,Brazil,São Paulo,153.74,22,2023-01-28 00:00:00,2025-05-23 00:00:00,Platinum,Alternative & Punk
1216,Sai Das,India,Surat,37.25,5,2025-06-28 00:00:00,2025-12-28 00:00:00,Bronze,Rock
1217,Miguel Sousa,Brazil,Brasília,122.49999999999999,13,2023-12-09 00:00:00,2025-05-03 00:00:00,Platinum,Rock
1218,Priya Rao,India,Mumbai,85.92,14,2023-05-22 00:00:00,2024-06-15 00:00:00,Gold,Rock
1219,Alejandro García,Spain,Bilbao,47.68,5,2025-06-20 00:00:00,2025-12-06 00:00:00,Silver,Jazz
1220,Baptiste Michel,France,Dijon,78.97000000000001,11,2025-02-13 00:00:00,2025-11-28 00:00:00,Gold,Easy Listening
1221,Luca Schneider,Germany,Bochum,73.17999999999999,12,2022-06-20 00:00:00,2023-09-03 00:00:00,Gold,Rock
1222,Jessica Thomas,USA,Columbus,102.31,13,2024-09-12 00:00:00,2025-12-16 00:00:00,Gold,Rock
1223,Laura Santos,Brazil,Fortaleza,80.50000000000001,8,2023-09-06 00:00:00,2024-06-14 00:00:00,Gold,TV Shows
1224,Jessica Davis,USA,Austin,25.740000000000002,5,2019-09-24 00:00:00,2020-03-15 00:00:00,Bronze,Alternative & Punk
1225,Barbara Harris,USA,Seattle,25.839999999999996,3,2025-07-27 00:00:00,2025-11-23 00:00:00,Bronze,Rock
1226,Diego López,Chile,La Serena,198.80999999999997,24,2023-03-06 00:00:00,2025-10-28 00:00:00,Platinum,Rock
1227,Emil Jacobsen,Norway,Bergen,120.68,18,2021-07-26 00:00:00,2023-02-27 00:00:00,Platinum,Latin
1228,Robert Davis,USA,Louisville,38.64,5,2021-08-17 00:00:00,2022-01-11 00:00:00,Bronze,Latin
1229,Paul Meyer,Germany,Stuttgart,150.39999999999998,18,2023-10-03 00:00:00,2025-05-28 00:00:00,Platinum,Rock
1230,Miguel Gomes,Portugal,Almada,25.61,5,2024-08-14 00:00:00,2024-12-03 00:00:00,Bronze,Latin
1231,Maximiliano Espinoza,Chile,Concepción,128.03,15,2024-11-05 00:00:00,2025-12-25 00:00:00,Platinum,Blues
1232,Donald Miller,USA,Philadelphia,44.97,6,2024-10-13 00:00:00,2025-04-11 00:00:00,Silver,Rock
1233,Andrea Costa,Italy,Milan,41.650000000000006,5,2023-07-16 00:00:00,2023-12-28 00:00:00,Silver,Rock
1234,Liam MacDonald,Canada,Saskatoon,137.81,18,2023-11-25 00:00:00,2025-12-11 00:00:00,Platinum,Rock
1235,Natalia Sánchez,Colombia,Cartagena,82.56,9,2024-03-06 00:00:00,2024-11-16 00:00:00,Gold,Metal
1236,Clement Martin,France,Le Havre,106.30999999999999,17,2020-12-13 00:00:00,2022-11-13 00:00:00,Platinum,R&B/Soul
1237,Ebba Karlsson,Sweden,Örebro,59.410000000000004,12,2019-12-09 00:00:00,2021-01-07 00:00:00,Silver,Metal
1238,Louise Robert,France,Dijon,63.6,6,2020-10-23 00:00:00,2021-07-10 00:00:00,Silver,Drama
1239,Beatriz Jesus,Portugal,Porto,47.54,10,2020-10-07 00:00:00,2021-10-22 00:00:00,Silver,Rock
1240,Thomas Flores,USA,New York,25.75,6,2021-07-27 00:00:00,2021-11-27 00:00:00,Bronze,Rock
1241,Susan Anderson,USA,Seattle,50.169999999999995,5,2025-05-09 00:00:00,2025-10-02 00:00:00,Silver,Rock
1242,Elias Heikkinen,Finland,Lahti,112.88999999999999,19,2019-11-28 00:00:00,2021-07-20 00:00:00,Platinum,Latin
1243,Sarah Davis,USA,Fort Worth,117.73,12,2025-01-27 00:00:00,2025-12-28 00:00:00,Platinum,Rock
1244,Tomás González,Argentina,Mendoza,206.84000000000006,17,2022-04-25 00:00:00,2024-04-28 00:00:00,Platinum,Drama
1245,Louise Michel,France,Toulon,52.76,5,2025-04-20 00:00:00,2025-12-07 00:00:00,Silver,Sci Fi & Fantasy
1246,Ben Meyer,Germany,Nuremberg,120.14,19,2023-04-24 00:00:00,2024-12-19 00:00:00,Platinum,Alternative
1247,Oliver Møller,Denmark,Vejle,157.86,18,2024-01-04 00:00:00,2025-09-28 00:00:00,Platinum,Rock
1248,Susan Thompson,USA,Philadelphia,104.96999999999998,17,2020-04-03 00:00:00,2021-12-18 00:00:00,Platinum,Rock
1249,Emma Thomas,Canada,Halifax,65.87,13,2020-12-18 00:00:00,2022-03-04 00:00:00,Gold,Jazz
1250,Poppy Robinson,United Kingdom,Cardiff,62.55,11,2022-06-20 00:00:00,2023-06-12 00:00:00,Silver,Classical
1251,Alexander Taylor,United Kingdom,Liverpool,28.31,3,2025-09-11 00:00:00,2025-11-26 00:00:00,Bronze,Rock
1252,Emma Bertrand,France,Nice,78.29,12,2021-12-17 00:00:00,2023-01-19 00:00:00,Gold,Soundtrack
1253,Amanda Martin,USA,San Antonio,91.89,10,2025-04-18 00:00:00,2025-11-27 00:00:00,Gold,Reggae
1254,Samuel Williams,United Kingdom,Manchester,81.19000000000001,14,2019-08-09 00:00:00,2021-04-28 00:00:00,Gold,Rock
1255,Anna Müller,Austria,Salzburg,20.64,3,2024-01-09 00:00:00,2024-04-16 00:00:00,Bronze,Latin
1256,Elizabeth Wright,USA,Philadelphia,51.419999999999995,6,2024-10-05 00:00:00,2025-02-16 00:00:00,Silver,Metal
1257,Vikram Singh,India,Lucknow,57.419999999999995,11,2019-10-22 00:00:00,2020-12-22 00:00:00,Silver,Rock
1258,Elizabeth Adams,USA,New York,15.84,3,2020-02-27 00:00:00,2020-06-10 00:00:00,Bronze,Rock
1259,Isla Davies,United Kingdom,Birmingham,75.30000000000001,11,2023-08-15 00:00:00,2024-06-02 00:00:00,Gold,Rock
1260,Krishna Shah,India,Surat,69.72,10,2024-11-19 00:00:00,2025-12-02 00:00:00,Gold,World
1261,Sophie Jansen,Netherlands,Breda,26.819999999999997,4,2025-06-05 00:00:00,2025-09-02 00:00:00,Bronze,Rock
1262,Martin Kratochvíl,Czech Republic,Ústí nad Labem,45.54,8,2020-11-09 00:00:00,2021-07-12 00:00:00,Silver,Rock
1263,Pablo López,Spain,Madrid,149.72,18,2024-03-03 00:00:00,2025-12-04 00:00:00,Platinum,Blues
1264,Nicolás Gómez,Argentina,Salta,77.48,9,2025-04-15 00:00:00,2025-11-08 00:00:00,Gold,Rock
1265,Lenka Kratochvíl,Czech Republic,Prague,93.1,16,2019-08-01 00:00:00,2021-03-26 00:00:00,Gold,Rock
1266,Arthur Martins,Brazil,Manaus,185.76999999999998,23,2023-11-22 00:00:00,2025-12-10 00:00:00,Platinum,Alternative & Punk
1267,Mary Johnson,USA,Baltimore,42.510000000000005,6,2024-11-18 00:00:00,2025-04-28 00:00:00,Silver,Alternative & Punk
1268,Catalina Soto,Chile,Rancagua,11.92,1,2025-12-28 00:00:00,2025-12-28 00:00:00,Bronze,Latin
1269,Sarah Torres,USA,Denver,50.66,8,2025-01-27 00:00:00,2025-12-02 00:00:00,Silver,Alternative & Punk
1270,Sarah Nguyen,USA,Austin,49.35,7,2024-07-21 00:00:00,2025-07-03 00:00:00,Silver,Rock
1271,Tim Van Leeuwen,Netherlands,Tilburg,43.239999999999995,6,2022-09-06 00:00:00,2023-06-22 00:00:00,Silver,Sci Fi & Fantasy
1272,Barbara Wright,USA,Baltimore,17.82,3,2020-07-19 00:00:00,2020-08-12 00:00:00,Bronze,Rock
1273,Lucas Clarke,Canada,Brampton,79.20000000000002,13,2020-01-17 00:00:00,2021-01-14 00:00:00,Gold,Alternative & Punk
1274,Rodrigo Gomes,Brazil,Campinas,89.24,10,2023-12-27 00:00:00,2025-02-15 00:00:00,Gold,Jazz
1275,Ida Thomsen,Denmark,Copenhagen,57.52000000000001,9,2023-04-28 00:00:00,2024-01-25 00:00:00,Silver,Rock
1276,Charles Scott,USA,Louisville,14.23,1,2022-05-18 00:00:00,2022-05-18 00:00:00,Bronze,TV Shows
1277,Andre Vieira,Brazil,Goiânia,186.22999999999996,29,2020-04-12 00:00:00,2024-06-01 00:00:00,Platinum,Rock
1278,Sota Yamaguchi,Japan,Saitama,20.799999999999997,4,2020-12-25 00:00:00,2021-04-27 00:00:00,Bronze,Metal
1279,Julia Szymański,Poland,Gdańsk,68.33000000000001,10,2019-09-03 00:00:00,2020-09-11 00:00:00,Gold,Alternative
1280,Andrew King,USA,Baltimore,58.309999999999995,9,2023-02-19 00:00:00,2023-11-21 00:00:00,Silver,Rock
1281,Aarav Pandey,India,Mumbai,35.65,6,2020-07-26 00:00:00,2020-12-08 00:00:00,Bronze,Alternative & Punk
1282,Emma Roy,Canada,Vaughan,19.35,3,2024-02-09 00:00:00,2024-04-27 00:00:00,Bronze,Rock
1283,Stephanie Wright,USA,Jacksonville,122.15999999999998,16,2021-11-01 00:00:00,2023-06-24 00:00:00,Platinum,Comedy
1284,Anna Schwarz,Germany,Bielefeld,73.75,12,2024-02-14 00:00:00,2025-12-28 00:00:00,Gold,Alternative & Punk
1285,Paul Nguyen,USA,Columbus,52.13,7,2024-11-13 00:00:00,2025-06-01 00:00:00,Silver,Rock
1286,Sophia Fortin,Canada,Surrey,26.819999999999997,4,2025-07-12 00:00:00,2025-10-25 00:00:00,Bronze,Alternative & Punk
1287,Isabela Sousa,Brazil,Belém,130.16,12,2023-07-14 00:00:00,2024-08-28 00:00:00,Platinum,Drama
1288,Melissa Johnson,USA,Fort Worth,192.20000000000002,24,2023-06-07 00:00:00,2025-11-26 00:00:00,Platinum,Latin
1289,Jan Klein,Germany,Dortmund,55.7,10,2022-05-01 00:00:00,2023-02-23 00:00:00,Silver,Rock
1290,Alice Martins,Brazil,Brasília,43.550000000000004,6,2023-10-19 00:00:00,2024-04-06 00:00:00,Silver,Rock
1291,Sophie Walsh,Ireland,Limerick,95.63999999999999,15,2024-07-18 00:00:00,2025-10-21 00:00:00,Gold,Rock
1292,Lucas Costa,Brazil,Rio de Janeiro,56.88,10,2021-08-24 00:00:00,2022-05-28 00:00:00,Silver,Classical
1293,Noah Schäfer,Germany,Bochum,47.519999999999996,12,2020-05-13 00:00:00,2021-12-22 00:00:00,Silver,Rock
1294,Matthew Torres,USA,Los Angeles,31.25,4,2023-12-04 00:00:00,2024-02-24 00:00:00,Bronze,Alternative & Punk
1295,Inès Fournier,France,Grenoble,117.25999999999999,18,2022-02-12 00:00:00,2023-08-28 00:00:00,Platinum,Rock
1296,Isla Anderson,Australia,Sunshine Coast,50.5,9,2019-12-23 00:00:00,2021-02-07 00:00:00,Silver,Rock
1297,Freddie Brown,United Kingdom,Birmingham,43.559999999999995,9,2020-05-28 00:00:00,2021-06-05 00:00:00,Silver,Blues
1298,Charlotte Thomas,Canada,Laval,206.51,27,2023-01-04 00:00:00,2025-10-15 00:00:00,Platinum,Rock
1299,Diego Fernández,Spain,Bilbao,68.93,10,2023-01-22 00:00:00,2023-10-28 00:00:00,Gold,Rock
1300,Tim Hendriks,Netherlands,Utrecht,141.09000000000003,19,2022-10-19 00:00:00,2025-03-11 00:00:00,Platinum,Latin
1301,Lea Robert,France,Lille,65.3,11,2021-10-20 00:00:00,2022-09-08 00:00:00,Silver,Rock
1302,Amy Thompson,USA,Nashville,41.150000000000006,7,2022-07-26 00:00:00,2023-04-04 00:00:00,Silver,Latin
1303,Laura Wilson,USA,Charlotte,193.49999999999997,22,2023-11-13 00:00:00,2025-11-23 00:00:00,Platinum,Blues
1304,Mia Clarke,Australia,Melbourne,11.809999999999999,2,2023-05-05 00:00:00,2023-06-06 00:00:00,Bronze,Metal
1305,Lena Richter,Germany,Düsseldorf,135.48000000000002,22,2020-04-20 00:00:00,2022-07-04 00:00:00,Platinum,Latin
1306,Olivia Williams,United Kingdom,Glasgow,14.969999999999999,2,2022-11-28 00:00:00,2023-01-07 00:00:00,Bronze,Rock
1307,Ashley Nguyen,USA,Phoenix,102.63,9,2024-12-27 00:00:00,2025-12-27 00:00:00,Gold,TV Shows
1308,Vihaan Choudhary,India,Bhopal,65.22,12,2022-05-01 00:00:00,2023-06-03 00:00:00,Silver,Pop
1309,Matthew Anderson,USA,Las Vegas,35.519999999999996,6,2023-06-07 00:00:00,2023-12-13 00:00:00,Bronze,Latin
1310,Sophia Leblanc,Canada,Gatineau,47.47,9,2021-11-17 00:00:00,2022-11-17 00:00:00,Silver,Rock
1311,Grace Lee,Australia,Melbourne,112.36000000000003,18,2021-09-20 00:00:00,2023-05-14 00:00:00,Platinum,Rock
1312,Maximilian Müller,Germany,Leipzig,234.85,36,2021-10-09 00:00:00,2025-03-17 00:00:00,Platinum,Rock
1313,Julia Ribeiro,Brazil,Curitiba,18.81,3,2020-03-03 00:00:00,2020-04-19 00:00:00,Bronze,Rock
1314,Ricardo Martins,Portugal,Braga,41.03,6,2022-08-07 00:00:00,2023-03-12 00:00:00,Silver,Rock
1315,Valeria Gómez,Spain,Murcia,,0,,,Bronze,
1316,Noah Lindström,Sweden,Gothenburg,74.19,10,2024-07-28 00:00:00,2025-11-23 00:00:00,Gold,Rock
1317,Harper MacDonald,Canada,Vaughan,79.96999999999998,10,2025-02-23 00:00:00,2025-12-28 00:00:00,Gold,Alternative & Punk
1318,Petr Dvořák,Czech Republic,Hradec Králové,45.739999999999995,4,2020-07-06 00:00:00,2020-10-25 00:00:00,Silver,TV Shows
1319,Robert Jones,USA,Phoenix,72.56000000000002,12,2022-08-20 00:00:00,2023-05-21 00:00:00,Gold,Electronica/Dance
1320,Rodrigo Silva,Brazil,Rio de Janeiro,161.18,21,2023-05-24 00:00:00,2025-05-22 00:00:00,Platinum,Rock
1321,Isabella Fuentes,Chile,Antofagasta,64.08,9,2023-08-24 00:00:00,2024-07-05 00:00:00,Silver,Alternative & Punk
1322,Amelia Jackson,United Kingdom,Bradford,85.37,14,2022-05-24 00:00:00,2023-08-06 00:00:00,Gold,Rock
1323,Krishna Joshi,India,Jaipur,224.94,25,2019-11-16 00:00:00,2022-01-21 00:00:00,Platinum,Drama
1324,Mia Johnson,Canada,Halifax,27.72,5,2021-04-05 00:00:00,2021-09-06 00:00:00,Bronze,Rock
1325,Oscar Wilson,United Kingdom,Coventry,32.04,3,2023-07-25 00:00:00,2023-09-04 00:00:00,Bronze,Alternative & Punk
1326,William Wilson,USA,San Diego,111.26999999999998,15,2022-05-03 00:00:00,2024-05-24 00:00:00,Platinum,Rock
1327,Sophia Roy,Canada,Surrey,98.95000000000002,15,2022-03-05 00:00:00,2023-08-19 00:00:00,Gold,Metal
1328,Anna Nagy,Hungary,Nyíregyháza,51.25000000000001,8,2022-08-01 00:00:00,2023-04-19 00:00:00,Silver,Alternative & Punk
1329,Donald White,USA,San Diego,29.7,7,2021-01-01 00:00:00,2021-10-28 00:00:00,Bronze,Alternative & Punk
1330,Marie Huber,Austria,Graz,68.83,12,2021-08-11 00:00:00,2022-08-20 00:00:00,Gold,Rock
1331,Kathleen Wilson,USA,Austin,34.91,5,2023-08-21 00:00:00,2024-01-23 00:00:00,Bronze,Rock
1332,Sofia Wagner,Germany,Dortmund,25.16,5,2021-11-26 00:00:00,2022-04-15 00:00:00,Bronze,Rock
1333,Edward Wilson,United Kingdom,Leicester,50.66,5,2025-08-10 00:00:00,2025-12-20 00:00:00,Silver,R&B/Soul
1334,Ava Robinson,United Kingdom,Bristol,37.25,3,2025-08-01 00:00:00,2025-10-25 00:00:00,Bronze,Rock
1335,Valentina Vieira,Brazil,Belém,18.150000000000002,3,2023-11-22 00:00:00,2024-03-16 00:00:00,Bronze,Rock
1336,Pierre Garcia,France,Strasbourg,56.95,7,2023-11-27 00:00:00,2024-05-23 00:00:00,Silver,Rock
1337,Sharon Martin,USA,Nashville,41.58,9,2020-08-27 00:00:00,2021-06-16 00:00:00,Silver,Metal
1338,Tomáš Novák,Czech Republic,Plzeň,105.47000000000003,16,2021-12-15 00:00:00,2023-07-02 00:00:00,Platinum,Metal
1339,Paul Bauer,Germany,Dortmund,65.83,8,2024-09-09 00:00:00,2025-06-03 00:00:00,Gold,Rock
1340,Anna Bakker,Netherlands,Tilburg,92.46000000000001,13,2023-06-23 00:00:00,2024-05-25 00:00:00,Gold,Latin
1341,Jan Schneider,Germany,Cologne,73.28,13,2020-03-25 00:00:00,2021-03-11 00:00:00,Gold,Rock
1342,Joseph Johnson,USA,Houston,30.229999999999997,6,2021-12-13 00:00:00,2022-05-11 00:00:00,Bronze,Rock
1343,Oliver MacDonald,Canada,Vaughan,78.21,16,2019-06-19 00:00:00,2020-10-19 00:00:00,Gold,Rock
1344,Sarah Young,USA,Las Vegas,256.35999999999996,22,2023-10-13 00:00:00,2025-12-26 00:00:00,Platinum,TV Shows
1345,Louis Maes,Belgium,Aalst,15.84,3,2021-05-23 00:00:00,2021-10-06 00:00:00,Bronze,Latin
1346,Romain Fournier,France,Toulouse,19.35,3,2024-02-18 00:00:00,2024-04-28 00:00:00,Bronze,Rock
1347,João Costa,Portugal,Agualva-Cacém,34.65,9,2019-11-27 00:00:00,2021-03-06 00:00:00,Bronze,Rock
1348,Charlotte MacDonald,Canada,Calgary,41.58,8,2019-05-22 00:00:00,2020-03-08 00:00:00,Silver,Rock
1349,Felipe Carvalho,Brazil,Goiânia,102.47999999999999,16,2022-03-02 00:00:00,2023-06-20 00:00:00,Gold,Rock
1350,Sai Pandey,India,Vadodara,20.790000000000003,5,2021-02-22 00:00:00,2021-06-28 00:00:00,Bronze,Alternative & Punk
1351,Tereza Horák,Czech Republic,České Budějovice,51.49000000000001,10,2020-09-02 00:00:00,2022-06-23 00:00:00,Silver,Rock
1352,Sofia Smith,Canada,Vaughan,142.3,18,2024-04-07 00:00:00,2025-12-28 00:00:00,Platinum,Rock
1353,Sofía Torres,Mexico,Nezahualcóyotl,107.94000000000001,18,2020-07-18 00:00:00,2022-07-18 00:00:00,Platinum,Rock And Roll
1354,Charles Garcia,USA,Philadelphia,29.8,2,2025-12-07 00:00:00,2025-12-22 00:00:00,Bronze,Rock
1355,Laura Wilson,USA,Charlotte,51.410000000000004,8,2021-09-12 00:00:00,2022-09-03 00:00:00,Silver,Rock
1356,Paul Müller,Germany,Nuremberg,23.77,5,2020-11-07 00:00:00,2021-03-22 00:00:00,Bronze,Rock
1357,Sarah Nelson,USA,Louisville,107.13999999999999,16,2022-11-26 00:00:00,2024-12-12 00:00:00,Platinum,Rock
1358,Robert Garcia,USA,Chicago,158.85,19,2024-02-01 00:00:00,2025-10-02 00:00:00,Platinum,Rock
1359,Jack Brown,United Kingdom,Glasgow,19.369999999999997,3,2025-09-12 00:00:00,2025-12-01 00:00:00,Bronze,Rock
1360,Felix Meyer,Germany,Berlin,24.79,4,2022-09-05 00:00:00,2023-01-28 00:00:00,Bronze,Rock
1361,Liam David,France,Bordeaux,101.97999999999999,18,2019-12-19 00:00:00,2021-08-05 00:00:00,Gold,Rock
1362,John Thompson,USA,Dallas,142.10999999999999,18,2024-05-20 00:00:00,2025-12-04 00:00:00,Platinum,R&B/Soul
1363,Jan Meyer,Germany,Leipzig,33.84,3,2024-06-28 00:00:00,2024-08-20 00:00:00,Bronze,TV Shows
1364,Olivia Watson,United Kingdom,Cardiff,54.18,9,2021-05-22 00:00:00,2022-03-11 00:00:00,Silver,Blues
1365,Bruno Pereira,Brazil,Campinas,99.96999999999998,16,2022-05-22 00:00:00,2024-04-19 00:00:00,Gold,Latin
1366,Louis Bertrand,France,Lille,86.80999999999999,12,2023-09-17 00:00:00,2024-10-10 00:00:00,Gold,Rock
1367,Davi Ribeiro,Brazil,Guarulhos,114.24000000000001,19,2021-03-28 00:00:00,2022-11-27 00:00:00,Platinum,Blues
1368,Elizabeth King,USA,San Diego,84.44,10,2024-12-25 00:00:00,2025-12-28 00:00:00,Gold,Rock
1369,Matthew Jackson,USA,Louisville,10.41,2,2022-12-19 00:00:00,2023-02-01 00:00:00,Bronze,Metal
1370,Aiden Leblanc,Canada,Winnipeg,276.68,23,2022-04-03 00:00:00,2024-07-03 00:00:00,Platinum,TV Shows
1371,Amy Scott,USA,Houston,35.76,4,2025-08-27 00:00:00,2025-11-05 00:00:00,Bronze,Latin
1372,Michael Schäfer,Germany,Bochum,41.28,6,2024-01-13 00:00:00,2024-07-11 00:00:00,Silver,Rock
1373,Isabella Robinson,United Kingdom,Manchester,159.97999999999996,23,2021-11-14 00:00:00,2024-09-01 00:00:00,Platinum,Rock
1374,Sarah Green,USA,Phoenix,162.29,18,2023-12-07 00:00:00,2025-03-14 00:00:00,Platinum,Latin
1375,Tomáš Krejčí,Czech Republic,Ostrava,114.09000000000002,16,2024-04-17 00:00:00,2025-12-27 00:00:00,Platinum,Metal
1376,Laura Oliveira,Brazil,São Luís,65.35,14,2020-09-05 00:00:00,2021-10-28 00:00:00,Silver,Rock
1377,Dawid Kozłowski,Poland,Kraków,72.17999999999999,9,2022-08-26 00:00:00,2023-07-01 00:00:00,Gold,Comedy
1378,Nathan Fournier,France,Saint-Étienne,100.83000000000001,13,2023-11-21 00:00:00,2025-02-26 00:00:00,Gold,Rock
1379,Diego Muñoz,Chile,Rancagua,47.57,5,2024-11-22 00:00:00,2025-03-28 00:00:00,Silver,Latin
1380,Michal Černý,Czech Republic,Brno,26.18,4,2023-02-17 00:00:00,2023-05-23 00:00:00,Bronze,Latin
1381,Mia Lavoie,Canada,Markham,60.25,8,2024-05-15 00:00:00,2025-04-18 00:00:00,Silver,Latin
1382,Lenka Beneš,Czech Republic,Olomouc,82.72999999999999,12,2024-11-03 00:00:00,2025-12-09 00:00:00,Gold,Rock
1383,Hayato Sato,Japan,Tokyo,55.88,8,2024-08-13 00:00:00,2025-01-08 00:00:00,Silver,Rock
1384,Hannah Wolf,Germany,Munich,23.869999999999997,3,2020-11-14 00:00:00,2021-02-03 00:00:00,Bronze,TV Shows
1385,Michael Schmidt,Germany,Cologne,45.699999999999996,7,2025-01-15 00:00:00,2025-12-07 00:00:00,Silver,Rock
1386,Alexandre Roux,France,Marseille,62.18000000000001,8,2022-08-05 00:00:00,2023-05-15 00:00:00,Silver,Rock
1387,Matthew Miller,USA,Seattle,145.44,23,2021-12-19 00:00:00,2024-01-22 00:00:00,Platinum,Rock
1388,Mia Bauer,Germany,Essen,,0,,,Bronze,
1389,Louis Garcia,France,Lyon,47.300000000000004,9,2022-11-27 00:00:00,2023-12-14 00:00:00,Silver,Rock
1390,William Martin,USA,Los Angeles,148.36,14,2023-01-28 00:00:00,2024-02-17 00:00:00,Platinum,Sci Fi & Fantasy
1391,Ella White,United Kingdom,Bradford,70.01,11,2024-10-10 00:00:00,2025-11-20 00:00:00,Gold,Metal
1392,Jennifer Smith,USA,Phoenix,55.58000000000001,8,2021-09-17 00:00:00,2022-04-18 00:00:00,Silver,Latin
1393,Thomas Green,USA,Seattle,82.14999999999999,10,2023-11-20 00:00:00,2024-08-16 00:00:00,Gold,Rock
1394,Nora Visser,Netherlands,Breda,42.559999999999995,6,2023-08-10 00:00:00,2024-05-07 00:00:00,Silver,Rock
1395,Nathan Maes,Belgium,Brussels,14.19,2,2024-10-27 00:00:00,2024-12-01 00:00:00,Bronze,Latin
1396,Nicolás Mendoza,Mexico,León,41.46,6,2022-02-24 00:00:00,2022-11-13 00:00:00,Silver,Latin
1397,Noah Wagner,Germany,Essen,57.02,5,2024-08-08 00:00:00,2024-12-13 00:00:00,Silver,Drama
1398,David Young,USA,Chicago,21.740000000000002,4,2024-10-22 00:00:00,2024-12-26 00:00:00,Bronze,Alternative & Punk
1399,Matthew Johnson,USA,Baltimore,91.66000000000003,14,2023-06-08 00:00:00,2024-07-12 00:00:00,Gold,Pop
1400,Daniel Watson,United Kingdom,Manchester,114.97000000000001,12,2023-06-02 00:00:00,2024-07-18 00:00:00,Platinum,Drama
1401,Mariana Cruz,Mexico,Puebla,44.55,8,2020-08-04 00:00:00,2021-06-18 00:00:00,Silver,Rock
1402,Wilma Eriksson,Sweden,Västerås,42.57,7,2024-06-23 00:00:00,2024-12-13 00:00:00,Silver,Alternative & Punk
1403,Sebastian Roy,Canada,Vaughan,23.759999999999998,4,2019-12-14 00:00:00,2020-03-18 00:00:00,Bronze,Rock
1404,Markus Müller,Germany,Essen,122.01999999999998,16,2024-03-07 00:00:00,2025-12-28 00:00:00,Platinum,Alternative & Punk
1405,Alfie Jones,United Kingdom,Liverpool,10.43,1,2025-12-28 00:00:00,2025-12-28 00:00:00,Bronze,Alternative & Punk
1406,Catalina Sepúlveda,Chile,Talca,49.72,5,2019-07-18 00:00:00,2020-02-06 00:00:00,Silver,TV Shows
1407,Franco González,Argentina,San Juan,32.94,5,2023-08-15 00:00:00,2024-02-23 00:00:00,Bronze,Rock
1408,Jack Walker,Australia,Townsville,61.92,6,2024-05-22 00:00:00,2024-10-26 00:00:00,Silver,Rock
1409,Jan Koch,Germany,Berlin,120.74,17,2023-02-18 00:00:00,2024-12-26 00:00:00,Platinum,Metal
1410,Louise Thomas,France,Le Havre,101.39,15,2023-03-27 00:00:00,2024-06-04 00:00:00,Gold,Metal
1411,Zoe Bertrand,France,Le Havre,133.92000000000002,23,2020-09-01 00:00:00,2022-12-26 00:00:00,Platinum,Rock
1412,Elias Schwarz,Germany,Munich,52.169999999999995,9,2023-02-07 00:00:00,2024-06-16 00:00:00,Silver,Rock
1413,Kathleen Garcia,USA,Dallas,21.8,3,2021-02-02 00:00:00,2021-06-07 00:00:00,Bronze,Alternative & Punk
1414,Charles Anderson,USA,Las Vegas,113.49,17,2023-01-05 00:00:00,2024-08-01 00:00:00,Platinum,Rock
1415,Jennifer White,USA,Portland,138.66,24,2019-04-06 00:00:00,2021-06-15 00:00:00,Platinum,Latin
1416,Inês Oliveira,Portugal,Setúbal,61.36000000000001,9,2024-06-17 00:00:00,2025-06-04 00:00:00,Silver,Blues
1417,Manuela Lopes,Brazil,Fortaleza,91.85000000000001,12,2024-07-05 00:00:00,2025-12-18 00:00:00,Gold,Rock
1418,Zsófia Papp,Hungary,Szombathely,84.63,11,2023-09-06 00:00:00,2024-07-17 00:00:00,Gold,Bossa Nova
1419,Donald Flores,USA,San Jose,68.86000000000001,11,2021-04-28 00:00:00,2022-09-20 00:00:00,Gold,Alternative & Punk
1420,Jan Schulz,Germany,Essen,92.07,12,2024-08-10 00:00:00,2025-10-28 00:00:00,Gold,Rock
1421,Hannah Klein,Germany,Stuttgart,228.48999999999995,32,2022-06-06 00:00:00,2025-07-25 00:00:00,Platinum,Metal
1422,Catalina Morales,Chile,Antofagasta,143.30999999999997,27,2020-02-18 00:00:00,2022-11-05 00:00:00,Platinum,Blues
1423,Matthew Smith,USA,Memphis,46.19,6,2025-01-28 00:00:00,2025-09-20 00:00:00,Silver,Alternative & Punk
1424,Richard Brown,USA,Phoenix,69.31,14,2020-09-21 00:00:00,2021-12-24 00:00:00,Gold,Rock
1425,Sofía Fernández,Spain,Madrid,60.69,7,2024-11-23 00:00:00,2025-06-10 00:00:00,Silver,Rock
1426,Baptiste Simon,France,Reims,29.43,7,2022-05-06 00:00:00,2022-11-17 00:00:00,Bronze,Classical
1427,Sofía Torres,Chile,Temuco,57.55000000000001,11,2020-12-13 00:00:00,2022-07-10 00:00:00,Silver,Rock
1428,George Robinson,United Kingdom,Edinburgh,51.84,7,2022-08-01 00:00:00,2023-01-06 00:00:00,Silver,Latin
1429,Nathan Laurent,Belgium,Leuven,40.52,8,2021-08-12 00:00:00,2022-09-15 00:00:00,Silver,Rock
1430,Miguel Oliveira,Portugal,Coimbra,77.29,14,2021-10-24 00:00:00,2023-03-06 00:00:00,Gold,Rock
1431,Zoe Morel,France,Lyon,147.84,16,2021-11-21 00:00:00,2023-05-05 00:00:00,Platinum,TV Shows
1432,Patrick Quinn,Ireland,Swords,53.64,6,2025-07-06 00:00:00,2025-12-19 00:00:00,Silver,Hip Hop/Rap
1433,Joseph Flores,USA,Columbus,104.03,16,2023-09-28 00:00:00,2025-04-03 00:00:00,Platinum,Rock
1434,Antoine David,France,Saint-Étienne,34.830000000000005,4,2024-03-27 00:00:00,2024-08-13 00:00:00,Bronze,Rock
1435,Emma Smith,Canada,Mississauga,49.07,7,2022-08-26 00:00:00,2023-06-25 00:00:00,Silver,Latin
1436,Linda Wilson,USA,Columbus,61.790000000000006,8,2023-03-04 00:00:00,2023-09-22 00:00:00,Silver,Reggae
1437,Raphael Bernard,France,Rennes,161.76,23,2023-07-19 00:00:00,2025-03-24 00:00:00,Platinum,Rock
1438,Noah Walker,Australia,Sunshine Coast,106.19,11,2024-12-04 00:00:00,2025-12-16 00:00:00,Platinum,Alternative & Punk
1439,Inês Alves,Portugal,Amadora,10.43,1,2025-10-28 00:00:00,2025-10-28 00:00:00,Bronze,Metal
1440,Sara Navarro,Spain,Málaga,65.58000000000001,8,2025-03-04 00:00:00,2025-12-09 00:00:00,Gold,Rock
1441,Julia Rodrigues,Brazil,Porto Alegre,39.99,4,2024-03-22 00:00:00,2024-05-21 00:00:00,Silver,Blues
1442,Davi Carvalho,Brazil,Salvador,114.84,18,2022-06-28 00:00:00,2024-04-05 00:00:00,Platinum,Rock
1443,Nathan Bernard,France,Nantes,170.24999999999994,24,2023-05-14 00:00:00,2025-12-28 00:00:00,Platinum,Rock
1444,Kevin White,USA,Houston,39.900000000000006,7,2024-05-04 00:00:00,2025-06-21 00:00:00,Silver,Rock
1445,Susan Jackson,USA,Austin,42.57,8,2019-06-25 00:00:00,2020-08-06 00:00:00,Silver,Rock
1446,Matheus Oliveira,Brazil,Guarulhos,126.93,11,2025-02-15 00:00:00,2025-12-16 00:00:00,Platinum,TV Shows
1447,Harry Watson,United Kingdom,Coventry,98.62,12,2024-10-07 00:00:00,2025-10-11 00:00:00,Gold,Soundtrack
1448,Martina Šimánek,Czech Republic,Hradec Králové,10.89,2,2020-05-12 00:00:00,2020-05-25 00:00:00,Bronze,Rock
1449,Yuna Inoue,Japan,Yokohama,37.46,8,2022-06-04 00:00:00,2023-01-11 00:00:00,Bronze,Rock
1450,Kevin Thomas,USA,Jacksonville,223.48999999999998,28,2023-03-21 00:00:00,2025-10-15 00:00:00,Platinum,Electronica/Dance
1451,Catalina Espinoza,Chile,Chillán,67.07000000000001,10,2023-09-06 00:00:00,2024-07-16 00:00:00,Gold,Rock
1452,Lukáš Kratochvíl,Czech Republic,Plzeň,64.35000000000001,10,2019-02-25 00:00:00,2020-01-06 00:00:00,Silver,Alternative & Punk
1453,Abigail Wilson,Canada,Laval,112.62000000000002,20,2021-12-13 00:00:00,2023-12-07 00:00:00,Platinum,Latin
1454,Jessica Williams,USA,Portland,103.86,14,2024-05-08 00:00:00,2025-11-22 00:00:00,Platinum,Rock
1455,Rebecca Jackson,USA,San Diego,42.57,9,2020-09-20 00:00:00,2021-09-12 00:00:00,Silver,Alternative & Punk
1456,Mia Johnson,United Kingdom,Birmingham,66.16,8,2024-11-10 00:00:00,2025-08-28 00:00:00,Gold,Latin
1457,Aiden Tremblay,Canada,London,312.07,49,2021-02-22 00:00:00,2025-11-28 00:00:00,Platinum,Rock
1458,Ricardo Jesus,Portugal,Porto,50.660000000000004,7,2025-03-19 00:00:00,2025-08-27 00:00:00,Silver,Rock
1459,Ava Taylor,Canada,Saskatoon,69.52000000000001,10,2024-11-02 00:00:00,2025-12-24 00:00:00,Gold,Rock
1460,Lucas Silva,Brazil,Porto Alegre,107.54999999999998,17,2020-07-20 00:00:00,2022-01-12 00:00:00,Platinum,Blues
1461,Patricia Jackson,USA,Chicago,49.169999999999995,7,2025-02-17 00:00:00,2025-12-23 00:00:00,Silver,Rock
1462,Alice Carvalho,Brazil,Porto Alegre,54.44,7,2024-12-24 00:00:00,2025-11-27 00:00:00,Silver,Latin
1463,Oliver Wright,United Kingdom,Edinburgh,62.51,10,2021-04-23 00:00:00,2022-02-07 00:00:00,Silver,Metal
1464,Elias Larsen,Denmark,Kolding,28.71,6,2020-06-07 00:00:00,2020-11-23 00:00:00,Bronze,Rock
1465,Aada Lehtinen,Finland,Turku,14.41,1,2025-12-24 00:00:00,2025-12-24 00:00:00,Bronze,Easy Listening
1466,Avery Lavoie,Canada,Toronto,69.84,10,2023-01-23 00:00:00,2024-02-28 00:00:00,Gold,Latin
1467,Harper Robinson,Canada,Markham,112.24000000000001,16,2023-05-01 00:00:00,2025-03-16 00:00:00,Platinum,Alternative & Punk
1468,Linda Hill,USA,Seattle,121.96999999999997,18,2023-02-16 00:00:00,2025-03-09 00:00:00,Platinum,Metal
1469,Jana Horáček,Czech Republic,Liberec,72.34,10,2023-07-28 00:00:00,2024-04-10 00:00:00,Gold,Rock
1470,Inês Lopes,Portugal,Viseu,31.29,6,2025-04-26 00:00:00,2025-09-18 00:00:00,Bronze,World
1471,Robert Green,USA,Phoenix,49.88999999999999,9,2023-02-27 00:00:00,2023-11-28 00:00:00,Silver,Latin
1472,Maximilian Schwarz,Germany,Leipzig,49.5,10,2019-03-25 00:00:00,2020-03-20 00:00:00,Silver,Rock
1473,Lina Schäfer,Germany,Munich,144.42999999999995,22,2022-11-21 00:00:00,2024-11-02 00:00:00,Platinum,Jazz
1474,Manuela Rodrigues,Brazil,São Paulo,162.19999999999996,18,2024-08-26 00:00:00,2025-12-20 00:00:00,Platinum,Latin
1475,William Wright,USA,Phoenix,58.11,7,2025-04-08 00:00:00,2025-09-08 00:00:00,Silver,Rock
1476,Baptiste Garcia,France,Nantes,7.45,1,2025-12-10 00:00:00,2025-12-10 00:00:00,Bronze,Alternative & Punk
1477,Sophie Eder,Austria,Innsbruck,105.48,13,2024-06-18 00:00:00,2025-12-25 00:00:00,Platinum,R&B/Soul
1478,Chloe Garcia,France,Angers,101.32000000000001,16,2021-03-22 00:00:00,2022-07-10 00:00:00,Gold,Jazz
1479,Bruno Santos,Portugal,Viseu,27.810000000000002,4,2024-04-02 00:00:00,2024-07-07 00:00:00,Bronze,Rock
1480,Valentina Torres,Mexico,Juárez,55.28000000000001,8,2024-02-09 00:00:00,2024-06-24 00:00:00,Silver,Latin
1481,Elizabeth Flores,USA,San Jose,130.24,18,2023-09-02 00:00:00,2025-08-10 00:00:00,Platinum,Classical
1482,Jan Schäfer,Germany,Wuppertal,11.92,2,2025-11-08 00:00:00,2025-12-05 00:00:00,Bronze,Pop
1483,Gabriel Moreau,France,Toulon,191.96,34,2020-08-15 00:00:00,2023-09-27 00:00:00,Platinum,Alternative & Punk
1484,Amy Williams,USA,Dallas,6.45,1,2024-08-19 00:00:00,2024-08-19 00:00:00,Bronze,Metal
1485,Charles Williams,USA,Dallas,72.65,12,2021-11-28 00:00:00,2023-01-21 00:00:00,Gold,Rock
1486,Charlotte Taylor,Australia,Adelaide,36.75,5,2021-10-07 00:00:00,2022-01-05 00:00:00,Bronze,Rock
1487,Nana Yamaguchi,Japan,Kawasaki,87.7,13,2023-05-25 00:00:00,2024-11-02 00:00:00,Gold,Rock
1488,Leon Koch,Germany,Düsseldorf,2.98,1,2025-11-28 00:00:00,2025-11-28 00:00:00,Bronze,Rock
1489,Camille Simon,Belgium,Bruges,109.72,9,2023-09-04 00:00:00,2024-04-19 00:00:00,Platinum,Sci Fi & Fantasy
1490,Liam Andersson,Sweden,Uppsala,43.21,7,2025-03-14 00:00:00,2025-12-23 00:00:00,Silver,R&B/Soul
1491,Henry Jones,Australia,Cairns,25.25,5,2021-09-04 00:00:00,2022-01-25 00:00:00,Bronze,Rock
1492,Pedro Santos,Brazil,Rio de Janeiro,55.470000000000006,10,2023-09-01 00:00:00,2024-06-26 00:00:00,Silver,Metal
1493,Charlotte Bouchard,Canada,Vancouver,58.74000000000001,5,2025-04-17 00:00:00,2025-09-28 00:00:00,Silver,TV Shows
1494,Rafael Martins,Brazil,Belém,211.78000000000003,24,2022-10-04 00:00:00,2025-12-13 00:00:00,Platinum,Rock
1495,Isabella Lewis,United Kingdom,Sunderland,47.72,5,2020-12-02 00:00:00,2021-04-22 00:00:00,Silver,TV Shows
1496,Davi Rodrigues,Brazil,Recife,111.68999999999998,14,2024-01-13 00:00:00,2025-09-15 00:00:00,Platinum,Rock
1497,Jonas Weber,Germany,Dresden,322.86999999999995,33,2019-04-25 00:00:00,2022-03-28 00:00:00,Platinum,TV Shows
1498,Mark Johnson,USA,San Jose,71.89,11,2022-08-04 00:00:00,2023-05-28 00:00:00,Gold,Alternative & Punk
1499,Cynthia Smith,USA,Dallas,132.21999999999997,19,2023-08-20 00:00:00,2025-12-04 00:00:00,Platinum,Rock
1500,Lea Schröder,Germany,Wuppertal,25.33,3,2025-10-28 00:00:00,2025-12-28 00:00:00,Bronze,R&B/Soul
1501,Liam De Vries,Netherlands,Rotterdam,64.76,10,2024-12-02 00:00:00,2025-10-15 00:00:00,Silver,Rock
1502,Susan Green,USA,Seattle,81.47,7,2021-11-28 00:00:00,2022-08-27 00:00:00,Gold,Drama
1503,William Fortin,Canada,Vancouver,79.46,11,2024-09-13 00:00:00,2025-09-02 00:00:00,Gold,Metal
1504,Emma De Groot,Netherlands,The Hague,60.82,12,2021-06-15 00:00:00,2022-07-26 00:00:00,Silver,Rock
1505,Sofia Neumann,Germany,Essen,94.86000000000001,12,2024-05-21 00:00:00,2025-09-25 00:00:00,Gold,Rock
1506,Michael Schwarz,Germany,Bochum,114.6,16,2024-07-12 00:00:00,2025-11-09 00:00:00,Platinum,Rock
1507,Kateřina Beneš,Czech Republic,Hradec Králové,3.27,1,2022-05-03 00:00:00,2022-05-03 00:00:00,Bronze,Alternative & Punk
1508,Ava Thomas,United Kingdom,Cardiff,42.39,8,2021-03-19 00:00:00,2022-02-25 00:00:00,Silver,Rock
1509,Helena Ferreira,Brazil,São Paulo,85.18,14,2020-06-28 00:00:00,2021-12-16 00:00:00,Gold,Latin
1510,Abigail Cote,Canada,Mississauga,6.93,2,2021-06-28 00:00:00,2021-07-25 00:00:00,Bronze,Rock
1511,Natalia Zieliński,Poland,Gdańsk,102.74,18,2021-04-19 00:00:00,2022-09-24 00:00:00,Platinum,Rock
1512,Ethan Michel,France,Nice,65.87,8,2023-07-28 00:00:00,2024-10-03 00:00:00,Gold,Latin
1513,Sofía González,Spain,Valencia,68.54,10,2023-05-15 00:00:00,2024-07-04 00:00:00,Gold,Rock
1514,Evelyn Leblanc,Canada,Halifax,127.70000000000002,21,2023-03-26 00:00:00,2025-06-22 00:00:00,Platinum,Rock
1515,Heitor Rodrigues,Brazil,Porto Alegre,216.68000000000004,26,2023-05-04 00:00:00,2025-12-05 00:00:00,Platinum,Blues
1516,Lukas Schäfer,Germany,Bochum,101.76,18,2022-11-28 00:00:00,2024-07-06 00:00:00,Gold,Rock
1517,Andrew Moore,USA,Indianapolis,30.520000000000003,5,2022-01-05 00:00:00,2022-05-25 00:00:00,Bronze,Rock
1518,Lauri Järvinen,Finland,Espoo,84.98,17,2020-07-24 00:00:00,2022-03-09 00:00:00,Gold,Jazz
1519,Agustina García,Argentina,Mendoza,112.89,18,2021-07-05 00:00:00,2023-09-12 00:00:00,Platinum,Alternative & Punk
1520,Oscar Taylor,United Kingdom,Sunderland,81.97,9,2025-01-19 00:00:00,2025-12-11 00:00:00,Gold,Latin
1521,Zoe Simon,France,Grenoble,153.34999999999997,28,2020-05-19 00:00:00,2023-05-28 00:00:00,Platinum,Alternative & Punk
1522,Liam Taylor,Canada,Toronto,56.57000000000001,13,2021-06-28 00:00:00,2022-11-18 00:00:00,Silver,Metal
1523,Elias Wolf,Germany,Essen,166.04,27,2019-08-07 00:00:00,2022-02-06 00:00:00,Platinum,Rock
1524,Mia Jones,Australia,Newcastle,112.19999999999999,14,2024-08-06 00:00:00,2025-11-28 00:00:00,Platinum,Latin
1525,Antoine Dubois,France,Reims,104.68,19,2020-10-18 00:00:00,2022-11-02 00:00:00,Platinum,Rock
1526,Florian Berger,Austria,Graz,92.99000000000001,14,2020-12-24 00:00:00,2022-03-13 00:00:00,Gold,Alternative & Punk
1527,Felipe Pereira,Brazil,Belo Horizonte,93.09,16,2019-09-02 00:00:00,2021-03-22 00:00:00,Gold,Rock
1528,Isabella Sosa,Argentina,Santa Fe,171.97999999999993,32,2020-09-23 00:00:00,2023-10-11 00:00:00,Platinum,Metal
1529,Oliver Mäkinen,Finland,Tampere,124.21999999999997,16,2024-03-14 00:00:00,2025-10-06 00:00:00,Platinum,Alternative & Punk
1530,Andreas Weber,Germany,Bremen,33.54,5,2024-04-10 00:00:00,2024-07-10 00:00:00,Bronze,Latin
1531,Noah Martin,Canada,Gatineau,129.55,15,2024-02-13 00:00:00,2025-03-27 00:00:00,Platinum,Rock
1532,Nathan Petit,France,Angers,40.84,6,2022-02-07 00:00:00,2023-01-28 00:00:00,Silver,Rock
1533,Linda Nelson,USA,Fort Worth,50.4,7,2023-10-17 00:00:00,2024-06-03 00:00:00,Silver,Metal
1534,Zsolt Lakatos,Hungary,Kecskemét,61.45,9,2022-03-14 00:00:00,2023-01-15 00:00:00,Silver,Rock
1535,Lea Bauer,Germany,Bielefeld,18.53,4,2022-06-26 00:00:00,2022-11-13 00:00:00,Bronze,Latin
1536,Emily Roberts,United Kingdom,Glasgow,37.64,6,2019-12-03 00:00:00,2020-04-15 00:00:00,Bronze,Latin
1537,William Anderson,Canada,Ottawa,167.95999999999995,29,2020-08-07 00:00:00,2023-11-13 00:00:00,Platinum,Rock
1538,Isla Brown,United Kingdom,Cardiff,79.5,7,2023-04-21 00:00:00,2023-09-13 00:00:00,Gold,TV Shows
1539,Anthony Moore,USA,San Diego,155.18,19,2023-09-19 00:00:00,2025-11-12 00:00:00,Platinum,Rock
1540,Camila Fernández,Argentina,Buenos Aires,117.46000000000001,10,2024-11-13 00:00:00,2025-11-28 00:00:00,Platinum,TV Shows
1541,Sara Mancini,Italy,Milan,49.17,6,2025-07-18 00:00:00,2025-12-19 00:00:00,Silver,Hip Hop/Rap
1542,David Jackson,USA,Dallas,9.030000000000001,2,2024-09-01 00:00:00,2024-12-05 00:00:00,Bronze,Latin
1543,Mateo López,Chile,Antofagasta,32.24,6,2023-10-12 00:00:00,2024-08-01 00:00:00,Bronze,Rock
1544,Cynthia Hill,USA,Columbus,61.089999999999996,8,2025-02-17 00:00:00,2025-12-12 00:00:00,Silver,Latin
1545,Krishna Singh,India,Patna,30.799999999999997,4,2025-09-02 00:00:00,2025-11-08 00:00:00,Bronze,Latin
1546,Martina Fernández,Spain,Barcelona,42.52,7,2022-04-09 00:00:00,2022-12-10 00:00:00,Silver,Latin
1547,Sharon Miller,USA,San Jose,124.71,17,2023-07-24 00:00:00,2025-06-03 00:00:00,Platinum,Rock
1548,Laura Barbosa,Brazil,Brasília,32.78,2,2025-11-01 00:00:00,2025-12-10 00:00:00,Bronze,Rock
1549,Lucas Mitchell,Australia,Wollongong,23.22,2,2024-03-10 00:00:00,2024-03-26 00:00:00,Bronze,Latin
1550,Laura Allen,USA,Columbus,167.67999999999998,15,2024-05-16 00:00:00,2025-11-06 00:00:00,Platinum,TV Shows
1551,Liam Lee,Canada,Toronto,15.47,3,2023-03-19 00:00:00,2023-05-18 00:00:00,Bronze,Latin
1552,Mark Green,USA,Dallas,93.37,12,2024-10-28 00:00:00,2025-12-19 00:00:00,Gold,Rock
1553,Benjamin Rodrigues,Brazil,Recife,73.44,10,2024-01-05 00:00:00,2025-01-23 00:00:00,Gold,Metal
1554,Jan Blažek,Czech Republic,Ostrava,124.62000000000002,15,2022-08-20 00:00:00,2023-11-04 00:00:00,Platinum,Sci Fi & Fantasy
1555,Filipa Alves,Portugal,Viseu,110.22000000000001,15,2022-08-17 00:00:00,2024-04-03 00:00:00,Platinum,Jazz
1556,Maximilian Hoffmann,Germany,Cologne,106.93,16,2023-01-10 00:00:00,2024-02-24 00:00:00,Platinum,Metal
1557,Martin Novák,Czech Republic,Ostrava,109.13000000000001,18,2021-10-23 00:00:00,2023-06-14 00:00:00,Platinum,Alternative & Punk
1558,Jessica Jackson,USA,Columbus,28.72,5,2021-03-27 00:00:00,2021-07-05 00:00:00,Bronze,Rock
1559,Emma Claeys,Belgium,Mons,69.37,10,2024-04-01 00:00:00,2025-01-09 00:00:00,Gold,Latin
1560,Beatriz Rodrigues,Brazil,Salvador,145.70999999999998,14,2024-11-26 00:00:00,2025-12-26 00:00:00,Platinum,Alternative & Punk
1561,João Carvalho,Portugal,Amadora,165.05999999999995,28,2021-04-27 00:00:00,2024-05-28 00:00:00,Platinum,Jazz
1562,Anna Janssen,Netherlands,Almere,37.989999999999995,6,2023-03-23 00:00:00,2023-08-03 00:00:00,Bronze,World
1563,Nora Meijer,Netherlands,Rotterdam,46.19,6,2025-05-23 00:00:00,2025-11-26 00:00:00,Silver,Rock
1564,Andreas Wolf,Germany,Duisburg,121.75000000000001,15,2023-09-27 00:00:00,2024-12-18 00:00:00,Platinum,Rock
1565,Theo Costa,Brazil,São Luís,,0,,,Bronze,
1566,Ava Jones,United Kingdom,London,105.64999999999999,14,2023-02-10 00:00:00,2024-12-06 00:00:00,Platinum,Latin
1567,Susan Allen,USA,Phoenix,71.52,7,2025-03-17 00:00:00,2025-12-11 00:00:00,Gold,Rock
1568,Joseph Nguyen,USA,Charlotte,8.94,1,2025-12-08 00:00:00,2025-12-08 00:00:00,Bronze,Rock
1569,Álvaro Jiménez,Spain,Bilbao,85.43,11,2024-12-24 00:00:00,2025-12-11 00:00:00,Gold,Rock
1570,Inès Thomas,France,Reims,104.68999999999998,16,2023-04-03 00:00:00,2024-11-17 00:00:00,Platinum,Latin
1571,Maxime David,France,Saint-Étienne,20.23,4,2023-04-24 00:00:00,2023-07-01 00:00:00,Bronze,Metal
1572,Neha Verma,India,Indore,118.62999999999998,15,2023-06-11 00:00:00,2025-05-01 00:00:00,Platinum,Rock
1573,Charlie Lewis,United Kingdom,Bradford,111.24,18,2021-12-25 00:00:00,2023-07-15 00:00:00,Platinum,Rock
1574,Diego Sepúlveda,Chile,Talca,27.240000000000002,4,2021-08-15 00:00:00,2022-01-23 00:00:00,Bronze,Rock
1575,William Anderson,Canada,Ottawa,130.89,15,2024-07-19 00:00:00,2025-11-28 00:00:00,Platinum,Rock
1576,Amelia Lewis,United Kingdom,Leeds,10.43,1,2025-08-01 00:00:00,2025-08-01 00:00:00,Bronze,Rock
1577,Karen Allen,USA,Dallas,126.60000000000001,15,2024-04-23 00:00:00,2025-12-24 00:00:00,Platinum,Alternative & Punk
1578,Sofía Sánchez,Mexico,Mexico City,114.99000000000001,8,2025-01-20 00:00:00,2025-11-22 00:00:00,Platinum,TV Shows
1579,Charles Johnson,USA,Austin,50.660000000000004,5,2025-06-18 00:00:00,2025-10-19 00:00:00,Silver,Rock
1580,Cynthia Johnson,USA,Houston,53.28000000000001,8,2023-11-02 00:00:00,2024-08-09 00:00:00,Silver,Rock
1581,María Fernández,Spain,Murcia,75.35,8,2024-07-27 00:00:00,2025-12-17 00:00:00,Gold,TV Shows
1582,Yuto Hayashi,Japan,Kawasaki,33.230000000000004,6,2023-01-25 00:00:00,2023-09-06 00:00:00,Bronze,Alternative
1583,Diogo Marques,Portugal,Amadora,57.31,8,2024-10-22 00:00:00,2025-12-14 00:00:00,Silver,Alternative & Punk
1584,Sophie Mitchell,Australia,Gold Coast,82.01,15,2021-02-04 00:00:00,2022-11-19 00:00:00,Gold,Rock
1585,Pari Rao,India,Bangalore,18.97,2,2024-10-27 00:00:00,2024-11-16 00:00:00,Bronze,Metal
1586,Charles Smith,USA,Baltimore,109.41999999999999,15,2024-02-21 00:00:00,2025-11-28 00:00:00,Platinum,Rock
1587,Kateřina Dvořák,Czech Republic,Ostrava,59.11,5,2025-06-20 00:00:00,2025-12-23 00:00:00,Silver,Rock
1588,Esteban Cruz,Colombia,Bogotá,119.06,17,2023-06-24 00:00:00,2024-12-28 00:00:00,Platinum,Rock
1589,Sarah Davis,USA,Seattle,72.67999999999999,8,2025-04-16 00:00:00,2025-12-06 00:00:00,Gold,Drama
1590,Sharon Young,USA,Las Vegas,34.51,5,2023-07-26 00:00:00,2023-12-05 00:00:00,Bronze,Latin
1591,Mary Jones,USA,San Diego,217.53999999999988,33,2021-03-02 00:00:00,2024-08-02 00:00:00,Platinum,Metal
1592,Alessandro Giordano,Italy,Venice,118.96000000000001,15,2024-06-10 00:00:00,2025-12-10 00:00:00,Platinum,Metal
1593,Luciana Aguirre,Argentina,Buenos Aires,43.56,7,2021-05-02 00:00:00,2021-11-14 00:00:00,Silver,Latin
1594,Martin Beneš,Czech Republic,Hradec Králové,57.620000000000005,9,2021-03-14 00:00:00,2022-02-03 00:00:00,Silver,R&B/Soul
1595,Jana Kratochvíl,Czech Republic,Brno,2.98,1,2025-11-22 00:00:00,2025-11-22 00:00:00,Bronze,Metal
1596,Sara Bianchi,Italy,Verona,72.10000000000002,15,2021-02-06 00:00:00,2022-07-28 00:00:00,Gold,Rock
1597,Jonas Neumann,Germany,Cologne,92.07000000000001,13,2024-07-16 00:00:00,2025-11-09 00:00:00,Gold,Rock
1598,Laura Lima,Brazil,Guarulhos,54.98000000000001,7,2024-08-10 00:00:00,2025-01-06 00:00:00,Silver,Jazz
1599,Ágnes Németh,Hungary,Budapest,7.45,1,2025-10-24 00:00:00,2025-10-24 00:00:00,Bronze,Alternative & Punk
1600,Olivia Gagnon,Canada,Halifax,142.06,20,2022-10-25 00:00:00,2024-09-09 00:00:00,Platinum,Rock
1601,Laura Jiménez,Colombia,Cúcuta,53.010000000000005,8,2021-06-28 00:00:00,2022-06-10 00:00:00,Silver,Rock
1602,Harper Lee,Canada,Gatineau,66.72,10,2024-02-10 00:00:00,2025-04-20 00:00:00,Gold,Rock
1603,Ana Pinto,Portugal,Setúbal,81.42,10,2024-09-04 00:00:00,2025-05-11 00:00:00,Gold,Classical
1604,Charlie Williams,United Kingdom,Liverpool,70.86999999999999,7,2023-08-16 00:00:00,2024-08-04 00:00:00,Gold,TV Shows
1605,Lauri Turunen,Finland,Espoo,76.87,11,2023-01-19 00:00:00,2024-01-09 00:00:00,Gold,Alternative & Punk
1606,Amelia Evans,United Kingdom,Sunderland,14.96,3,2021-10-03 00:00:00,2022-03-06 00:00:00,Bronze,Rock
1607,Sara Ruiz,Spain,Las Palmas,39.6,7,2021-01-19 00:00:00,2021-10-12 00:00:00,Bronze,Rock
1608,Valeria Navarro,Spain,Murcia,66.35,10,2023-04-28 00:00:00,2024-02-19 00:00:00,Gold,Rock
1609,Alice Vieira,Brazil,Recife,59.410000000000004,11,2020-06-27 00:00:00,2021-04-28 00:00:00,Silver,Alternative & Punk
1610,Miguel Pereira,Brazil,Porto Alegre,103.2,16,2022-03-19 00:00:00,2023-11-15 00:00:00,Platinum,Rock
1611,Patricia Jackson,USA,Los Angeles,34.66,5,2020-01-04 00:00:00,2020-06-23 00:00:00,Bronze,Metal
1612,Marie Mayr,Austria,Graz,32.56,5,2024-08-03 00:00:00,2025-01-19 00:00:00,Bronze,Alternative & Punk
1613,Veronika Kratochvíl,Czech Republic,České Budějovice,65.55999999999999,7,2025-05-18 00:00:00,2025-12-08 00:00:00,Gold,Rock
1614,Zsófia Tóth,Hungary,Érd,37.41,4,2024-08-24 00:00:00,2024-12-08 00:00:00,Bronze,Rock
1615,Barbara Flores,USA,New York,98.02,17,2019-09-08 00:00:00,2021-07-16 00:00:00,Gold,Rock
1616,Sharon Wright,USA,Chicago,55.50000000000001,8,2024-04-16 00:00:00,2025-05-15 00:00:00,Silver,Rock
1617,Sofia Cote,Canada,Surrey,105.0,12,2024-10-28 00:00:00,2025-12-19 00:00:00,Platinum,Rock
1618,Barbara Davis,USA,Los Angeles,44.989999999999995,6,2024-12-09 00:00:00,2025-07-23 00:00:00,Silver,Latin
1619,Sofia Díaz,Argentina,Salta,50.050000000000004,9,2022-08-12 00:00:00,2023-04-27 00:00:00,Silver,Rock
1620,Stephanie Taylor,USA,Chicago,109.25,11,2024-11-20 00:00:00,2025-12-24 00:00:00,Platinum,Comedy
1621,Mia Tremblay,Canada,Edmonton,118.17000000000002,15,2022-12-09 00:00:00,2024-10-17 00:00:00,Platinum,Rock
1622,Laura Taylor,USA,Baltimore,32.67,5,2020-04-19 00:00:00,2020-09-12 00:00:00,Bronze,Classical
1623,Kevin Davis,USA,Philadelphia,61.089999999999996,7,2025-06-15 00:00:00,2025-12-09 00:00:00,Silver,Rock
1624,Gabriel Thomas,France,Toulon,38.06,6,2022-07-12 00:00:00,2023-02-03 00:00:00,Bronze,Rock
1625,Samuel Johnson,United Kingdom,Leicester,64.38,11,2020-09-13 00:00:00,2021-08-18 00:00:00,Silver,Rock
1626,Paul Smith,USA,Charlotte,39.6,7,2020-12-28 00:00:00,2021-11-10 00:00:00,Bronze,Rock
1627,Sofia Schwarz,Germany,Frankfurt,204.54999999999998,24,2023-12-13 00:00:00,2025-09-23 00:00:00,Platinum,Blues
1628,Sofia Smith,Canada,Brampton,55.809999999999995,9,2022-02-06 00:00:00,2023-04-15 00:00:00,Silver,Rock
1629,Logan Bouchard,Canada,Mississauga,105.82999999999998,15,2024-01-28 00:00:00,2025-08-14 00:00:00,Platinum,Latin
1630,Mary Scott,USA,Austin,60.230000000000004,10,2023-12-23 00:00:00,2024-11-13 00:00:00,Silver,Rock
1631,James King,Australia,Newcastle,140.77000000000004,20,2023-02-14 00:00:00,2024-09-27 00:00:00,Platinum,Rock
1632,Veronika Pokorný,Czech Republic,Ostrava,11.92,2,2025-10-19 00:00:00,2025-12-12 00:00:00,Bronze,R&B/Soul
1633,Alexandre Simon,France,Nice,210.18999999999994,31,2022-07-08 00:00:00,2025-12-03 00:00:00,Platinum,Alternative & Punk
1634,Jennifer Hill,USA,Charlotte,102.81000000000002,11,2025-01-06 00:00:00,2025-12-25 00:00:00,Platinum,Rock
1635,Éva Oláh,Hungary,Érd,71.53000000000002,9,2023-08-17 00:00:00,2024-07-09 00:00:00,Gold,Rock
1636,Julien Thomas,France,Nice,195.71999999999997,30,2021-11-04 00:00:00,2025-05-08 00:00:00,Platinum,Alternative & Punk
1637,Caoimhe Smith,Ireland,Swords,,0,,,Bronze,
1638,Anika Malhotra,India,Visakhapatnam,28.340000000000003,4,2021-11-14 00:00:00,2022-03-12 00:00:00,Bronze,Jazz
1639,Lily Jackson,United Kingdom,Bristol,118.07000000000001,15,2024-03-24 00:00:00,2025-12-12 00:00:00,Platinum,Latin
1640,Isabella Taylor,Canada,Markham,93.08000000000001,14,2019-12-13 00:00:00,2020-11-14 00:00:00,Gold,Alternative & Punk
1641,Andre Costa,Brazil,Curitiba,,0,,,Bronze,
1642,Pedro Marques,Portugal,Almada,76.43,14,2021-11-16 00:00:00,2023-01-16 00:00:00,Gold,Rock
1643,James Bouchard,Canada,Surrey,23.220000000000002,4,2024-04-06 00:00:00,2024-11-05 00:00:00,Bronze,Alternative & Punk
1644,Thomas Davis,USA,Dallas,55.33,8,2022-08-09 00:00:00,2023-05-08 00:00:00,Silver,Jazz
1645,Nathan Janssen,Belgium,Brussels,37.04,8,2021-09-22 00:00:00,2022-04-01 00:00:00,Bronze,Rock
1646,Sharon Davis,USA,Memphis,41.230000000000004,5,2025-04-18 00:00:00,2025-07-15 00:00:00,Silver,Hip Hop/Rap
1647,Jackson Smith,Canada,Laval,59.4,11,2019-08-20 00:00:00,2020-06-27 00:00:00,Silver,Metal
1648,Agustina Sánchez,Argentina,Mendoza,41.629999999999995,7,2022-09-03 00:00:00,2023-03-18 00:00:00,Silver,Alternative
1649,Clara Møller,Denmark,Copenhagen,64.36,10,2019-12-23 00:00:00,2021-04-13 00:00:00,Silver,Jazz
1650,Matthew Wright,USA,Houston,60.42,8,2023-05-13 00:00:00,2024-04-08 00:00:00,Silver,Rock
1651,Jennifer Wright,USA,San Diego,82.16999999999999,16,2019-08-14 00:00:00,2021-06-12 00:00:00,Gold,Rock
1652,Michael Adams,USA,Denver,116.34999999999998,16,2023-11-04 00:00:00,2025-08-06 00:00:00,Platinum,Metal
1653,Sara López,Spain,Madrid,58.42,10,2019-07-06 00:00:00,2020-07-28 00:00:00,Silver,Rock
1654,Emily Johnson,Canada,Vaughan,88.49,11,2024-10-28 00:00:00,2025-12-26 00:00:00,Gold,Hip Hop/Rap
1655,Alexandre Morel,France,Bordeaux,178.32999999999998,25,2023-05-05 00:00:00,2025-08-06 00:00:00,Platinum,Rock
1656,Charles Adams,USA,Fort Worth,11.899999999999999,2,2023-08-17 00:00:00,2023-11-08 00:00:00,Bronze,Latin
1657,Luca Wagner,Germany,Munich,47.75,8,2021-03-28 00:00:00,2022-05-28 00:00:00,Silver,Latin
1658,Anthony Davis,USA,Jacksonville,38.83,6,2024-10-28 00:00:00,2025-05-22 00:00:00,Bronze,Rock
1659,James Scott,USA,Seattle,60.440000000000005,7,2024-02-16 00:00:00,2024-10-08 00:00:00,Silver,Alternative & Punk
1660,Louise David,France,Nice,3.96,1,2019-09-15 00:00:00,2019-09-15 00:00:00,Bronze,Metal
1661,Patricia Smith,USA,Jacksonville,12.9,2,2024-04-13 00:00:00,2024-07-02 00:00:00,Bronze,Classical
1662,Joshua Thompson,United Kingdom,Leicester,11.61,1,2024-05-24 00:00:00,2024-05-24 00:00:00,Bronze,Rock
1663,Felipe Barbosa,Brazil,Guarulhos,58.86000000000001,8,2022-01-28 00:00:00,2022-11-18 00:00:00,Silver,Rock
1664,Avery Cote,Canada,Vancouver,45.28,8,2021-12-28 00:00:00,2022-10-02 00:00:00,Silver,Metal
1665,Leon Schulz,Germany,Dortmund,96.71999999999998,12,2024-09-02 00:00:00,2025-08-19 00:00:00,Gold,Alternative & Punk
1666,Hugo Moreau,France,Reims,99.14000000000001,13,2024-02-19 00:00:00,2024-12-17 00:00:00,Gold,Rock
1667,Lea Morel,France,Angers,130.56,17,2023-02-07 00:00:00,2024-06-19 00:00:00,Platinum,Rock
1668,Sean Gallagher,Ireland,Waterford,,0,,,Bronze,
1669,Reyansh Patel,India,Jaipur,12.870000000000001,2,2021-09-13 00:00:00,2021-11-15 00:00:00,Bronze,Metal
1670,Petr Novotný,Czech Republic,Liberec,197.66,28,2022-10-08 00:00:00,2025-12-15 00:00:00,Platinum,Metal
1671,Poppy White,United Kingdom,Coventry,76.88,10,2024-12-05 00:00:00,2025-12-11 00:00:00,Gold,Alternative
1672,Jack O'Reilly,Ireland,Navan,42.589999999999996,9,2020-06-28 00:00:00,2021-02-08 00:00:00,Silver,Metal
1673,Liam Garcia,France,Reims,33.78,3,2025-10-10 00:00:00,2025-12-15 00:00:00,Bronze,Rock
1674,Klaus Schäfer,Germany,Leipzig,89.14,15,2019-08-28 00:00:00,2021-04-01 00:00:00,Gold,Rock
1675,Suresh Mishra,India,Bangalore,43.21,4,2025-04-14 00:00:00,2025-08-06 00:00:00,Silver,Latin
1676,Ben Neumann,Germany,Bochum,36.18,5,2022-09-04 00:00:00,2023-05-03 00:00:00,Bronze,Rock
1677,Atharv Patel,India,Visakhapatnam,61.62,8,2023-09-28 00:00:00,2024-07-16 00:00:00,Silver,Hip Hop/Rap
1678,Elias Kristensen,Denmark,Vejle,89.12000000000002,15,2022-03-01 00:00:00,2023-06-21 00:00:00,Gold,Latin
1679,Mary Miller,USA,Baltimore,124.04000000000002,18,2023-08-03 00:00:00,2025-02-01 00:00:00,Platinum,Latin
1680,Charles Thompson,USA,Charlotte,236.99999999999997,34,2022-03-12 00:00:00,2025-03-16 00:00:00,Platinum,Rock
1681,Nuno Martins,Portugal,Setúbal,40.46000000000001,7,2023-03-05 00:00:00,2023-12-01 00:00:00,Silver,Rock
1682,Laura Lopes,Brazil,Salvador,161.40999999999997,26,2019-05-02 00:00:00,2021-06-27 00:00:00,Platinum,Rock
1683,Markus Becker,Germany,Duisburg,62.08999999999999,10,2022-12-18 00:00:00,2023-12-15 00:00:00,Silver,Latin
1684,Rafael Almeida,Brazil,Salvador,59.330000000000005,11,2021-04-22 00:00:00,2022-02-26 00:00:00,Silver,Rock
1685,Rebecca Allen,USA,Austin,83.66000000000001,11,2024-01-04 00:00:00,2024-11-12 00:00:00,Gold,Rock
1686,Arthur Lopes,Brazil,Manaus,78.81,14,2024-01-02 00:00:00,2025-08-11 00:00:00,Gold,Metal
1687,Zuzanna Kowalczyk,Poland,Lublin,129.88,16,2024-05-28 00:00:00,2025-12-01 00:00:00,Platinum,Pop
1688,Lucas Smith,Canada,Edmonton,50.76,9,2022-09-28 00:00:00,2023-06-25 00:00:00,Silver,Rock
1689,Sofia Silva,Brazil,São Luís,7.45,1,2025-11-07 00:00:00,2025-11-07 00:00:00,Bronze,Metal
1690,Amit Rao,India,Ahmedabad,29.369999999999997,6,2023-06-10 00:00:00,2024-02-13 00:00:00,Bronze,Metal
1691,Emma MacDonald,Canada,Montreal,123.68,21,2020-03-04 00:00:00,2022-04-17 00:00:00,Platinum,Latin
1692,Oisín Murphy,Ireland,Limerick,87.77,13,2022-12-25 00:00:00,2024-04-11 00:00:00,Gold,Alternative & Punk
1693,Pavel Horáček,Czech Republic,Liberec,51.410000000000004,8,2021-08-14 00:00:00,2022-02-22 00:00:00,Silver,Latin
1694,Mason Leblanc,Canada,Vaughan,67.32,10,2020-03-20 00:00:00,2021-08-04 00:00:00,Gold,Alternative & Punk
1695,Martina Novotný,Czech Republic,Plzeň,147.45,19,2024-01-13 00:00:00,2025-11-25 00:00:00,Platinum,Rock
1696,Pavel Fiala,Czech Republic,Ostrava,68.42000000000002,9,2022-12-10 00:00:00,2023-06-06 00:00:00,Gold,Latin
1697,Lucas Dubois,France,Saint-Étienne,67.05,8,2025-03-28 00:00:00,2025-11-12 00:00:00,Gold,Electronica/Dance
1698,Benjamin Smith,Canada,Ottawa,61.019999999999996,10,2022-12-24 00:00:00,2024-03-26 00:00:00,Silver,Latin
1699,Andre Almeida,Brazil,Brasília,77.21999999999997,15,2020-04-23 00:00:00,2021-08-04 00:00:00,Gold,Blues
1700,Jack Thomas,Canada,Toronto,24.839999999999996,3,2025-08-19 00:00:00,2025-10-24 00:00:00,Bronze,Alternative & Punk
1701,Elizabeth Miller,USA,Louisville,95.73,13,2023-03-15 00:00:00,2024-07-15 00:00:00,Gold,Rock
1702,Linda Green,USA,New York,178.53000000000003,25,2022-12-27 00:00:00,2025-05-15 00:00:00,Platinum,Pop
1703,Melissa Green,USA,Austin,43.82000000000001,4,2025-10-07 00:00:00,2025-12-24 00:00:00,Silver,Sci Fi & Fantasy
1704,Ben Becker,Germany,Nuremberg,29.7,6,2020-06-07 00:00:00,2020-11-02 00:00:00,Bronze,Rock
1705,Oliver Thomas,Canada,Laval,211.15999999999994,32,2021-09-17 00:00:00,2024-08-07 00:00:00,Platinum,Electronica/Dance
1706,Louise Bernard,France,Toulouse,127.79999999999998,18,2024-02-05 00:00:00,2025-11-20 00:00:00,Platinum,Rock
1707,Noah Hansson,Sweden,Jönköping,29.67,5,2024-02-20 00:00:00,2024-07-15 00:00:00,Bronze,Rock
1708,Isla Lewis,United Kingdom,Liverpool,47.97,8,2022-01-05 00:00:00,2022-10-03 00:00:00,Silver,Rock
1709,Isabella Fuentes,Chile,Rancagua,43.739999999999995,5,2020-04-06 00:00:00,2020-09-07 00:00:00,Silver,Drama
1710,Valeria Gómez,Spain,Valencia,123.07,15,2023-03-23 00:00:00,2025-06-02 00:00:00,Platinum,Rock
1711,Oliver Jackson,United Kingdom,Manchester,43.86,8,2024-03-05 00:00:00,2024-11-16 00:00:00,Silver,Alternative & Punk
1712,Sofia Lavoie,Canada,Markham,16.580000000000002,2,2024-09-14 00:00:00,2024-11-05 00:00:00,Bronze,Rock
1713,Camila Reyes,Mexico,León,,0,,,Bronze,
1714,Antoine Simon,France,Rennes,168.59,21,2023-09-25 00:00:00,2025-12-09 00:00:00,Platinum,Blues
1715,Santiago Rojas,Chile,Talca,81.93,13,2022-11-17 00:00:00,2024-02-06 00:00:00,Gold,Latin
1716,Jessica Green,USA,Nashville,109.1,17,2021-06-06 00:00:00,2023-05-27 00:00:00,Platinum,Blues
1717,Deepak Agarwal,India,Bhopal,33.8,5,2022-09-10 00:00:00,2023-03-20 00:00:00,Bronze,Rock
1718,William Flores,USA,Seattle,120.54999999999998,19,2020-08-17 00:00:00,2022-12-07 00:00:00,Platinum,Rock
1719,Sai Singh,India,Vadodara,70.99,14,2022-01-28 00:00:00,2023-05-17 00:00:00,Gold,Metal
1720,Balázs Molnár,Hungary,Székesfehérvár,53.46000000000001,11,2020-06-06 00:00:00,2021-08-28 00:00:00,Silver,Rock
1721,Anika Sharma,India,Patna,81.19,13,2019-11-07 00:00:00,2020-10-25 00:00:00,Gold,Hip Hop/Rap
1722,Elias Schwarz,Germany,Dresden,122.15999999999998,15,2024-05-11 00:00:00,2025-12-21 00:00:00,Platinum,Latin
1723,Anna De Jong,Netherlands,Almere,105.51,17,2021-02-21 00:00:00,2023-03-15 00:00:00,Platinum,Pop
1724,Dieter Schröder,Germany,Leipzig,37.25,5,2025-07-25 00:00:00,2025-11-26 00:00:00,Bronze,Rock
1725,Diego Jiménez,Spain,Murcia,96.96000000000001,13,2023-09-25 00:00:00,2025-02-16 00:00:00,Gold,Rock
1726,Luca Schmidt,Germany,Düsseldorf,86.14,15,2019-04-21 00:00:00,2020-10-23 00:00:00,Gold,Rock
1727,Bruno Ribeiro,Brazil,Curitiba,69.33000000000001,11,2020-04-05 00:00:00,2021-03-16 00:00:00,Gold,Rock
1728,Valentina Alves,Brazil,Curitiba,18.88,2,2025-04-20 00:00:00,2025-05-26 00:00:00,Bronze,Classical
1729,Daniel Scott,USA,Fort Worth,33.67,6,2021-02-04 00:00:00,2021-05-28 00:00:00,Bronze,Latin
1730,Cynthia Taylor,USA,Phoenix,70.43,9,2024-12-07 00:00:00,2025-09-27 00:00:00,Gold,Electronica/Dance
1731,Jessica Thomas,USA,Fort Worth,234.92999999999998,29,2022-11-19 00:00:00,2025-12-28 00:00:00,Platinum,Latin
1732,Jack King,Australia,Newcastle,85.86,16,2020-07-28 00:00:00,2022-04-25 00:00:00,Gold,Latin
1733,Antoine Richard,France,Saint-Étienne,9.9,3,2021-03-21 00:00:00,2021-05-08 00:00:00,Bronze,Metal
1734,Kevin Allen,USA,Portland,89.88000000000001,11,2023-07-28 00:00:00,2024-11-24 00:00:00,Gold,Latin
1735,Sophie Bauer,Austria,Vienna,98.22999999999999,13,2024-09-09 00:00:00,2025-11-15 00:00:00,Gold,Rock
1736,Inès Thomas,France,Lille,46.529999999999994,8,2021-04-09 00:00:00,2021-12-28 00:00:00,Silver,Rock
1737,Daniel Young,USA,Fort Worth,54.15,7,2025-06-15 00:00:00,2025-12-08 00:00:00,Silver,Metal
1738,Sergio Díaz,Spain,Málaga,20.79,3,2020-03-28 00:00:00,2020-06-05 00:00:00,Bronze,Latin
1739,Sofia Saarinen,Finland,Vantaa,7.45,1,2025-05-04 00:00:00,2025-05-04 00:00:00,Bronze,Rock
1740,Harry Robinson,United Kingdom,Sunderland,168.53,25,2022-05-20 00:00:00,2024-09-03 00:00:00,Platinum,Rock
1741,Paula Medina,Argentina,Mendoza,75.71000000000001,9,2023-10-05 00:00:00,2024-09-23 00:00:00,Gold,Rock
1742,Maria Ribeiro,Portugal,Porto,68.25000000000001,9,2021-10-13 00:00:00,2022-08-28 00:00:00,Gold,Blues
1743,Stefan Neumann,Germany,Hamburg,82.15,14,2023-08-24 00:00:00,2025-01-26 00:00:00,Gold,Electronica/Dance
1744,Raphael Fournier,France,Dijon,99.87,16,2021-05-28 00:00:00,2022-09-14 00:00:00,Gold,Latin
1745,Robert Thompson,USA,Nashville,5.45,1,2022-12-07 00:00:00,2022-12-07 00:00:00,Bronze,Metal
1746,Richard Wright,USA,Jacksonville,54.72,7,2022-07-13 00:00:00,2023-01-26 00:00:00,Silver,Rock
1747,George Evans,United Kingdom,Brighton,50.17,6,2025-05-26 00:00:00,2025-12-27 00:00:00,Silver,Latin
1748,Lucie Pokorný,Czech Republic,Ústí nad Labem,144.24999999999997,16,2023-05-27 00:00:00,2025-01-27 00:00:00,Platinum,Rock
1749,João Pereira,Portugal,Braga,34.28,6,2021-06-24 00:00:00,2022-02-09 00:00:00,Bronze,Easy Listening
1750,Wolfgang Koch,Germany,Bielefeld,52.550000000000004,8,2024-08-19 00:00:00,2025-06-13 00:00:00,Silver,Rock
1751,Cynthia Davis,USA,Nashville,41.42,8,2022-04-06 00:00:00,2022-11-20 00:00:00,Silver,Rock
1752,Grace Scott,Australia,Sydney,106.24000000000001,14,2023-04-16 00:00:00,2024-10-16 00:00:00,Platinum,Rock
1753,Michael Flores,USA,San Antonio,177.02,23,2023-10-07 00:00:00,2025-12-06 00:00:00,Platinum,Rock
1754,Elias Andersson,Sweden,Uppsala,79.13,9,2024-03-15 00:00:00,2025-02-25 00:00:00,Gold,World
1755,Barbara Green,USA,Memphis,32.04,4,2023-04-08 00:00:00,2023-07-24 00:00:00,Bronze,Rock
1756,Sofia Moretti,Italy,Bologna,47.519999999999996,7,2020-08-22 00:00:00,2021-12-08 00:00:00,Silver,Rock
1757,Sofia Ferreira,Brazil,Rio de Janeiro,53.64,6,2025-02-07 00:00:00,2025-11-18 00:00:00,Silver,Latin
1758,Conor Moore,Ireland,Swords,41.599999999999994,6,2020-01-10 00:00:00,2020-08-01 00:00:00,Silver,Latin
1759,Davi Almeida,Brazil,Fortaleza,30.94,5,2023-06-03 00:00:00,2023-11-05 00:00:00,Bronze,Blues
1760,Amy Thomas,USA,Charlotte,56.91,9,2022-10-12 00:00:00,2023-07-09 00:00:00,Silver,R&B/Soul
1761,Richard Jackson,USA,San Jose,75.79,11,2023-02-01 00:00:00,2024-04-25 00:00:00,Gold,Blues
1762,Emily Walker,United Kingdom,Leeds,51.410000000000004,8,2024-01-10 00:00:00,2024-08-18 00:00:00,Silver,Blues
1763,Pedro Gomes,Portugal,Coimbra,28.31,3,2025-06-01 00:00:00,2025-09-11 00:00:00,Bronze,Rock
1764,Jennifer Anderson,USA,Phoenix,99.49999999999999,15,2023-02-27 00:00:00,2024-08-12 00:00:00,Gold,Rock
1765,Davi Silva,Brazil,Goiânia,110.80000000000001,14,2023-12-17 00:00:00,2025-08-05 00:00:00,Platinum,Rock
1766,Priya Singh,India,Mumbai,,0,,,Bronze,
1767,Martina Costa,Italy,Bari,124.17999999999999,14,2024-03-07 00:00:00,2025-03-21 00:00:00,Platinum,Rock
1768,David Miller,USA,Indianapolis,130.29999999999998,18,2022-06-28 00:00:00,2024-05-28 00:00:00,Platinum,Metal
1769,Sofia Gallo,Italy,Bari,48.19,6,2025-04-03 00:00:00,2025-12-16 00:00:00,Silver,Metal
1770,Sophia Wilson,Canada,Edmonton,112.03,17,2021-10-28 00:00:00,2023-11-08 00:00:00,Platinum,Rock
1771,Inès Garcia,France,Le Havre,44.57000000000001,7,2024-04-18 00:00:00,2025-04-15 00:00:00,Silver,Rock
1772,Ondřej Kratochvíl,Czech Republic,Hradec Králové,93.88999999999999,10,2025-03-13 00:00:00,2025-11-11 00:00:00,Gold,Rock
1773,Leonardo Conti,Italy,Milan,57.27,10,2021-12-17 00:00:00,2022-09-13 00:00:00,Silver,Soundtrack
1774,Anthony Davis,USA,San Diego,98.22999999999999,15,2021-12-15 00:00:00,2023-04-25 00:00:00,Gold,Rock
1775,Amelia Watson,United Kingdom,Leicester,16.83,2,2020-11-17 00:00:00,2021-01-02 00:00:00,Bronze,Metal
1776,Andrew Nelson,USA,San Diego,79.24,10,2022-11-04 00:00:00,2023-10-28 00:00:00,Gold,Rock
1777,Joseph Taylor,USA,Baltimore,63.36000000000001,11,2019-09-06 00:00:00,2020-11-12 00:00:00,Silver,Heavy Metal
1778,Miguel Silva,Brazil,Goiânia,188.22,15,2024-09-28 00:00:00,2025-11-20 00:00:00,Platinum,Drama
1779,Alexandre Moreau,France,Toulon,23.84,3,2025-09-12 00:00:00,2025-11-16 00:00:00,Bronze,Rock And Roll
1780,Felipe Martins,Brazil,São Paulo,129.76999999999998,17,2023-06-20 00:00:00,2024-11-25 00:00:00,Platinum,Classical
1781,Melissa Wright,USA,San Jose,41.65,7,2023-03-26 00:00:00,2023-12-28 00:00:00,Silver,Latin
1782,Markus Becker,Germany,Hanover,20.86,2,2025-11-23 00:00:00,2025-12-02 00:00:00,Bronze,Latin
1783,Amy Davis,USA,Indianapolis,134.32000000000002,18,2023-11-18 00:00:00,2025-11-13 00:00:00,Platinum,Rock
1784,Jade Fournier,France,Strasbourg,130.42,23,2019-10-28 00:00:00,2022-03-02 00:00:00,Platinum,Latin
1785,Inès Robert,France,Strasbourg,31.15,4,2022-11-05 00:00:00,2023-08-19 00:00:00,Bronze,Rock
1786,Amelia Martin,Australia,Canberra,105.25999999999998,17,2020-08-24 00:00:00,2022-01-28 00:00:00,Platinum,Hip Hop/Rap
1787,Zoe Martin,France,Lille,44.510000000000005,5,2021-10-02 00:00:00,2022-02-26 00:00:00,Silver,Rock
1788,Mia Taylor,Australia,Newcastle,8.94,1,2025-12-18 00:00:00,2025-12-18 00:00:00,Bronze,Rock
1789,Bruno Almeida,Brazil,Porto Alegre,119.33999999999999,15,2023-12-21 00:00:00,2025-06-07 00:00:00,Platinum,Latin
1790,Cynthia White,USA,Seattle,108.66,14,2023-05-15 00:00:00,2025-02-09 00:00:00,Platinum,Metal
1791,Martyna Woźniak,Poland,Wrocław,164.85999999999999,21,2023-09-09 00:00:00,2025-11-05 00:00:00,Platinum,Latin
1792,Riya Pandey,India,Nagpur,41.28,6,2024-06-07 00:00:00,2024-12-15 00:00:00,Silver,Heavy Metal
1793,Reyansh Joshi,India,Mumbai,93.47,13,2024-11-25 00:00:00,2025-12-10 00:00:00,Gold,Rock
1794,Hugo Fernandes,Portugal,Lisbon,49.34,9,2021-11-01 00:00:00,2022-09-15 00:00:00,Silver,Rock
1795,Kathleen Brown,USA,San Diego,16.39,2,2025-05-28 00:00:00,2025-08-18 00:00:00,Bronze,Latin
1796,Susan Flores,USA,New York,285.91999999999996,26,2022-07-26 00:00:00,2025-11-17 00:00:00,Platinum,TV Shows
1797,Charlotte Johnson,Canada,Halifax,29.71,4,2021-04-12 00:00:00,2021-09-13 00:00:00,Bronze,Rock
1798,Leo Bertrand,France,Angers,54.87000000000001,12,2021-06-17 00:00:00,2022-05-09 00:00:00,Silver,Rock
1799,James Anderson,Canada,Markham,87.94000000000003,12,2023-09-08 00:00:00,2025-02-09 00:00:00,Gold,Rock
1800,Benjamin Watson,United Kingdom,Glasgow,163.32999999999998,16,2023-12-07 00:00:00,2025-03-19 00:00:00,Platinum,Drama
1801,Ondřej Blažek,Czech Republic,České Budějovice,102.67999999999999,14,2024-08-16 00:00:00,2025-12-18 00:00:00,Gold,Rock
1802,Riccardo Russo,Italy,Florence,73.39,10,2024-06-12 00:00:00,2025-10-19 00:00:00,Gold,Rock
1803,Clement Laurent,France,Lille,10.43,1,2025-11-16 00:00:00,2025-11-16 00:00:00,Bronze,Alternative & Punk
1804,Noah Bouchard,Canada,Vaughan,50.160000000000004,8,2022-07-28 00:00:00,2023-05-19 00:00:00,Silver,Pop
1805,Amy Allen,USA,Los Angeles,47.97,7,2022-05-13 00:00:00,2022-12-20 00:00:00,Silver,Latin
1806,Jade Simon,Belgium,Bruges,50.309999999999995,7,2024-05-07 00:00:00,2024-11-28 00:00:00,Silver,Rock
1807,Patrycja Kozłowski,Poland,Wrocław,115.31,11,2020-01-26 00:00:00,2021-01-28 00:00:00,Platinum,TV Shows
1808,Francesco Greco,Italy,Bari,37.25,4,2025-07-24 00:00:00,2025-11-05 00:00:00,Bronze,Latin
1809,Saoirse Lynch,Ireland,Limerick,8.84,1,2024-05-07 00:00:00,2024-05-07 00:00:00,Bronze,Rock
1810,Daniel Taylor,United Kingdom,Cardiff,56.63,9,2023-06-02 00:00:00,2024-02-21 00:00:00,Silver,Rock
1811,Deepak Malhotra,India,Lucknow,39.230000000000004,4,2024-11-13 00:00:00,2025-04-27 00:00:00,Bronze,Alternative & Punk
1812,Emily Murphy,Ireland,Bray,48.68,6,2025-07-13 00:00:00,2025-12-24 00:00:00,Silver,Alternative & Punk
1813,Maria Sousa,Brazil,Recife,54.199999999999996,8,2023-10-24 00:00:00,2025-03-11 00:00:00,Silver,Rock
1814,Liam Smith,Ireland,Galway,11.92,1,2025-12-17 00:00:00,2025-12-17 00:00:00,Bronze,Metal
1815,Markus Richter,Germany,Duisburg,36.120000000000005,5,2024-05-28 00:00:00,2024-10-03 00:00:00,Bronze,Rock
1816,Olivia Berg,Norway,Sandnes,15.26,3,2022-03-25 00:00:00,2022-04-23 00:00:00,Bronze,Latin
1817,Ondřej Beneš,Czech Republic,Brno,57.62,6,2025-07-26 00:00:00,2025-12-15 00:00:00,Silver,Latin
1818,Manon Durand,France,Strasbourg,53.46,9,2023-02-26 00:00:00,2023-12-08 00:00:00,Silver,Latin
1819,Noah Lavoie,Canada,Calgary,42.38,4,2024-05-21 00:00:00,2024-12-07 00:00:00,Silver,Blues
1820,Sharon Adams,USA,Seattle,112.86999999999998,19,2019-03-24 00:00:00,2021-08-21 00:00:00,Platinum,Rock
1821,Sarah Johnson,USA,Los Angeles,38.7,6,2024-06-19 00:00:00,2024-12-10 00:00:00,Bronze,Alternative & Punk
1822,William Moore,USA,Denver,43.330000000000005,7,2022-07-27 00:00:00,2023-01-22 00:00:00,Silver,Rock
1823,Anika Mehta,India,Jaipur,133.25,22,2021-09-22 00:00:00,2023-08-22 00:00:00,Platinum,Soundtrack
1824,Bruno Costa,Portugal,Almada,147.44,17,2024-06-22 00:00:00,2025-09-23 00:00:00,Platinum,Rock
1825,Raphael Simon,France,Bordeaux,27.72,5,2020-12-12 00:00:00,2021-06-17 00:00:00,Bronze,Alternative & Punk
1826,Grace Mitchell,Australia,Townsville,56.34,9,2023-04-15 00:00:00,2024-04-17 00:00:00,Silver,Alternative & Punk
1827,Mark Moore,USA,Indianapolis,,0,,,Bronze,
1828,Nathan Roux,France,Rennes,69.53999999999999,10,2025-02-06 00:00:00,2025-11-14 00:00:00,Gold,Latin
1829,Alice Giordano,Italy,Bologna,87.41999999999999,11,2025-01-15 00:00:00,2025-11-22 00:00:00,Gold,Alternative & Punk
1830,Charlotte Gagnon,Canada,Mississauga,251.53999999999996,32,2022-11-04 00:00:00,2025-12-28 00:00:00,Platinum,R&B/Soul
1831,Emily Williams,USA,Las Vegas,278.75000000000006,42,2021-11-06 00:00:00,2025-08-25 00:00:00,Platinum,Metal
1832,Ryusei Ito,Japan,Saitama,46.54,8,2020-05-09 00:00:00,2021-02-01 00:00:00,Silver,Rock
1833,Inès Henry,Belgium,Antwerp,101.07999999999998,13,2024-07-06 00:00:00,2025-12-23 00:00:00,Gold,Latin
1834,Oliver Johnson,United Kingdom,Sheffield,10.9,2,2022-02-13 00:00:00,2022-04-15 00:00:00,Bronze,Metal
1835,Robert White,USA,Chicago,97.99000000000001,12,2024-03-16 00:00:00,2025-05-28 00:00:00,Gold,Rock
1836,Evelyn Roy,Canada,Markham,77.92999999999999,16,2022-02-05 00:00:00,2024-01-24 00:00:00,Gold,Rock
1837,Benjamin Roy,Canada,London,50.17,6,2025-02-02 00:00:00,2025-08-05 00:00:00,Silver,Metal
1838,Gabriel Laurent,France,Toulon,39.74,5,2025-08-22 00:00:00,2025-12-14 00:00:00,Silver,Rock
1839,Henry Smith,Australia,Hobart,92.77,11,2024-11-02 00:00:00,2025-11-12 00:00:00,Gold,Rock
1840,David Svoboda,Czech Republic,Ostrava,127.0,16,2023-05-11 00:00:00,2024-11-04 00:00:00,Platinum,Rock
1841,Emma Gustafsson,Sweden,Jönköping,152.98000000000002,24,2021-08-28 00:00:00,2024-01-28 00:00:00,Platinum,Metal
1842,Ondřej Nový,Czech Republic,Prague,206.85999999999999,27,2023-03-08 00:00:00,2025-12-19 00:00:00,Platinum,Rock
1843,Emma Martin,Canada,Mississauga,14.170000000000002,3,2022-03-03 00:00:00,2022-04-19 00:00:00,Bronze,Rock
1844,Jackson Clarke,Canada,Vancouver,14.899999999999999,2,2025-08-11 00:00:00,2025-09-25 00:00:00,Bronze,Alternative & Punk
1845,Vihaan Agarwal,India,Kanpur,47.68,5,2025-08-04 00:00:00,2025-12-01 00:00:00,Silver,Blues
1846,Jakub Grabowski,Poland,Poznań,110.13,13,2024-05-28 00:00:00,2025-12-06 00:00:00,Platinum,Latin
1847,Lucas Fernández,Spain,Las Palmas,71.28,14,2022-01-16 00:00:00,2023-04-15 00:00:00,Gold,Rock
1848,Mateo Flores,Chile,Valparaíso,35.519999999999996,6,2023-07-15 00:00:00,2023-10-27 00:00:00,Bronze,Latin
1849,Inès Bertrand,France,Marseille,45.879999999999995,6,2024-11-16 00:00:00,2025-08-18 00:00:00,Silver,Rock
1850,Laura Steiner,Austria,Klagenfurt,41.72,4,2025-08-09 00:00:00,2025-12-23 00:00:00,Silver,Easy Listening
1851,Markus Klein,Germany,Essen,72.94999999999999,9,2023-12-05 00:00:00,2024-08-26 00:00:00,Gold,Rock
1852,Markus Fischer,Germany,Bochum,,0,,,Bronze,
1853,Harper Gagnon,Canada,Laval,30.330000000000002,5,2022-11-08 00:00:00,2023-03-22 00:00:00,Bronze,Rock
1854,Sara Schwarz,Germany,Düsseldorf,191.51000000000002,35,2019-12-25 00:00:00,2023-10-25 00:00:00,Platinum,Rock
1855,Ananya Rao,India,Surat,50.660000000000004,7,2025-06-04 00:00:00,2025-12-18 00:00:00,Silver,Rock
1856,Hannah Schwarz,Germany,Düsseldorf,25.58,4,2022-09-23 00:00:00,2023-01-04 00:00:00,Bronze,Rock
1857,Noa Gómez,Spain,Palma,72.89999999999999,10,2024-10-28 00:00:00,2025-08-15 00:00:00,Gold,Rock
1858,Bruno Sousa,Portugal,Coimbra,105.71000000000001,15,2021-03-11 00:00:00,2022-11-24 00:00:00,Platinum,Rock
1859,Martina Rodríguez,Chile,Rancagua,13.41,2,2025-11-23 00:00:00,2025-12-25 00:00:00,Bronze,Rock
1860,Felix Becker,Germany,Dortmund,62.12000000000001,10,2023-11-25 00:00:00,2024-09-10 00:00:00,Silver,Rock
1861,Melissa Hill,USA,Chicago,79.47,16,2021-07-14 00:00:00,2023-04-11 00:00:00,Gold,Electronica/Dance
1862,Emily Scott,USA,Indianapolis,70.58,7,2020-04-21 00:00:00,2020-10-14 00:00:00,Gold,TV Shows
1863,Ava Smith,Canada,Mississauga,89.09000000000002,12,2024-09-26 00:00:00,2025-12-27 00:00:00,Gold,Rock
1864,Arthur Barbosa,Brazil,São Luís,85.14000000000001,14,2020-01-01 00:00:00,2021-06-17 00:00:00,Gold,Rock
1865,Thomas Williams,USA,Dallas,52.47,8,2019-12-11 00:00:00,2020-12-24 00:00:00,Silver,Rock
1866,Tiago Almeida,Portugal,Coimbra,11.92,2,2025-12-09 00:00:00,2025-12-25 00:00:00,Bronze,Rock
1867,Tereza Pokorný,Czech Republic,Brno,40.99,6,2024-07-01 00:00:00,2025-01-23 00:00:00,Silver,Rock
1868,Mateusz Woźniak,Poland,Łódź,,0,,,Bronze,
1869,Oscar Davies,United Kingdom,Belfast,80.09,10,2021-06-22 00:00:00,2022-07-08 00:00:00,Gold,Comedy
1870,Hannah Koch,Germany,Essen,121.55999999999999,12,2022-11-28 00:00:00,2024-03-08 00:00:00,Platinum,Science Fiction
1871,Ethan Clarke,Canada,Ottawa,210.63,15,2024-05-15 00:00:00,2025-11-01 00:00:00,Platinum,TV Shows
1872,Reyansh Joshi,India,Nagpur,221.71000000000004,36,2020-11-03 00:00:00,2025-09-16 00:00:00,Platinum,Latin
1873,Gabriel Simon,France,Nice,120.47,8,2024-10-21 00:00:00,2025-10-26 00:00:00,Platinum,Drama
1874,Lucas Thomas,France,Marseille,125.16999999999999,18,2020-01-10 00:00:00,2022-03-11 00:00:00,Platinum,Latin
1875,David Hofer,Austria,Wels,12.92,1,2025-12-14 00:00:00,2025-12-14 00:00:00,Bronze,Alternative & Punk
1876,Sofía Vargas,Colombia,Ibagué,,0,,,Bronze,
1877,Sofia Schröder,Germany,Berlin,39.24,6,2022-01-11 00:00:00,2022-08-28 00:00:00,Bronze,Metal
1878,David Torres,USA,Columbus,182.29999999999995,27,2022-09-28 00:00:00,2025-04-28 00:00:00,Platinum,Classical
1879,Jade Martin,France,Angers,278.43,23,2022-09-07 00:00:00,2024-09-19 00:00:00,Platinum,TV Shows
1880,Jade Maes,Belgium,Aalst,74.29,13,2019-11-28 00:00:00,2021-02-14 00:00:00,Gold,Rock
1881,Jacob Lewis,United Kingdom,Glasgow,32.669999999999995,6,2019-10-25 00:00:00,2020-04-07 00:00:00,Bronze,Rock
1882,Jack Roy,Canada,Edmonton,93.66999999999999,12,2024-12-08 00:00:00,2025-12-03 00:00:00,Gold,Latin
1883,Juhani Heinonen,Finland,Turku,19.37,3,2025-06-15 00:00:00,2025-08-07 00:00:00,Bronze,Rock
1884,Olivia Smith,Canada,Saskatoon,209.32999999999998,24,2023-02-01 00:00:00,2025-02-25 00:00:00,Platinum,Sci Fi & Fantasy
1885,Jan Černý,Czech Republic,Brno,41.59,8,2020-01-26 00:00:00,2020-08-10 00:00:00,Silver,Rock
1886,William Taylor,USA,Nashville,53.21000000000001,10,2021-06-15 00:00:00,2022-06-05 00:00:00,Silver,Rock
1887,Heitor Santos,Brazil,Guarulhos,35.760000000000005,4,2025-10-15 00:00:00,2025-12-09 00:00:00,Bronze,Rock
1888,Lucas Robert,France,Montpellier,17.88,2,2025-11-12 00:00:00,2025-11-28 00:00:00,Bronze,Metal
1889,Inès David,France,Reims,110.53,15,2021-12-22 00:00:00,2023-05-22 00:00:00,Platinum,Latin
1890,Amelia Gagnon,Canada,Montreal,177.60999999999999,31,2021-03-16 00:00:00,2024-09-02 00:00:00,Platinum,Electronica/Dance
1891,Camille Michel,France,Lille,34.67,6,2020-11-02 00:00:00,2021-06-15 00:00:00,Bronze,Rock
1892,Vihaan Rao,India,Pune,90.78,15,2021-08-23 00:00:00,2023-02-28 00:00:00,Gold,Electronica/Dance
1893,Michael Torres,USA,Charlotte,38.769999999999996,6,2022-12-28 00:00:00,2023-06-19 00:00:00,Bronze,Rock
1894,Hugo Sousa,Portugal,Lisbon,136.82999999999998,18,2024-02-01 00:00:00,2025-11-20 00:00:00,Platinum,Jazz
1895,Jakub Beneš,Czech Republic,Prague,130.60999999999999,14,2024-11-01 00:00:00,2025-11-28 00:00:00,Platinum,Electronica/Dance
1896,John Scott,USA,San Jose,214.82999999999998,17,2024-06-20 00:00:00,2025-12-12 00:00:00,Platinum,Drama
1897,Lenka Pokorný,Czech Republic,Ústí nad Labem,79.8,12,2022-02-11 00:00:00,2023-08-28 00:00:00,Gold,Rock And Roll
1898,Mia White,Australia,Brisbane,208.06000000000003,38,2019-05-25 00:00:00,2023-01-11 00:00:00,Platinum,Rock
1899,Jonas Klein,Germany,Duisburg,21.8,5,2022-07-06 00:00:00,2022-11-13 00:00:00,Bronze,Rock
1900,David Thompson,USA,Columbus,42.84,6,2023-05-02 00:00:00,2023-10-18 00:00:00,Silver,Electronica/Dance
1901,Elizabeth Wilson,USA,San Diego,46.9,6,2022-08-23 00:00:00,2023-04-12 00:00:00,Silver,Blues
1902,Matthew Wilson,USA,Houston,20.23,3,2023-05-07 00:00:00,2023-06-19 00:00:00,Bronze,Rock
1903,Karen Wilson,USA,Philadelphia,38.620000000000005,6,2020-12-27 00:00:00,2021-08-16 00:00:00,Bronze,Blues
1904,Lina Hoffmann,Germany,Dortmund,155.41,23,2023-04-15 00:00:00,2025-06-04 00:00:00,Platinum,Rock
1905,George Watson,United Kingdom,Glasgow,96.03999999999999,16,2019-05-22 00:00:00,2020-07-09 00:00:00,Gold,Latin
1906,Patrick Lynch,Ireland,Bray,43.67,5,2024-07-28 00:00:00,2024-12-26 00:00:00,Silver,Rock
1907,Lucas Lopes,Brazil,Curitiba,122.77999999999997,20,2019-01-24 00:00:00,2020-12-15 00:00:00,Platinum,Metal
1908,Valentina Carvalho,Brazil,Brasília,100.4,14,2024-02-10 00:00:00,2025-12-15 00:00:00,Gold,Rock
1909,Finn Murphy,Ireland,Swords,111.75,17,2020-12-10 00:00:00,2022-07-06 00:00:00,Platinum,Jazz
1910,Hannah Weber,Germany,Dresden,43.72,4,2019-05-28 00:00:00,2019-12-02 00:00:00,Silver,Comedy
1911,Abigail Cote,Canada,Gatineau,100.97000000000001,11,2024-07-17 00:00:00,2025-06-22 00:00:00,Gold,Rock
1912,Olivia Lee,Australia,Gold Coast,52.15,6,2025-03-28 00:00:00,2025-12-04 00:00:00,Silver,Rock
1913,Charles Nelson,USA,Memphis,67.71,10,2022-09-17 00:00:00,2023-05-05 00:00:00,Gold,Latin
1914,Gábor Takács,Hungary,Nyíregyháza,20.71,5,2022-04-09 00:00:00,2022-10-19 00:00:00,Bronze,Latin
1915,Sarah Wright,USA,Las Vegas,167.65,25,2023-09-02 00:00:00,2025-11-11 00:00:00,Platinum,Rock
1916,Barbara Flores,USA,Las Vegas,58.410000000000004,10,2019-07-16 00:00:00,2020-06-16 00:00:00,Silver,Rock
1917,Noah Martin,Australia,Perth,193.82000000000008,30,2021-03-16 00:00:00,2024-02-28 00:00:00,Platinum,Rock
1918,Leon Neumann,Germany,Duisburg,58.43000000000001,8,2020-03-24 00:00:00,2021-02-18 00:00:00,Silver,Classical
1919,Juhani Heikkilä,Finland,Turku,63.010000000000005,9,2023-10-15 00:00:00,2024-05-19 00:00:00,Silver,Rock
1920,Oliver Heikkilä,Finland,Pori,36.629999999999995,8,2019-07-07 00:00:00,2020-01-14 00:00:00,Bronze,Hip Hop/Rap
1921,Lena Koch,Germany,Cologne,54.45,11,2019-10-10 00:00:00,2020-09-18 00:00:00,Silver,R&B/Soul
1922,Olivia Lehtinen,Finland,Helsinki,107.40000000000002,16,2023-07-22 00:00:00,2025-04-25 00:00:00,Platinum,Latin
1923,Valentina Costa,Brazil,São Paulo,45.22,6,2023-01-07 00:00:00,2023-05-17 00:00:00,Silver,Rock
1924,Liam Johansen,Denmark,Aarhus,21.79,5,2020-09-23 00:00:00,2021-02-09 00:00:00,Bronze,Rock
1925,Sigrid Nilsen,Norway,Sarpsborg,19.630000000000003,3,2022-10-24 00:00:00,2022-11-23 00:00:00,Bronze,Heavy Metal
1926,Olivia Van Leeuwen,Netherlands,Groningen,16.39,2,2025-11-12 00:00:00,2025-12-14 00:00:00,Bronze,Rock
1927,Zoe Laurent,France,Strasbourg,29.75,4,2023-05-07 00:00:00,2023-08-09 00:00:00,Bronze,Rock
1928,Sakura Kimura,Japan,Tokyo,59.09,8,2022-12-01 00:00:00,2023-08-19 00:00:00,Silver,World
1929,Barbara Wright,USA,Baltimore,53.46,11,2020-06-12 00:00:00,2021-06-09 00:00:00,Silver,Latin
1930,Joana Gonçalves,Portugal,Viseu,103.08,15,2024-08-26 00:00:00,2025-08-13 00:00:00,Platinum,Latin
1931,Beatriz Santos,Brazil,Belém,85.11999999999999,13,2023-01-12 00:00:00,2024-04-09 00:00:00,Gold,Alternative & Punk
1932,Natalia Nowak,Poland,Bydgoszcz,156.86,28,2019-02-22 00:00:00,2022-08-20 00:00:00,Platinum,Latin
1933,Amit Mishra,India,Jaipur,237.82999999999998,33,2022-05-10 00:00:00,2025-12-01 00:00:00,Platinum,Rock
1934,Manon Lecomte,Belgium,Liège,44.970000000000006,5,2024-09-05 00:00:00,2025-02-10 00:00:00,Silver,Metal
1935,Conor O'Connor,Ireland,Cork,28.62,6,2021-08-13 00:00:00,2022-02-21 00:00:00,Bronze,Alternative & Punk
1936,Oliver Nilsson,Sweden,Örebro,50.66,6,2025-06-08 00:00:00,2025-11-06 00:00:00,Silver,Rock
1937,Maja Olsen,Norway,Fredrikstad,112.35999999999999,18,2023-04-28 00:00:00,2025-12-19 00:00:00,Platinum,Latin
1938,Rafael Martins,Brazil,Curitiba,144.20999999999998,23,2022-02-03 00:00:00,2024-06-28 00:00:00,Platinum,Latin
1939,Diego Espinoza,Chile,Rancagua,44.849999999999994,8,2023-10-05 00:00:00,2024-05-27 00:00:00,Silver,Alternative & Punk
1940,Lucas David,France,Reims,106.39000000000001,20,2020-11-20 00:00:00,2023-01-06 00:00:00,Platinum,Blues
1941,Andreas Schulz,Germany,Hamburg,76.28,13,2021-03-10 00:00:00,2022-09-19 00:00:00,Gold,Rock
1942,Tommaso Ricci,Italy,Rome,76.9,11,2023-06-23 00:00:00,2024-12-21 00:00:00,Gold,Latin
1943,Donald Brown,USA,Austin,54.43000000000001,11,2022-09-28 00:00:00,2023-08-12 00:00:00,Silver,R&B/Soul
1944,Beatriz Ferreira,Portugal,Braga,105.67999999999999,11,2024-12-15 00:00:00,2025-11-08 00:00:00,Platinum,R&B/Soul
1945,Tiago Marques,Portugal,Agualva-Cacém,128.42,12,2024-09-15 00:00:00,2025-12-24 00:00:00,Platinum,TV Shows
1946,Ava Davies,United Kingdom,Manchester,60.11,8,2025-02-18 00:00:00,2025-07-25 00:00:00,Silver,Rock
1947,Sara Russo,Italy,Venice,55.449999999999996,9,2019-02-16 00:00:00,2020-05-07 00:00:00,Silver,Electronica/Dance
1948,Pablo Martín,Spain,Zaragoza,96.46000000000002,14,2024-03-07 00:00:00,2025-01-18 00:00:00,Gold,Metal
1949,Thomas Jackson,USA,Phoenix,87.97999999999999,11,2024-07-17 00:00:00,2025-04-10 00:00:00,Gold,Electronica/Dance
1950,Sarah Thompson,USA,San Jose,127.00999999999999,16,2024-06-09 00:00:00,2025-09-13 00:00:00,Platinum,Metal
1951,Susan Wilson,USA,New York,84.28999999999999,10,2024-04-22 00:00:00,2025-07-27 00:00:00,Gold,Metal
1952,Jade Laurent,France,Bordeaux,38.16,7,2022-03-12 00:00:00,2022-11-22 00:00:00,Bronze,Rock
1953,James Clarke,Canada,Edmonton,58.43000000000001,9,2020-11-24 00:00:00,2021-07-20 00:00:00,Silver,Metal
1954,Baptiste Simon,France,Toulon,43.57,8,2020-09-03 00:00:00,2021-04-07 00:00:00,Silver,Rock
1955,Lucía Moreno,Spain,Barcelona,112.22000000000001,11,2024-07-07 00:00:00,2025-12-21 00:00:00,Platinum,Rock
1956,Oliver MacDonald,Canada,Halifax,25.75,4,2019-03-10 00:00:00,2019-09-28 00:00:00,Bronze,Rock
1957,Helena Pereira,Brazil,Belo Horizonte,56.25000000000001,8,2023-08-23 00:00:00,2024-04-28 00:00:00,Silver,Rock
1958,Bruno Oliveira,Portugal,Coimbra,213.12,16,2023-11-12 00:00:00,2025-05-26 00:00:00,Platinum,Drama
1959,Oliver Bouchard,Canada,Winnipeg,90.74000000000001,16,2021-03-12 00:00:00,2023-03-19 00:00:00,Gold,Metal
1960,Valeria Hernández,Spain,Bilbao,92.08000000000001,14,2021-08-20 00:00:00,2023-06-14 00:00:00,Gold,Rock
1961,Lukas Weber,Germany,Munich,7.45,1,2025-12-21 00:00:00,2025-12-21 00:00:00,Bronze,Latin
1962,Nuno Alves,Portugal,Funchal,90.09000000000002,16,2019-03-28 00:00:00,2021-06-17 00:00:00,Gold,Alternative & Punk
1963,Amy Nguyen,USA,San Antonio,295.53999999999996,26,2021-02-07 00:00:00,2023-01-26 00:00:00,Platinum,TV Shows
1964,Davi Fernandes,Brazil,Fortaleza,35.76,4,2025-08-12 00:00:00,2025-12-18 00:00:00,Bronze,Rock
1965,George Wood,United Kingdom,Sheffield,143.72999999999996,21,2023-05-20 00:00:00,2025-07-12 00:00:00,Platinum,Metal
1966,Lucas Lindström,Sweden,Örebro,17.33,4,2021-04-17 00:00:00,2022-05-27 00:00:00,Bronze,Latin
1967,Pierre Simon,France,Saint-Étienne,13.41,2,2025-08-26 00:00:00,2025-10-01 00:00:00,Bronze,Rock
1968,Karen Allen,USA,Baltimore,83.44,9,2025-01-25 00:00:00,2025-12-27 00:00:00,Gold,Jazz
1969,Manuel Mayer,Austria,Dornbirn,322.5900000000001,30,2021-06-28 00:00:00,2024-09-05 00:00:00,Platinum,Drama
1970,David Dvořák,Czech Republic,Hradec Králové,87.60000000000001,11,2023-05-20 00:00:00,2024-05-11 00:00:00,Gold,Metal
1971,Lily Watson,United Kingdom,London,28.54,6,2022-05-20 00:00:00,2023-01-04 00:00:00,Bronze,Rock
1972,William Evans,United Kingdom,Leeds,44.56000000000001,8,2021-04-01 00:00:00,2021-12-13 00:00:00,Silver,Electronica/Dance
1973,Kevin Martin,USA,Las Vegas,18.81,4,2019-09-12 00:00:00,2019-11-15 00:00:00,Bronze,Rock
1974,Andrea Greco,Italy,Palermo,3.57,1,2023-08-23 00:00:00,2023-08-23 00:00:00,Bronze,Blues
1975,Laura Harris,USA,New York,144.36,20,2024-01-24 00:00:00,2025-09-09 00:00:00,Platinum,Metal
1976,Jackson Clarke,Canada,Ottawa,78.18,12,2021-09-08 00:00:00,2022-11-10 00:00:00,Gold,Rock
1977,Michał Wiśniewski,Poland,Wrocław,22.770000000000003,5,2020-10-07 00:00:00,2021-02-27 00:00:00,Bronze,Rock
1978,Ava Harris,Australia,Sunshine Coast,236.92000000000002,32,2022-05-27 00:00:00,2025-12-17 00:00:00,Platinum,Rock
1979,Benjamín Díaz,Argentina,Buenos Aires,175.06999999999996,23,2024-03-10 00:00:00,2025-12-19 00:00:00,Platinum,Rock
1980,Hugo Romero,Spain,Zaragoza,88.75000000000001,13,2022-12-01 00:00:00,2023-11-04 00:00:00,Gold,Latin
1981,Gabriela Jiménez,Colombia,Cartagena,22.900000000000002,4,2022-09-12 00:00:00,2022-11-28 00:00:00,Bronze,Alternative
1982,Anika Gupta,India,Vadodara,44.55,9,2019-05-05 00:00:00,2020-04-02 00:00:00,Silver,Rock
1983,Caoimhe Kelly,Ireland,Drogheda,78.92,10,2024-03-21 00:00:00,2025-04-09 00:00:00,Gold,Blues
1984,Andreas Klein,Germany,Nuremberg,83.53,10,2024-11-08 00:00:00,2025-12-08 00:00:00,Gold,Alternative & Punk
1985,Poppy Williams,United Kingdom,Edinburgh,23.98,5,2022-02-19 00:00:00,2022-07-07 00:00:00,Bronze,Rock
1986,Markus Müller,Germany,Cologne,25.33,4,2025-10-01 00:00:00,2025-12-18 00:00:00,Bronze,Rock
1987,Filipa Silva,Portugal,Setúbal,12.870000000000001,2,2020-12-05 00:00:00,2020-12-27 00:00:00,Bronze,Alternative & Punk
1988,Veronika Beneš,Czech Republic,Hradec Králové,192.21,23,2023-05-14 00:00:00,2025-12-17 00:00:00,Platinum,Latin
1989,Susan Smith,USA,Portland,173.2,27,2021-12-23 00:00:00,2024-03-22 00:00:00,Platinum,Alternative & Punk
1990,Aiden Lee,Canada,Laval,110.16,9,2024-07-26 00:00:00,2025-05-13 00:00:00,Platinum,TV Shows
1991,Richard White,USA,Columbus,4.47,1,2025-10-23 00:00:00,2025-10-23 00:00:00,Bronze,Rock
1992,Daniel Doyle,Ireland,Swords,203.27999999999997,28,2022-11-15 00:00:00,2025-09-23 00:00:00,Platinum,Rock
1993,Aiden Tremblay,Canada,Saskatoon,130.66,18,2023-04-21 00:00:00,2025-01-26 00:00:00,Platinum,Rock
1994,Joshua White,United Kingdom,Coventry,88.69,9,2024-07-01 00:00:00,2025-02-17 00:00:00,Gold,TV Shows
1995,Adrián Gómez,Spain,Palma,27.72,7,2019-11-13 00:00:00,2020-06-28 00:00:00,Bronze,Rock
1996,Hugo Jönsson,Sweden,Jönköping,49.059999999999995,6,2024-09-19 00:00:00,2025-08-22 00:00:00,Silver,Alternative & Punk
1997,James Lee,Australia,Melbourne,28.709999999999997,4,2020-11-15 00:00:00,2021-04-23 00:00:00,Bronze,World
1998,Jennifer Williams,USA,Columbus,84.71,10,2022-11-22 00:00:00,2023-11-07 00:00:00,Gold,Alternative & Punk
1999,Lucas Andreassen,Norway,Kristiansand,56.38,9,2023-12-13 00:00:00,2025-05-15 00:00:00,Silver,Jazz
2000,Michael King,USA,Chicago,106.98999999999998,12,2021-01-14 00:00:00,2022-02-04 00:00:00,Platinum,TV Shows
2001,Aadya Das,India,Kanpur,85.86999999999999,12,2022-09-27 00:00:00,2023-11-25 00:00:00,Gold,Alternative & Punk
2002,Oliver Johnson,United Kingdom,Cardiff,84.16,15,2019-12-02 00:00:00,2021-06-15 00:00:00,Gold,Metal
2003,Jessica Flores,USA,San Diego,76.17999999999999,11,2023-01-03 00:00:00,2024-01-24 00:00:00,Gold,Rock
2004,Camila Contreras,Chile,Temuco,154.2,25,2019-10-02 00:00:00,2022-02-12 00:00:00,Platinum,Rock
2005,Tim Van den Berg,Netherlands,Breda,33.67,6,2021-05-01 00:00:00,2021-11-24 00:00:00,Bronze,Alternative & Punk
2006,Micaela Romero,Argentina,Buenos Aires,121.02999999999997,16,2024-03-28 00:00:00,2025-08-28 00:00:00,Platinum,Rock
2007,Aada Järvinen,Finland,Jyväskylä,120.41000000000001,16,2024-03-01 00:00:00,2025-05-22 00:00:00,Platinum,Alternative & Punk
2008,Petra Zelenka,Czech Republic,Ostrava,38.74,7,2021-08-27 00:00:00,2022-08-21 00:00:00,Bronze,Rock
2009,Gustavo Oliveira,Brazil,Brasília,133.35,16,2024-05-26 00:00:00,2025-12-14 00:00:00,Platinum,Alternative & Punk
2010,Matheus Costa,Brazil,Brasília,84.15999999999998,16,2019-06-15 00:00:00,2021-09-13 00:00:00,Gold,Rock
2011,Mia Thompson,United Kingdom,Manchester,7.45,1,2025-02-24 00:00:00,2025-02-24 00:00:00,Bronze,Latin
2012,Elizabeth Miller,USA,Baltimore,33.53,5,2023-09-24 00:00:00,2024-05-01 00:00:00,Bronze,Blues
2013,Jacob Williams,United Kingdom,Edinburgh,180.85999999999999,25,2023-09-08 00:00:00,2025-12-27 00:00:00,Platinum,Jazz
2014,Isabela Martins,Brazil,Fortaleza,52.34,8,2022-04-19 00:00:00,2022-12-09 00:00:00,Silver,Alternative & Punk
2015,James Gagnon,Canada,Montreal,30.96,5,2024-02-23 00:00:00,2024-06-24 00:00:00,Bronze,Rock
2016,Thomas Hill,USA,Columbus,16.21,2,2023-05-03 00:00:00,2023-06-10 00:00:00,Bronze,Comedy
2017,Noah Schulz,Germany,Frankfurt,10.43,2,2025-07-27 00:00:00,2025-09-17 00:00:00,Bronze,Latin
2018,Elias Klein,Germany,Duisburg,13.41,1,2025-11-22 00:00:00,2025-11-22 00:00:00,Bronze,Reggae
2019,Marie Berger,Austria,Graz,10.43,2,2025-08-25 00:00:00,2025-09-18 00:00:00,Bronze,Latin
2020,William Thomas,USA,Philadelphia,122.16,18,2023-09-09 00:00:00,2025-03-17 00:00:00,Platinum,Alternative & Punk
2021,Jack Anderson,Australia,Newcastle,34.660000000000004,6,2020-01-16 00:00:00,2020-07-27 00:00:00,Bronze,Rock
2022,Liam Jönsson,Sweden,Uppsala,107.33,15,2023-12-25 00:00:00,2025-06-15 00:00:00,Platinum,Rock
2023,Maria Ferreira,Brazil,Curitiba,188.06,28,2022-05-11 00:00:00,2025-01-01 00:00:00,Platinum,Blues
2024,Léa Renard,Belgium,Mons,155.67000000000002,19,2023-12-20 00:00:00,2025-12-04 00:00:00,Platinum,Comedy
2025,Rodrigo Pereira,Brazil,Manaus,98.09000000000002,15,2021-07-02 00:00:00,2023-01-22 00:00:00,Gold,Rock
2026,Mia Tremblay,Canada,Gatineau,42.57,5,2024-01-28 00:00:00,2024-06-28 00:00:00,Silver,Alternative & Punk
2027,Amelia Clarke,Canada,Gatineau,99.07000000000001,12,2021-07-08 00:00:00,2022-07-09 00:00:00,Gold,Latin
2028,Isabella Smith,Canada,Ottawa,88.59,15,2023-01-07 00:00:00,2024-03-17 00:00:00,Gold,Pop
2029,Nuno Gomes,Portugal,Lisbon,223.69,31,2022-09-28 00:00:00,2025-12-18 00:00:00,Platinum,Alternative & Punk
2030,Kathleen Thompson,USA,San Jose,10.32,2,2024-07-02 00:00:00,2024-10-10 00:00:00,Bronze,Rock
2031,Kento Yoshida,Japan,Osaka,67.32999999999998,12,2019-09-02 00:00:00,2020-09-20 00:00:00,Gold,Blues
2032,Mia Robinson,United Kingdom,Sheffield,97.02,18,2019-05-28 00:00:00,2021-03-28 00:00:00,Gold,Rock
2033,Amy Taylor,USA,Indianapolis,69.96000000000001,13,2021-12-28 00:00:00,2023-02-27 00:00:00,Gold,Rock
2034,Rita Jesus,Portugal,Lisbon,91.88,9,2024-08-01 00:00:00,2025-12-14 00:00:00,Gold,Rock
2035,Louis Fournier,France,Rennes,39.6,7,2020-12-03 00:00:00,2021-11-09 00:00:00,Bronze,Rock
2036,Kathleen Thompson,USA,San Diego,127.97999999999999,21,2021-03-19 00:00:00,2023-06-10 00:00:00,Platinum,Rock
2037,Maxime Lefebvre,France,Nice,60.6,6,2025-04-05 00:00:00,2025-12-03 00:00:00,Silver,Metal
2038,Oscar Evans,United Kingdom,Liverpool,85.44000000000001,10,2025-04-17 00:00:00,2025-12-03 00:00:00,Gold,Alternative & Punk
2039,Isabela Sousa,Brazil,Salvador,183.50999999999996,23,2023-02-07 00:00:00,2025-05-23 00:00:00,Platinum,Rock
2040,Inês Santos,Portugal,Agualva-Cacém,73.52,8,2025-01-04 00:00:00,2025-11-20 00:00:00,Gold,Rock
2041,Sharon Allen,USA,Columbus,171.62999999999997,26,2023-08-09 00:00:00,2025-10-28 00:00:00,Platinum,Metal
2042,Ella Smith,United Kingdom,Leicester,16.830000000000002,4,2021-09-03 00:00:00,2021-12-22 00:00:00,Bronze,Alternative & Punk
2043,Valentin Ruiz,Colombia,Santa Marta,105.27,14,2020-05-12 00:00:00,2022-01-09 00:00:00,Platinum,Comedy
2044,Charlie Robinson,United Kingdom,Belfast,47.97,6,2022-06-22 00:00:00,2022-12-01 00:00:00,Silver,Jazz
2045,John Williams,USA,Nashville,32.67,5,2021-07-11 00:00:00,2021-11-14 00:00:00,Bronze,Rock
2046,Henry Mitchell,Australia,Hobart,203.17999999999995,35,2020-03-12 00:00:00,2025-02-17 00:00:00,Platinum,Rock
2047,Felix Meyer,Germany,Dresden,34.83,5,2024-02-05 00:00:00,2024-07-24 00:00:00,Bronze,Rock
2048,Sebastian Wilson,Canada,Surrey,58.410000000000004,13,2019-12-14 00:00:00,2020-11-25 00:00:00,Silver,Rock
2049,Mia Schneider,Germany,Düsseldorf,15.48,2,2024-05-09 00:00:00,2024-08-05 00:00:00,Bronze,Metal
2050,Jackson Clarke,Canada,Winnipeg,67.63,11,2021-03-03 00:00:00,2022-03-18 00:00:00,Gold,Metal
2051,Diego Almeida,Brazil,Manaus,22.349999999999998,4,2025-09-14 00:00:00,2025-12-24 00:00:00,Bronze,Rock
2052,Beatriz Ferreira,Brazil,Salvador,128.61,14,2024-09-26 00:00:00,2025-11-06 00:00:00,Platinum,Rock
2053,Caio Almeida,Brazil,Rio de Janeiro,131.97,18,2022-04-21 00:00:00,2024-03-07 00:00:00,Platinum,Latin
2054,Martina Pokorný,Czech Republic,Ostrava,113.97999999999999,17,2024-03-09 00:00:00,2025-12-09 00:00:00,Platinum,Rock
2055,Liam Dubois,France,Angers,21.78,4,2019-11-18 00:00:00,2020-02-02 00:00:00,Bronze,Metal
2056,Yui Nakamura,Japan,Sapporo,,0,,,Bronze,
2057,Evelyn Leblanc,Canada,Edmonton,,0,,,Bronze,
2058,Felipe Sousa,Brazil,Belém,47.190000000000005,7,2025-06-10 00:00:00,2025-12-21 00:00:00,Silver,Rock
2059,Lukas Schulz,Germany,Bochum,57.03,10,2020-11-25 00:00:00,2022-01-24 00:00:00,Silver,Rock
2060,Florian Müller,Austria,Sankt Pölten,248.07000000000005,34,2022-04-19 00:00:00,2025-12-06 00:00:00,Platinum,Alternative & Punk
2061,Lea Becker,Germany,Munich,63.1,12,2020-10-12 00:00:00,2022-01-28 00:00:00,Silver,R&B/Soul
2062,Lucas Clarke,Canada,Saskatoon,44.03,7,2023-05-05 00:00:00,2023-09-18 00:00:00,Silver,Rock
2063,Sophia MacDonald,Canada,Hamilton,135.02,23,2021-09-09 00:00:00,2024-04-25 00:00:00,Platinum,Blues
2064,Donald Miller,USA,San Diego,77.07,12,2023-01-28 00:00:00,2024-05-13 00:00:00,Gold,Rock
2065,Andreas Hoffmann,Germany,Bochum,79.23,13,2019-03-28 00:00:00,2020-05-04 00:00:00,Gold,Rock
2066,Elijah Bouchard,Canada,Mississauga,106.80000000000001,18,2021-03-01 00:00:00,2023-02-16 00:00:00,Platinum,Latin
2067,Mia Roberts,United Kingdom,Belfast,101.23,19,2022-01-08 00:00:00,2024-02-22 00:00:00,Gold,Metal
2068,Léa Willems,Belgium,Liège,46.06,6,2024-04-24 00:00:00,2024-10-16 00:00:00,Silver,Rock
2069,Łukasz Kowalczyk,Poland,Wrocław,71.67999999999999,10,2024-04-28 00:00:00,2025-06-06 00:00:00,Gold,Rock
2070,Abigail Smith,Canada,Laval,23.22,4,2024-07-20 00:00:00,2024-11-23 00:00:00,Bronze,Rock
2071,Pavel Hájek,Czech Republic,Ostrava,96.46,15,2022-03-28 00:00:00,2023-12-26 00:00:00,Gold,R&B/Soul
2072,Mary White,USA,Portland,79.69,14,2021-11-24 00:00:00,2023-02-18 00:00:00,Gold,Rock
2073,Jackson Wilson,Canada,Laval,40.620000000000005,6,2024-10-28 00:00:00,2025-04-23 00:00:00,Silver,Rock
2074,Ella Thomas,United Kingdom,Sheffield,16.66,3,2023-03-17 00:00:00,2023-06-06 00:00:00,Bronze,Latin
2075,Gábor Oláh,Hungary,Székesfehérvár,38.63,7,2019-06-04 00:00:00,2020-02-02 00:00:00,Bronze,Rock
2076,Kateřina Dvořák,Czech Republic,České Budějovice,11.92,2,2025-10-28 00:00:00,2025-12-17 00:00:00,Bronze,Blues
2077,Isla Anderson,Australia,Townsville,23.770000000000003,4,2021-04-09 00:00:00,2021-09-19 00:00:00,Bronze,Metal
2078,Zoe Durand,France,Dijon,45.54,9,2020-01-23 00:00:00,2021-02-08 00:00:00,Silver,Latin
2079,Éva Horváth,Hungary,Kecskemét,81.99,15,2022-03-26 00:00:00,2023-07-28 00:00:00,Gold,Rock
2080,Noah Schäfer,Germany,Leipzig,2.98,1,2025-09-01 00:00:00,2025-09-01 00:00:00,Bronze,Latin
2081,Rebecca Thomas,USA,San Antonio,93.04,10,2024-07-01 00:00:00,2025-07-04 00:00:00,Gold,Rock
2082,Antoine David,France,Toulon,53.76,4,2025-08-28 00:00:00,2025-11-23 00:00:00,Silver,TV Shows
2083,Jack Jones,United Kingdom,Manchester,32.67,5,2019-03-28 00:00:00,2019-08-28 00:00:00,Bronze,Metal
2084,Pierre Moreau,France,Strasbourg,140.64,19,2023-08-17 00:00:00,2025-10-02 00:00:00,Platinum,Jazz
2085,Benjamin Oliveira,Brazil,Rio de Janeiro,56.74000000000001,9,2022-10-03 00:00:00,2023-06-26 00:00:00,Silver,Metal
2086,Paul Schwarz,Germany,Cologne,62.38,11,2019-11-13 00:00:00,2020-09-14 00:00:00,Silver,Rock
2087,Veronika Zelenka,Czech Republic,Olomouc,37.46,6,2022-09-28 00:00:00,2023-02-10 00:00:00,Bronze,Rock
2088,Luuk Van Leeuwen,Netherlands,Rotterdam,65.25,9,2024-10-22 00:00:00,2025-11-12 00:00:00,Silver,Rock
2089,Camille Garcia,France,Dijon,8.91,2,2021-11-08 00:00:00,2021-11-25 00:00:00,Bronze,Alternative & Punk
2090,Joshua Lewis,United Kingdom,Glasgow,83.72999999999999,9,2024-12-28 00:00:00,2025-11-15 00:00:00,Gold,Rock
2091,Raphael Bernard,France,Rennes,60.7,7,2024-03-08 00:00:00,2024-11-20 00:00:00,Silver,TV Shows
2092,Michael Nelson,USA,Philadelphia,141.43999999999997,24,2022-04-11 00:00:00,2025-04-01 00:00:00,Platinum,Classical
2093,Charles Adams,USA,Charlotte,26.82,4,2025-07-10 00:00:00,2025-10-24 00:00:00,Bronze,Rock
2094,Oliver Roberts,United Kingdom,Manchester,71.93,11,2023-06-14 00:00:00,2024-08-22 00:00:00,Gold,Rock
2095,Valentin Gómez,Colombia,Cali,117.7,15,2023-08-10 00:00:00,2025-03-08 00:00:00,Platinum,Rock
2096,Sofía González,Spain,Valencia,236.78,22,2022-08-27 00:00:00,2025-07-23 00:00:00,Platinum,Drama
2097,Ana Martins,Portugal,Amadora,132.56,20,2022-02-21 00:00:00,2024-04-17 00:00:00,Platinum,Blues
2098,Leon Becker,Germany,Wuppertal,53.040000000000006,7,2024-12-22 00:00:00,2025-12-28 00:00:00,Silver,Rock
2099,Finn Bos,Netherlands,Rotterdam,99.83000000000003,12,2025-02-19 00:00:00,2025-12-28 00:00:00,Gold,Metal
2100,William MacDonald,Canada,Surrey,112.39999999999999,17,2024-03-25 00:00:00,2025-11-05 00:00:00,Platinum,Metal
2101,Lucie Novotný,Czech Republic,Plzeň,94.94999999999999,11,2024-08-24 00:00:00,2025-06-22 00:00:00,Gold,Rock
2102,Isabella Robinson,United Kingdom,Bradford,112.52,13,2024-05-28 00:00:00,2025-07-28 00:00:00,Platinum,Latin
2103,Stephanie Brown,USA,New York,163.45999999999998,14,2024-10-28 00:00:00,2025-12-20 00:00:00,Platinum,Drama
2104,Aiden Taylor,Canada,Saskatoon,104.47999999999999,11,2024-11-27 00:00:00,2025-12-11 00:00:00,Platinum,Rock
2105,Inès Janssen,Belgium,Mons,113.19999999999999,14,2020-03-02 00:00:00,2021-12-15 00:00:00,Platinum,Comedy
2106,Rafael Sousa,Brazil,Belém,100.06000000000002,17,2022-04-08 00:00:00,2024-02-28 00:00:00,Gold,Rock
2107,Ella Hansson,Sweden,Västerås,123.26999999999998,19,2023-10-28 00:00:00,2025-09-04 00:00:00,Platinum,Rock
2108,Myra Patel,India,Chennai,177.79,25,2022-12-26 00:00:00,2025-10-15 00:00:00,Platinum,Latin
2109,Ava Scott,Australia,Canberra,133.68999999999997,15,2024-06-23 00:00:00,2025-12-21 00:00:00,Platinum,Rock
2110,Mark Jones,USA,Baltimore,,0,,,Bronze,
2111,Chloé Jacobs,Belgium,Charleroi,151.56999999999996,15,2021-06-28 00:00:00,2022-08-28 00:00:00,Platinum,Drama
2112,Rafael Lima,Brazil,Campinas,135.47,23,2022-05-19 00:00:00,2024-07-27 00:00:00,Platinum,Alternative & Punk
2113,Clara Christensen,Denmark,Odense,74.01,9,2025-01-28 00:00:00,2025-12-20 00:00:00,Gold,Rock
2114,Isabella Watson,United Kingdom,Birmingham,60.39000000000001,11,2020-08-07 00:00:00,2021-08-07 00:00:00,Silver,Metal
2115,Thomas Lefebvre,France,Strasbourg,113.90999999999998,15,2024-09-13 00:00:00,2025-11-04 00:00:00,Platinum,Latin
2116,Santiago Fuentes,Chile,Rancagua,71.28,16,2019-06-08 00:00:00,2021-01-08 00:00:00,Gold,Rock
2117,Sebastián López,Chile,Santiago,70.63,12,2023-05-09 00:00:00,2024-11-26 00:00:00,Gold,Latin
2118,Emily Miller,USA,Nashville,83.67999999999999,14,2022-07-28 00:00:00,2023-10-28 00:00:00,Gold,Rock
2119,Natalia Díaz,Colombia,Cúcuta,342.03999999999996,49,2021-05-24 00:00:00,2025-11-10 00:00:00,Platinum,Rock
2120,Maxime Roux,France,Lille,85.75,11,2022-09-24 00:00:00,2023-06-11 00:00:00,Gold,Alternative & Punk
2121,Anna Bakker,Netherlands,Breda,104.73999999999998,9,2024-12-13 00:00:00,2025-10-27 00:00:00,Platinum,Rock
2122,Sakura Inoue,Japan,Yokohama,14.87,3,2022-12-28 00:00:00,2023-03-12 00:00:00,Bronze,Rock
2123,Isabela Ferreira,Brazil,Salvador,19.35,3,2024-10-25 00:00:00,2024-12-18 00:00:00,Bronze,Alternative & Punk
2124,Logan Cote,Canada,Vaughan,110.08,16,2023-08-28 00:00:00,2025-07-15 00:00:00,Platinum,Alternative & Punk
2125,David Anderson,USA,Indianapolis,146.27999999999997,18,2023-12-26 00:00:00,2025-12-28 00:00:00,Platinum,Rock
2126,Susan King,USA,Jacksonville,,0,,,Bronze,
2127,Martin Šimánek,Czech Republic,Liberec,67.62,6,2021-06-16 00:00:00,2021-11-09 00:00:00,Gold,TV Shows
2128,Isabela Lopes,Brazil,Curitiba,139.47,20,2023-08-28 00:00:00,2025-06-16 00:00:00,Platinum,Rock
2129,Noah Claes,Belgium,Mons,11.92,1,2025-12-06 00:00:00,2025-12-06 00:00:00,Bronze,Reggae
2130,David Harris,USA,Houston,42.57000000000001,9,2019-04-06 00:00:00,2020-02-19 00:00:00,Silver,Rock
2131,Davi Ribeiro,Brazil,Belo Horizonte,28.72,4,2019-10-25 00:00:00,2020-05-02 00:00:00,Bronze,Alternative & Punk
2132,Aurora Marino,Italy,Verona,36.67,7,2021-09-01 00:00:00,2022-06-16 00:00:00,Bronze,Rock
2133,Andre Almeida,Brazil,Belo Horizonte,104.45,17,2022-11-17 00:00:00,2024-06-12 00:00:00,Platinum,Rock
2134,Joseph Hill,USA,Los Angeles,143.87,15,2024-02-20 00:00:00,2025-11-08 00:00:00,Platinum,Rock
2135,Anthony Nguyen,USA,San Antonio,73.38999999999999,9,2024-11-19 00:00:00,2025-11-26 00:00:00,Gold,Latin
2136,Inès Bernard,France,Rennes,16.77,2,2024-03-22 00:00:00,2024-04-24 00:00:00,Bronze,Latin
2137,Nóra Nagy,Hungary,Budapest,74.99000000000001,13,2021-05-26 00:00:00,2022-05-27 00:00:00,Gold,Rock
2138,Manon Vincent,France,Lille,60.56,8,2024-07-25 00:00:00,2025-03-07 00:00:00,Silver,Latin
2139,Romain Lefebvre,France,Rennes,79.22,15,2019-10-28 00:00:00,2021-03-28 00:00:00,Gold,Rock
2140,Klaus Meyer,Germany,Leipzig,69.63,9,2024-12-15 00:00:00,2025-12-10 00:00:00,Gold,Rock
2141,Felipe Gomes,Brazil,Campinas,20.9,3,2025-04-24 00:00:00,2025-10-26 00:00:00,Bronze,Sci Fi & Fantasy
2142,Rebecca Johnson,USA,Denver,23.76,3,2019-12-19 00:00:00,2020-03-04 00:00:00,Bronze,Metal
2143,Inès Moreau,France,Bordeaux,163.7,25,2021-07-25 00:00:00,2024-01-16 00:00:00,Platinum,Latin
2144,Logan Bouchard,Canada,Vancouver,92.17999999999999,14,2023-06-12 00:00:00,2024-09-20 00:00:00,Gold,Rock
2145,Sarah Smith,USA,Austin,87.19999999999999,12,2023-05-25 00:00:00,2024-08-28 00:00:00,Gold,Rock
2146,Liam Garcia,France,Le Havre,34.88,6,2022-05-24 00:00:00,2022-10-05 00:00:00,Bronze,Alternative & Punk
2147,Isabela Gomes,Brazil,Recife,33.78,4,2025-06-10 00:00:00,2025-11-17 00:00:00,Bronze,Latin
2148,Andrew Davis,USA,Nashville,38.61,6,2020-10-06 00:00:00,2021-01-25 00:00:00,Bronze,Rock
2149,Agustina Gómez,Argentina,Santa Fe,206.1,26,2023-09-04 00:00:00,2025-12-04 00:00:00,Platinum,Rock
2150,Mia Taylor,Canada,Montreal,59.11,7,2025-04-07 00:00:00,2025-11-01 00:00:00,Silver,Latin
2151,Mia MacDonald,Canada,Laval,62.72,8,2023-12-17 00:00:00,2024-09-28 00:00:00,Silver,Jazz
2152,Bartosz Kwiatkowski,Poland,Wrocław,44.88,7,2021-09-03 00:00:00,2022-05-24 00:00:00,Silver,Rock
2153,Camille Bertrand,France,Dijon,57.61999999999999,7,2025-03-16 00:00:00,2025-10-27 00:00:00,Silver,Rock
2154,Thomas Davies,United Kingdom,Sheffield,14.47,3,2022-10-27 00:00:00,2023-03-04 00:00:00,Bronze,Rock
2155,Nora Bakker,Netherlands,Eindhoven,134.42999999999998,16,2024-02-27 00:00:00,2025-09-22 00:00:00,Platinum,Latin
2156,Isabella Brown,United Kingdom,Belfast,9.9,2,2019-04-16 00:00:00,2019-05-05 00:00:00,Bronze,Rock
2157,Lucas Smith,Canada,Mississauga,43.72,4,2025-08-17 00:00:00,2025-12-27 00:00:00,Silver,Metal
2158,Finn Richter,Germany,Bielefeld,106.89,11,2023-01-18 00:00:00,2023-10-28 00:00:00,Platinum,TV Shows
2159,Romain Lefebvre,France,Nîmes,56.45,9,2019-06-28 00:00:00,2020-05-19 00:00:00,Silver,Latin
2160,Rebecca Nelson,USA,Austin,100.41999999999999,8,2020-10-19 00:00:00,2021-05-21 00:00:00,Gold,TV Shows
2161,Lucas Ruiz,Spain,Madrid,53.99,8,2024-04-08 00:00:00,2024-11-23 00:00:00,Silver,Rock
2162,Dávid Molnár,Hungary,Győr,78.67999999999999,13,2023-05-26 00:00:00,2024-09-10 00:00:00,Gold,Metal
2163,Ashley Smith,USA,Fort Worth,205.65999999999997,25,2023-02-03 00:00:00,2025-12-17 00:00:00,Platinum,Alternative & Punk
2164,Lauri Saarinen,Finland,Vantaa,108.91,17,2020-03-08 00:00:00,2021-10-01 00:00:00,Platinum,Rock
2165,Sarah Green,USA,Las Vegas,53.46,9,2019-08-08 00:00:00,2020-07-27 00:00:00,Silver,Latin
2166,Sofia Fortin,Canada,Saskatoon,102.29,12,2021-11-21 00:00:00,2023-01-17 00:00:00,Gold,Sci Fi & Fantasy
2167,Donald White,USA,Denver,88.5,9,2020-02-28 00:00:00,2021-01-20 00:00:00,Gold,TV Shows
2168,Isabella Ramírez,Colombia,Barranquilla,125.46000000000002,11,2022-04-13 00:00:00,2023-04-16 00:00:00,Platinum,TV Shows
2169,Julia Vieira,Brazil,Fortaleza,87.53999999999998,14,2020-07-07 00:00:00,2022-01-11 00:00:00,Gold,Rock
2170,Jessica Garcia,USA,Fort Worth,21.81,4,2022-09-05 00:00:00,2022-12-03 00:00:00,Bronze,Blues
2171,Leo Lee,Australia,Darwin,14.850000000000001,3,2019-11-21 00:00:00,2020-01-27 00:00:00,Bronze,Reggae
2172,Alexander Watson,United Kingdom,Manchester,47.26,6,2024-08-05 00:00:00,2025-01-18 00:00:00,Silver,Soundtrack
2173,Mary White,USA,Louisville,101.99000000000001,14,2024-08-21 00:00:00,2025-12-24 00:00:00,Gold,Reggae
2174,Olivia Leblanc,Canada,Laval,105.94999999999999,18,2019-06-18 00:00:00,2021-01-25 00:00:00,Platinum,Metal
2175,Eva Procházka,Czech Republic,České Budějovice,50.730000000000004,8,2024-06-07 00:00:00,2025-03-28 00:00:00,Silver,Rock
2176,Sean O'Doherty,Ireland,Swords,41.97,6,2023-10-01 00:00:00,2024-04-09 00:00:00,Silver,Jazz
2177,Noah Jackson,United Kingdom,Bristol,67.01,13,2022-06-05 00:00:00,2023-08-14 00:00:00,Gold,Alternative & Punk
2178,Emma Wouters,Belgium,Namur,29.799999999999997,4,2025-09-20 00:00:00,2025-11-20 00:00:00,Bronze,Metal
2179,Avery MacDonald,Canada,Saskatoon,68.33999999999999,11,2020-08-28 00:00:00,2021-11-02 00:00:00,Gold,R&B/Soul
2180,Maxime Morel,France,Reims,42.58,9,2021-03-04 00:00:00,2021-11-07 00:00:00,Silver,Alternative & Punk
2181,Mark Nguyen,USA,Columbus,,0,,,Bronze,
2182,Matthew Brown,USA,Las Vegas,39.6,7,2021-03-02 00:00:00,2021-12-08 00:00:00,Bronze,Metal
2183,Oliver Eriksen,Norway,Trondheim,90.24000000000001,14,2022-08-06 00:00:00,2023-09-08 00:00:00,Gold,Rock
2184,Donald Moore,USA,Memphis,57.620000000000005,6,2025-05-01 00:00:00,2025-12-07 00:00:00,Silver,Rock
2185,Noah Smith,United Kingdom,Birmingham,116.25999999999999,16,2023-02-24 00:00:00,2024-08-20 00:00:00,Platinum,Pop
2186,Mary Harris,USA,San Diego,19.37,2,2025-07-24 00:00:00,2025-09-22 00:00:00,Bronze,Metal
2187,Baptiste Lefebvre,France,Lille,37.32,4,2024-07-18 00:00:00,2025-03-13 00:00:00,Bronze,Rock
2188,Haruka Nakamura,Japan,Kobe,30.369999999999997,2,2025-10-24 00:00:00,2025-12-19 00:00:00,Bronze,Drama
2189,Arjun Pandey,India,Ahmedabad,101.87000000000002,15,2021-08-02 00:00:00,2023-04-28 00:00:00,Gold,Alternative & Punk
2190,Michael Williams,USA,San Jose,60.36000000000001,8,2024-08-01 00:00:00,2025-04-24 00:00:00,Silver,Rock
2191,Leo Walker,Australia,Newcastle,63.01999999999999,7,2024-01-20 00:00:00,2024-06-28 00:00:00,Silver,Alternative & Punk
2192,Lucas Johnson,Canada,Montreal,190.32999999999996,26,2023-07-19 00:00:00,2025-12-18 00:00:00,Platinum,Classical
2193,Harry Thompson,United Kingdom,Belfast,111.86999999999996,20,2019-09-09 00:00:00,2021-10-17 00:00:00,Platinum,Rock
2194,Ava MacDonald,Canada,Laval,76.72,11,2023-12-16 00:00:00,2025-04-26 00:00:00,Gold,Metal
2195,Joseph Anderson,USA,Seattle,26.839999999999996,4,2020-04-09 00:00:00,2020-06-12 00:00:00,Bronze,Drama
2196,Mary Torres,USA,Dallas,141.32999999999998,26,2019-10-13 00:00:00,2022-09-28 00:00:00,Platinum,R&B/Soul
2197,James Wright,USA,Columbus,34.65,5,2021-05-19 00:00:00,2021-10-07 00:00:00,Bronze,Latin
2198,Bruno Oliveira,Brazil,Curitiba,14.41,1,2025-12-09 00:00:00,2025-12-09 00:00:00,Bronze,Rock
2199,Elizabeth Anderson,USA,Indianapolis,29.8,3,2025-08-23 00:00:00,2025-10-02 00:00:00,Bronze,Latin
2200,Paul Hoffmann,Germany,Munich,58.050000000000004,7,2024-06-27 00:00:00,2024-12-26 00:00:00,Silver,Bossa Nova
2201,Inês Oliveira,Portugal,Setúbal,38.739999999999995,6,2025-06-24 00:00:00,2025-12-24 00:00:00,Bronze,Rock
2202,Alessandro Bruno,Italy,Catania,82.34000000000002,12,2021-05-27 00:00:00,2022-09-01 00:00:00,Gold,Rock
2203,Ethan Mitchell,Australia,Townsville,44.56,10,2020-07-02 00:00:00,2021-05-25 00:00:00,Silver,Rock
2204,Henry Brown,Australia,Townsville,125.14,15,2024-11-09 00:00:00,2025-11-22 00:00:00,Platinum,Rock
2205,Alba Pérez,Spain,Madrid,205.58999999999997,31,2022-01-26 00:00:00,2024-10-04 00:00:00,Platinum,Reggae
2206,Alice Morel,France,Grenoble,35.74,4,2024-07-23 00:00:00,2024-10-03 00:00:00,Bronze,Latin
2207,Raphael Petit,France,Dijon,90.78,10,2024-12-19 00:00:00,2025-12-10 00:00:00,Gold,Rock
2208,Camille Robert,France,Dijon,39.27,5,2023-04-23 00:00:00,2023-11-10 00:00:00,Bronze,Rock
2209,Lucas Santos,Brazil,Guarulhos,19.04,4,2023-08-22 00:00:00,2023-11-01 00:00:00,Bronze,Rock
2210,Joseph Harris,USA,Nashville,161.35999999999999,21,2023-01-07 00:00:00,2025-04-13 00:00:00,Platinum,Rock
2211,Emilia Nieminen,Finland,Jyväskylä,90.67,14,2023-03-28 00:00:00,2024-05-11 00:00:00,Gold,Rock
2212,Michał Wójcik,Poland,Poznań,12.87,3,2019-11-28 00:00:00,2020-02-07 00:00:00,Bronze,Rock
2213,Matthew Davis,USA,Las Vegas,67.75,10,2023-08-16 00:00:00,2024-04-01 00:00:00,Gold,Metal
2214,Emily Brown,United Kingdom,Edinburgh,36.800000000000004,6,2023-04-15 00:00:00,2023-07-16 00:00:00,Bronze,Rock
2215,Susan Jackson,USA,Nashville,31.29,3,2025-11-15 00:00:00,2025-12-23 00:00:00,Bronze,Rock
2216,Ciara Kelly,Ireland,Navan,137.74,18,2023-04-14 00:00:00,2025-06-14 00:00:00,Platinum,Rock
2217,Paul Bauer,Germany,Hamburg,109.25000000000001,17,2021-11-25 00:00:00,2023-07-16 00:00:00,Platinum,Latin
2218,Elias Klein,Germany,Dortmund,64.12,9,2021-08-10 00:00:00,2022-09-28 00:00:00,Silver,Rock
2219,Liam Thomas,Canada,Vaughan,110.13999999999997,22,2019-11-25 00:00:00,2022-04-21 00:00:00,Platinum,Metal
2220,Mia Schmidt,Germany,Frankfurt,77.64,11,2022-09-19 00:00:00,2023-08-18 00:00:00,Gold,Rock
2221,Elizabeth Miller,USA,Baltimore,66.42,11,2024-06-06 00:00:00,2025-07-17 00:00:00,Gold,Latin
2222,Priya Patel,India,Hyderabad,46.459999999999994,8,2024-05-19 00:00:00,2025-03-13 00:00:00,Silver,Metal
2223,Linda Martin,USA,Nashville,37.25,5,2025-08-10 00:00:00,2025-11-25 00:00:00,Bronze,Metal
2224,María Martínez,Spain,Zaragoza,178.16,30,2019-08-23 00:00:00,2022-04-27 00:00:00,Platinum,Reggae
2225,Olivia Wilson,United Kingdom,Sunderland,76.56,9,2019-05-25 00:00:00,2020-03-11 00:00:00,Gold,Drama
2226,Rebecca Brown,USA,Nashville,98.72,13,2024-10-12 00:00:00,2025-12-13 00:00:00,Gold,Latin
2227,Ava Brown,Canada,Surrey,59.34,7,2023-12-12 00:00:00,2024-04-17 00:00:00,Silver,Rock
2228,Susan Green,USA,Las Vegas,117.41000000000003,16,2024-06-25 00:00:00,2025-12-01 00:00:00,Platinum,Rock
2229,Emma Smith,Canada,Montreal,42.540000000000006,6,2022-10-19 00:00:00,2023-04-09 00:00:00,Silver,Rock
2230,Noah Roberts,United Kingdom,Sunderland,60.69,11,2020-12-28 00:00:00,2022-01-10 00:00:00,Silver,Rock
2231,Felipe Ribeiro,Brazil,São Paulo,124.02000000000001,17,2021-12-17 00:00:00,2023-04-02 00:00:00,Platinum,Rock
2232,Valentina Contreras,Chile,Valparaíso,197.49999999999997,34,2020-06-18 00:00:00,2024-08-04 00:00:00,Platinum,Rock
2233,Sophia Johnson,Canada,Halifax,112.81,14,2024-05-26 00:00:00,2025-09-12 00:00:00,Platinum,Alternative & Punk
2234,Matias Niemi,Finland,Pori,22.349999999999998,3,2025-11-10 00:00:00,2025-12-15 00:00:00,Bronze,Rock
2235,Maximilian Bauer,Germany,Bremen,67.23,9,2024-10-18 00:00:00,2025-08-27 00:00:00,Gold,Rock
2236,Isla Walker,Australia,Hobart,82.92,11,2024-08-28 00:00:00,2025-07-09 00:00:00,Gold,Jazz
2237,Rebecca Young,USA,Charlotte,100.07000000000001,16,2021-08-10 00:00:00,2022-11-04 00:00:00,Gold,Rock
2238,Rita Rodrigues,Portugal,Porto,102.22000000000001,18,2021-01-12 00:00:00,2022-06-06 00:00:00,Gold,Alternative & Punk
2239,Micaela Álvarez,Argentina,Salta,179.67999999999995,29,2020-09-09 00:00:00,2024-07-18 00:00:00,Platinum,Latin
2240,Benjamin Lima,Brazil,Porto Alegre,43.21,6,2025-06-28 00:00:00,2025-12-28 00:00:00,Silver,Metal
2241,Maria Lopes,Brazil,Manaus,41.72,4,2025-07-04 00:00:00,2025-12-28 00:00:00,Silver,Blues
2242,Julien Bertrand,France,Nice,87.71999999999998,9,2024-05-02 00:00:00,2024-12-10 00:00:00,Gold,Alternative & Punk
2243,Leonardo Ricci,Italy,Bologna,38.620000000000005,7,2020-11-28 00:00:00,2021-06-13 00:00:00,Bronze,Latin
2244,Anthony Johnson,USA,Los Angeles,64.17,8,2023-05-19 00:00:00,2023-11-25 00:00:00,Silver,Metal
2245,Isla Evans,United Kingdom,Belfast,10.71,1,2023-02-20 00:00:00,2023-02-20 00:00:00,Bronze,Metal
2246,Robert Smith,USA,Seattle,92.59000000000002,17,2020-09-27 00:00:00,2022-01-02 00:00:00,Gold,Latin
2247,Jack Watson,United Kingdom,London,120.33,16,2023-11-18 00:00:00,2025-07-28 00:00:00,Platinum,Alternative & Punk
2248,Avery Leblanc,Canada,Laval,109.24,17,2021-02-01 00:00:00,2022-06-23 00:00:00,Platinum,Rock
2249,Elias Wolf,Germany,Dresden,57.26,6,2023-12-12 00:00:00,2024-09-04 00:00:00,Silver,Rock
2250,Patricia Green,USA,Charlotte,40.24,8,2022-04-03 00:00:00,2023-05-01 00:00:00,Silver,Rock
2251,Sebastian Taylor,Canada,Gatineau,67.91000000000001,7,2024-11-27 00:00:00,2025-06-13 00:00:00,Gold,Bossa Nova
2252,Lea Bertrand,France,Grenoble,125.91,17,2023-12-27 00:00:00,2025-11-08 00:00:00,Platinum,Rock
2253,Tim Van den Berg,Netherlands,Groningen,97.13999999999999,12,2024-11-21 00:00:00,2025-12-05 00:00:00,Gold,Latin
2254,Jackson Gagnon,Canada,Markham,11.92,1,2025-12-24 00:00:00,2025-12-24 00:00:00,Bronze,Latin
2255,Isabela Pereira,Brazil,São Luís,159.42,19,2020-11-04 00:00:00,2022-05-24 00:00:00,Platinum,Sci Fi & Fantasy
2256,Santiago Sánchez,Colombia,Medellín,50.49,8,2020-02-04 00:00:00,2020-11-15 00:00:00,Silver,Metal
2257,Laura Allen,USA,Philadelphia,110.32,15,2023-08-20 00:00:00,2024-09-21 00:00:00,Platinum,Rock
2258,Gábor Molnár,Hungary,Nyíregyháza,41.72,6,2025-04-10 00:00:00,2025-12-14 00:00:00,Silver,Rock
2259,Hugo Karlsson,Sweden,Gothenburg,31.289999999999996,4,2025-10-28 00:00:00,2025-12-27 00:00:00,Bronze,Alternative & Punk
2260,Emily Wilson,USA,Seattle,95.83000000000001,12,2024-08-22 00:00:00,2025-12-24 00:00:00,Gold,Rock
2261,Petra Dvořák,Czech Republic,České Budějovice,107.89999999999999,13,2024-03-28 00:00:00,2025-04-01 00:00:00,Platinum,Rock
2262,William Young,USA,Indianapolis,8.94,1,2025-08-04 00:00:00,2025-08-04 00:00:00,Bronze,Rock
2263,Susan Nguyen,USA,Phoenix,257.61999999999995,27,2022-10-28 00:00:00,2025-11-20 00:00:00,Platinum,Comedy
2264,Lucas Barbosa,Brazil,Curitiba,,0,,,Bronze,
2265,Rebecca Williams,USA,Dallas,236.56000000000003,31,2022-04-28 00:00:00,2025-12-27 00:00:00,Platinum,Rock
2266,Filip Dąbrowski,Poland,Warsaw,94.06,14,2019-11-23 00:00:00,2020-11-19 00:00:00,Gold,Metal
2267,Emma Koch,Germany,Duisburg,6.93,2,2020-04-13 00:00:00,2020-05-07 00:00:00,Bronze,Rock
2268,Noah Hoffmann,Germany,Cologne,217.21,32,2022-10-11 00:00:00,2025-11-23 00:00:00,Platinum,Rock
2269,Adam Janssen,Belgium,Mons,57.260000000000005,7,2023-10-25 00:00:00,2024-04-21 00:00:00,Silver,Metal
2270,Mary Anderson,USA,Fort Worth,112.91,19,2019-03-25 00:00:00,2021-03-13 00:00:00,Platinum,R&B/Soul
2271,Neha Agarwal,India,Surat,16.83,2,2020-09-17 00:00:00,2020-10-09 00:00:00,Bronze,Latin
2272,Martin Hájek,Czech Republic,Ústí nad Labem,81.15000000000002,12,2023-05-11 00:00:00,2024-08-23 00:00:00,Gold,Latin
2273,Jessica Thomas,USA,Los Angeles,66.07,8,2025-01-01 00:00:00,2025-12-01 00:00:00,Gold,Metal
2274,Martina Colombo,Italy,Venice,41.23,6,2025-06-20 00:00:00,2025-11-04 00:00:00,Silver,Latin
2275,William Rasmussen,Denmark,Randers,103.58,15,2021-08-15 00:00:00,2023-06-28 00:00:00,Platinum,Rock
2276,Zoe Bernard,France,Rennes,28.34,4,2022-07-12 00:00:00,2022-10-15 00:00:00,Bronze,Rock
2277,Alejandro Navarro,Spain,Las Palmas,82.17999999999999,16,2020-04-13 00:00:00,2021-07-05 00:00:00,Gold,Latin
2278,Emily Davis,USA,Philadelphia,2.97,1,2021-04-28 00:00:00,2021-04-28 00:00:00,Bronze,Metal
2279,Maria Silva,Portugal,Coimbra,87.89999999999999,8,2024-04-16 00:00:00,2024-11-20 00:00:00,Gold,TV Shows
2280,Pierre Bernard,France,Bordeaux,50.11,8,2023-11-02 00:00:00,2024-09-06 00:00:00,Silver,Electronica/Dance
2281,Isabella Robinson,Canada,Markham,103.94000000000001,18,2021-03-21 00:00:00,2023-05-06 00:00:00,Platinum,Alternative & Punk
2282,Filipa Ferreira,Portugal,Viseu,53.57000000000001,6,2024-02-21 00:00:00,2024-10-14 00:00:00,Silver,World
2283,Monika Beneš,Czech Republic,Olomouc,104.76999999999997,14,2024-03-15 00:00:00,2025-11-22 00:00:00,Platinum,Alternative & Punk
2284,Alice Dubois,France,Montpellier,81.94999999999999,11,2023-05-15 00:00:00,2024-08-09 00:00:00,Gold,Rock
2285,Evelyn Roy,Canada,Vaughan,43.56,8,2019-04-12 00:00:00,2020-06-11 00:00:00,Silver,Metal
2286,Emil Olsen,Denmark,Horsens,42.57,8,2020-12-28 00:00:00,2021-10-28 00:00:00,Silver,Rock
2287,Kevin Thomas,USA,Houston,89.56,11,2024-08-19 00:00:00,2025-10-19 00:00:00,Gold,Rock
2288,Emil Johannessen,Norway,Bergen,13.09,2,2023-02-24 00:00:00,2023-04-14 00:00:00,Bronze,R&B/Soul
2289,Jessica Jackson,USA,Austin,150.7,19,2023-11-11 00:00:00,2025-07-18 00:00:00,Platinum,Rock
2290,Laura Johnson,USA,Seattle,42.75,7,2023-02-27 00:00:00,2023-11-05 00:00:00,Silver,Latin
2291,Molly Persson,Sweden,Uppsala,51.48,10,2020-03-11 00:00:00,2021-02-25 00:00:00,Silver,Metal
2292,Alice Garcia,France,Lille,170.32999999999998,30,2021-10-26 00:00:00,2024-08-10 00:00:00,Platinum,Latin
2293,Lucas Garcia,France,Dijon,171.52999999999997,13,2024-06-20 00:00:00,2025-10-28 00:00:00,Platinum,Drama
2294,Emma De Groot,Netherlands,The Hague,26.73,5,2021-02-18 00:00:00,2021-05-28 00:00:00,Bronze,Heavy Metal
2295,Leo Roux,France,Lille,7.92,1,2020-12-04 00:00:00,2020-12-04 00:00:00,Bronze,Metal
2296,Emma Van Dijk,Netherlands,Groningen,145.44000000000003,17,2023-09-13 00:00:00,2025-11-01 00:00:00,Platinum,Rock
2297,Charlotte Smith,Canada,Ottawa,79.97,10,2025-01-03 00:00:00,2025-09-24 00:00:00,Gold,Rock
2298,Hugo Lopes,Portugal,Agualva-Cacém,112.55000000000001,14,2023-10-28 00:00:00,2024-11-02 00:00:00,Platinum,Rock
2299,Noah Jacobsen,Norway,Trondheim,37.25,5,2025-09-01 00:00:00,2025-12-28 00:00:00,Bronze,Rock
2300,Kathleen Hill,USA,Los Angeles,145.31,21,2021-07-01 00:00:00,2023-05-16 00:00:00,Platinum,Rock
2301,Melissa Green,USA,Dallas,53.46,9,2020-12-28 00:00:00,2021-11-10 00:00:00,Silver,Metal
2302,Ondřej Svoboda,Czech Republic,České Budějovice,85.38,11,2024-01-10 00:00:00,2025-05-25 00:00:00,Gold,Latin
2303,Aleksandra Wiśniewski,Poland,Wrocław,44.699999999999996,6,2025-06-01 00:00:00,2025-12-28 00:00:00,Silver,Alternative & Punk
2304,Davi Carvalho,Brazil,Goiânia,82.58,16,2020-08-04 00:00:00,2022-03-23 00:00:00,Gold,R&B/Soul
2305,Kavya Bose,India,Patna,75.57999999999998,14,2021-03-22 00:00:00,2022-05-14 00:00:00,Gold,R&B/Soul
2306,Lisa Pichler,Austria,Salzburg,231.21999999999997,26,2023-10-22 00:00:00,2025-11-13 00:00:00,Platinum,Rock
2307,Franco Pérez,Argentina,Rosario,90.73,16,2020-12-14 00:00:00,2022-06-05 00:00:00,Gold,Rock
2308,Manon Willems,Belgium,Mons,55.13,7,2025-05-15 00:00:00,2025-12-17 00:00:00,Silver,Rock
2309,Ava Cote,Canada,Gatineau,68.56,8,2025-02-17 00:00:00,2025-12-25 00:00:00,Gold,Jazz
2310,Logan Tremblay,Canada,Toronto,13.41,1,2025-12-20 00:00:00,2025-12-20 00:00:00,Bronze,Rock
2311,Jackson Thomas,Canada,Toronto,59.489999999999995,7,2024-12-04 00:00:00,2025-08-28 00:00:00,Silver,Rock
2312,Arjun Kumar,India,Visakhapatnam,55.82,5,2022-07-07 00:00:00,2022-10-27 00:00:00,Silver,Drama
2313,Florencia Rodríguez,Argentina,Salta,,0,,,Bronze,
2314,Matthew Harris,USA,Phoenix,44.5,3,2024-06-01 00:00:00,2024-10-19 00:00:00,Silver,TV Shows
2315,Emma Richard,France,Strasbourg,115.95000000000002,11,2023-05-11 00:00:00,2024-04-28 00:00:00,Platinum,Science Fiction
2316,Aadhya Kumar,India,Visakhapatnam,63.91000000000001,9,2023-12-03 00:00:00,2024-12-13 00:00:00,Silver,Metal
2317,Alexandre Vincent,France,Grenoble,53.11,9,2021-06-25 00:00:00,2022-06-04 00:00:00,Silver,Rock
2318,Caoimhe Gallagher,Ireland,Cork,50.05,10,2021-11-26 00:00:00,2023-02-16 00:00:00,Silver,Rock
2319,Beatriz Santos,Portugal,Lisbon,183.74999999999997,31,2019-06-19 00:00:00,2022-11-28 00:00:00,Platinum,Reggae
2320,Charlie Watson,United Kingdom,Coventry,10.89,2,2019-09-16 00:00:00,2019-11-16 00:00:00,Bronze,Rock
2321,John Harris,USA,Austin,178.32999999999996,23,2023-12-22 00:00:00,2025-12-03 00:00:00,Platinum,Rock
2322,Stefan Bauer,Germany,Stuttgart,85.4,10,2024-09-19 00:00:00,2025-06-05 00:00:00,Gold,Rock
2323,Romain Dubois,France,Saint-Étienne,103.32999999999998,13,2024-05-04 00:00:00,2025-05-08 00:00:00,Platinum,Rock
2324,Camila Morales,Colombia,Ibagué,147.55000000000004,13,2022-09-14 00:00:00,2023-11-21 00:00:00,Platinum,Drama
2325,Jessica Davis,USA,Dallas,31.629999999999995,5,2022-12-22 00:00:00,2023-03-27 00:00:00,Bronze,Pop
2326,Isabela Alves,Brazil,Belém,96.89999999999998,12,2024-05-17 00:00:00,2025-08-22 00:00:00,Gold,Rock
2327,Liam Brown,Australia,Adelaide,175.69,22,2024-03-28 00:00:00,2025-11-21 00:00:00,Platinum,Latin
2328,Kathleen Smith,USA,Indianapolis,27.73,5,2020-03-06 00:00:00,2020-10-17 00:00:00,Bronze,Easy Listening
2329,Alice Barbosa,Brazil,São Paulo,82.03999999999999,11,2024-10-19 00:00:00,2025-09-03 00:00:00,Gold,Rock
2330,Sharon Taylor,USA,Columbus,45.54,8,2020-10-02 00:00:00,2021-06-17 00:00:00,Silver,Latin
2331,Pari Das,India,Patna,26.18,3,2023-01-20 00:00:00,2023-03-11 00:00:00,Bronze,Rock
2332,Tom Wouters,Belgium,Brussels,46.25,7,2024-05-05 00:00:00,2024-11-09 00:00:00,Silver,Latin
2333,Andre Rodrigues,Brazil,Belém,4.47,1,2025-10-26 00:00:00,2025-10-26 00:00:00,Bronze,Alternative & Punk
2334,Beatriz Ferreira,Portugal,Funchal,29.43,5,2022-02-20 00:00:00,2022-06-19 00:00:00,Bronze,Blues
2335,Oliver Mulder,Netherlands,Rotterdam,63.739999999999995,10,2022-07-28 00:00:00,2023-06-09 00:00:00,Silver,Rock
2336,Richard Allen,USA,San Diego,123.96,14,2024-10-27 00:00:00,2025-12-20 00:00:00,Platinum,Rock
2337,Camila Muñoz,Chile,Rancagua,161.60999999999999,24,2022-03-14 00:00:00,2024-08-25 00:00:00,Platinum,Jazz
2338,Luuk Bakker,Netherlands,Amsterdam,59.07,7,2024-01-17 00:00:00,2025-02-09 00:00:00,Silver,Latin
2339,James Johnson,USA,San Diego,200.82999999999996,31,2022-05-05 00:00:00,2025-06-09 00:00:00,Platinum,Alternative & Punk
2340,Sofie Jensen,Norway,Bergen,50.220000000000006,9,2021-06-12 00:00:00,2022-04-05 00:00:00,Silver,Alternative
2341,Thomas Bertrand,France,Grenoble,72.67,10,2022-06-10 00:00:00,2023-07-13 00:00:00,Gold,Rock
2342,Melissa King,USA,New York,16.39,2,2025-03-06 00:00:00,2025-04-09 00:00:00,Bronze,Electronica/Dance
2343,Adrián Martínez,Spain,Seville,41.580000000000005,8,2020-06-19 00:00:00,2021-01-04 00:00:00,Silver,Rock
2344,Daniel Hill,USA,Baltimore,77.24000000000001,11,2019-08-13 00:00:00,2020-08-16 00:00:00,Gold,Easy Listening
2345,Mason Brown,Canada,Hamilton,100.02000000000001,15,2020-05-14 00:00:00,2021-05-26 00:00:00,Gold,Latin
2346,Benjamín Sosa,Argentina,Santa Fe,35.93,5,2024-08-28 00:00:00,2024-12-24 00:00:00,Bronze,Rock
2347,Anthony Miller,USA,Phoenix,49.019999999999996,7,2024-02-06 00:00:00,2024-06-05 00:00:00,Silver,Soundtrack
2348,Petra Krejčí,Czech Republic,České Budějovice,195.98,31,2021-04-19 00:00:00,2024-05-24 00:00:00,Platinum,Alternative & Punk
2349,Nicolás López,Colombia,Barranquilla,151.18000000000004,23,2021-07-09 00:00:00,2024-03-14 00:00:00,Platinum,Rock
2350,Filip Pedersen,Norway,Trondheim,14.19,2,2024-05-28 00:00:00,2024-06-12 00:00:00,Bronze,Metal
2351,Andrew Young,USA,Nashville,83.55999999999999,9,2024-11-26 00:00:00,2025-09-22 00:00:00,Gold,Classical
2352,Patricia Martin,USA,Seattle,159.98000000000002,15,2022-12-24 00:00:00,2024-06-18 00:00:00,Platinum,Science Fiction
2353,Cynthia Jackson,USA,Portland,74.3,8,2024-12-20 00:00:00,2025-11-15 00:00:00,Gold,Latin
2354,Zoe Williams,Australia,Melbourne,169.43000000000006,31,2019-12-17 00:00:00,2023-07-17 00:00:00,Platinum,Metal
2355,Aiden Johnson,Canada,Winnipeg,14.190000000000001,3,2024-03-15 00:00:00,2024-05-11 00:00:00,Bronze,Rock
2356,Karen Davis,USA,Seattle,95.45,8,2024-05-06 00:00:00,2024-12-13 00:00:00,Gold,Drama
2357,Beatrice Marino,Italy,Florence,33.300000000000004,4,2022-08-28 00:00:00,2023-01-08 00:00:00,Bronze,Rock
2358,William Martin,USA,Seattle,84.53,13,2023-03-09 00:00:00,2024-05-09 00:00:00,Gold,Rock
2359,Linda Smith,USA,Dallas,16.66,3,2023-05-20 00:00:00,2023-08-28 00:00:00,Bronze,Rock
2360,Antoine Richard,France,Rennes,92.08,17,2019-12-15 00:00:00,2021-06-12 00:00:00,Gold,Metal
2361,Tim De Jong,Netherlands,Rotterdam,55.44,8,2020-12-10 00:00:00,2021-05-19 00:00:00,Silver,Rock
2362,Anika Sharma,India,Indore,69.42,12,2021-04-02 00:00:00,2022-04-22 00:00:00,Gold,Rock
2363,Anna Smit,Netherlands,Tilburg,180.95000000000005,16,2022-03-10 00:00:00,2023-07-17 00:00:00,Platinum,TV Shows
2364,Liam Lavoie,Canada,Hamilton,65.17999999999999,9,2023-06-08 00:00:00,2024-06-15 00:00:00,Silver,R&B/Soul
2365,Jakub Pokorný,Czech Republic,Liberec,168.71,20,2023-07-20 00:00:00,2025-08-28 00:00:00,Platinum,Rock
2366,Susan Nguyen,USA,Las Vegas,14.899999999999999,2,2025-01-24 00:00:00,2025-04-11 00:00:00,Bronze,Rock
2367,Melissa Moore,USA,Portland,56.93000000000001,7,2023-04-13 00:00:00,2024-03-25 00:00:00,Silver,World
2368,Miguel Lima,Brazil,Manaus,48.39000000000001,8,2022-12-04 00:00:00,2023-06-22 00:00:00,Silver,Latin
2369,Benjamín González,Argentina,Rosario,24.75,6,2021-04-13 00:00:00,2021-09-19 00:00:00,Bronze,Latin
2370,Cynthia Nelson,USA,Charlotte,59.410000000000004,12,2019-12-07 00:00:00,2021-02-09 00:00:00,Silver,Rock
2371,Aadya Nair,India,Bhopal,118.33999999999999,11,2020-12-02 00:00:00,2021-12-08 00:00:00,Platinum,TV Shows
2372,Ethan Robinson,Canada,Ottawa,60.99,9,2020-07-24 00:00:00,2022-01-06 00:00:00,Silver,Rock
2373,Susan Torres,USA,Chicago,160.49,14,2024-03-03 00:00:00,2025-08-16 00:00:00,Platinum,Comedy
2374,Laura Wilson,USA,Denver,45.830000000000005,8,2023-03-19 00:00:00,2024-01-17 00:00:00,Silver,Rock
2375,Antoine Lefebvre,France,Saint-Étienne,44.53,8,2022-07-28 00:00:00,2023-07-04 00:00:00,Silver,Metal
2376,William King,USA,San Jose,75.24,15,2019-10-08 00:00:00,2020-12-19 00:00:00,Gold,Rock
2377,Mason Roy,Canada,Surrey,42.08,9,2021-07-28 00:00:00,2022-03-02 00:00:00,Silver,Latin
2378,Sofía Contreras,Chile,Santiago,74.42,11,2021-11-14 00:00:00,2023-01-28 00:00:00,Gold,Alternative & Punk
2379,Noa López,Spain,Barcelona,128.35000000000002,15,2023-11-17 00:00:00,2025-05-05 00:00:00,Platinum,Rock
2380,Sofia Bouchard,Canada,Ottawa,97.95,14,2023-12-04 00:00:00,2025-06-15 00:00:00,Gold,Alternative & Punk
2381,Rodrigo Carvalho,Brazil,Salvador,40.769999999999996,8,2023-02-26 00:00:00,2024-02-27 00:00:00,Silver,Rock
2382,Lukáš Beneš,Czech Republic,Brno,163.00999999999996,23,2023-01-11 00:00:00,2024-09-22 00:00:00,Platinum,Alternative & Punk
2383,Romain Lefebvre,France,Lyon,34.24,3,2024-10-07 00:00:00,2025-02-06 00:00:00,Bronze,Drama
2384,William Miller,USA,Jacksonville,5.45,1,2022-05-07 00:00:00,2022-05-07 00:00:00,Bronze,Rock
2385,Alexandre Dubois,France,Reims,97.17999999999998,14,2024-01-02 00:00:00,2025-05-22 00:00:00,Gold,Alternative & Punk
2386,Melissa Adams,USA,Portland,60.6,8,2025-03-15 00:00:00,2025-12-14 00:00:00,Silver,World
2387,Finn Schulz,Germany,Munich,26.730000000000004,5,2019-05-20 00:00:00,2019-12-14 00:00:00,Bronze,Metal
2388,Amelia Johnson,Australia,Melbourne,92.25999999999999,13,2023-02-19 00:00:00,2024-03-13 00:00:00,Gold,Rock
2389,Melissa Hill,USA,Baltimore,65.98,8,2023-11-02 00:00:00,2024-07-02 00:00:00,Gold,Rock
2390,Barbara Nelson,USA,Baltimore,105.06,16,2023-05-16 00:00:00,2024-05-03 00:00:00,Platinum,Metal
2391,Patricia Williams,USA,San Antonio,5.45,1,2022-02-16 00:00:00,2022-02-16 00:00:00,Bronze,Jazz
2392,Susan Thompson,USA,Seattle,82.82,10,2024-09-07 00:00:00,2025-04-27 00:00:00,Gold,Rock
2393,Dieter Schwarz,Germany,Leipzig,65.26,8,2022-12-12 00:00:00,2023-07-13 00:00:00,Silver,Reggae
2394,Paul Becker,Germany,Stuttgart,95.42,13,2024-04-15 00:00:00,2025-06-25 00:00:00,Gold,Rock
2395,Sharon Wilson,USA,Fort Worth,11.879999999999999,2,2020-05-09 00:00:00,2020-06-08 00:00:00,Bronze,Rock
2396,Laura Harris,USA,San Jose,73.31,12,2019-07-08 00:00:00,2020-06-12 00:00:00,Gold,Rock
2397,Alice Martin,France,Saint-Étienne,97.04000000000002,17,2019-08-25 00:00:00,2021-04-03 00:00:00,Gold,Rock
2398,Clara Kristensen,Denmark,Aalborg,22.349999999999998,3,2025-07-26 00:00:00,2025-11-17 00:00:00,Bronze,Jazz
2399,Lisa Moser,Austria,Villach,36.86,8,2021-12-01 00:00:00,2022-08-10 00:00:00,Bronze,Rock
2400,Jessica Anderson,USA,New York,95.46,15,2023-02-22 00:00:00,2024-08-02 00:00:00,Gold,Latin
2401,Laura Auer,Austria,Salzburg,11.61,2,2024-01-19 00:00:00,2024-04-05 00:00:00,Bronze,Metal
2402,Sofia Martin,Canada,Toronto,75.25000000000001,12,2020-09-23 00:00:00,2021-07-12 00:00:00,Gold,Alternative & Punk
2403,Arthur Oliveira,Brazil,São Luís,99.63,12,2024-12-26 00:00:00,2025-12-25 00:00:00,Gold,Latin
2404,Sofia Rodríguez,Argentina,Tucumán,116.09,14,2024-09-24 00:00:00,2025-12-25 00:00:00,Platinum,Latin
2405,Bruno Ferreira,Portugal,Almada,132.91,16,2023-06-25 00:00:00,2025-05-28 00:00:00,Platinum,Electronica/Dance
2406,Natalia Dąbrowski,Poland,Bydgoszcz,12.870000000000001,3,2021-10-19 00:00:00,2021-12-06 00:00:00,Bronze,Latin
2407,Ella Robinson,United Kingdom,Sunderland,186.73999999999998,25,2023-05-28 00:00:00,2025-12-20 00:00:00,Platinum,Rock
2408,Felix Schäfer,Germany,Cologne,12.3,3,2023-11-19 00:00:00,2024-01-28 00:00:00,Bronze,Rock
2409,Tomáš Krejčí,Czech Republic,Liberec,36.89,5,2023-06-08 00:00:00,2023-11-16 00:00:00,Bronze,Rock
2410,Andre Sousa,Brazil,Salvador,10.43,1,2025-12-06 00:00:00,2025-12-06 00:00:00,Bronze,Alternative & Punk
2411,André Oliveira,Portugal,Setúbal,69.88,11,2024-02-04 00:00:00,2025-05-24 00:00:00,Gold,Rock
2412,Ricardo Ribeiro,Portugal,Viseu,31.880000000000003,8,2021-08-05 00:00:00,2022-01-22 00:00:00,Bronze,Rock
2413,Michael Schröder,Germany,Hanover,116.18,19,2023-07-13 00:00:00,2024-12-28 00:00:00,Platinum,Rock
2414,Viktor Lindqvist,Sweden,Stockholm,65.34,13,2020-11-13 00:00:00,2021-12-16 00:00:00,Silver,Rock
2415,Sebastian Wilson,Canada,Saskatoon,140.27000000000004,23,2021-08-20 00:00:00,2023-12-10 00:00:00,Platinum,Alternative & Punk
2416,John Moore,USA,Las Vegas,100.74000000000001,14,2023-11-25 00:00:00,2025-02-15 00:00:00,Gold,Alternative & Punk
2417,Isabela Barbosa,Brazil,São Luís,80.54,14,2022-10-28 00:00:00,2024-03-26 00:00:00,Gold,Rock
2418,Sara Hernández,Spain,Seville,135.28,22,2022-01-25 00:00:00,2024-09-08 00:00:00,Platinum,Rock
2419,Riccardo Lombardi,Italy,Florence,8.45,1,2025-12-23 00:00:00,2025-12-23 00:00:00,Bronze,Rock
2420,Sofia Costa,Portugal,Lisbon,25.130000000000003,4,2024-12-24 00:00:00,2025-03-28 00:00:00,Bronze,Rock
2421,Mia Lee,Canada,Gatineau,11.92,1,2025-12-05 00:00:00,2025-12-05 00:00:00,Bronze,Rock
2422,Martin Nový,Czech Republic,Ústí nad Labem,68.39,10,2024-05-20 00:00:00,2025-03-26 00:00:00,Gold,Alternative & Punk
2423,Laura Wilson,USA,Dallas,69.30000000000001,14,2019-09-17 00:00:00,2021-01-19 00:00:00,Gold,Metal
2424,Joshua Thompson,United Kingdom,Edinburgh,23.22,2,2024-10-18 00:00:00,2024-11-16 00:00:00,Bronze,Jazz
2425,Nathan Bernard,France,Lyon,,0,,,Bronze,
2426,Rebecca Wright,USA,Columbus,67.9,8,2024-06-10 00:00:00,2025-05-15 00:00:00,Gold,Rock
2427,Ethan Morel,France,Lyon,15.48,2,2024-08-24 00:00:00,2024-10-08 00:00:00,Bronze,Rock
2428,Miguel Carvalho,Brazil,Rio de Janeiro,154.48000000000002,11,2023-10-02 00:00:00,2024-08-27 00:00:00,Platinum,Drama
2429,Sebastian Roy,Canada,Saskatoon,57.43,11,2019-11-12 00:00:00,2021-01-23 00:00:00,Silver,Rock
2430,Oliver MacDonald,Canada,Mississauga,103.43,15,2022-07-20 00:00:00,2024-04-06 00:00:00,Platinum,Rock
2431,Barbara Allen,USA,San Diego,172.13999999999996,23,2023-10-09 00:00:00,2025-12-20 00:00:00,Platinum,Metal
2432,Martina González,Argentina,San Juan,143.83,22,2022-07-28 00:00:00,2024-05-07 00:00:00,Platinum,Alternative & Punk
2433,Hannah Müller,Germany,Duisburg,61.739999999999995,5,2025-05-11 00:00:00,2025-12-27 00:00:00,Silver,TV Shows
2434,Emma Schröder,Germany,Duisburg,96.85,11,2025-03-08 00:00:00,2025-12-14 00:00:00,Gold,Alternative & Punk
2435,Oisín Byrne,Ireland,Navan,67.81,9,2024-06-04 00:00:00,2025-07-14 00:00:00,Gold,Rock
2436,Leon Neumann,Germany,Berlin,67.94,9,2022-12-25 00:00:00,2023-12-28 00:00:00,Gold,Rock
2437,Sofia Álvarez,Argentina,Mar del Plata,8.72,3,2022-01-07 00:00:00,2022-02-28 00:00:00,Bronze,Latin
2438,James Williams,USA,Baltimore,97.36,9,2024-11-07 00:00:00,2025-12-28 00:00:00,Gold,Rock
2439,Shaurya Shah,India,Delhi,162.47999999999996,25,2022-06-08 00:00:00,2024-12-23 00:00:00,Platinum,Jazz
2440,Leonardo Martins,Brazil,São Paulo,13.86,3,2020-11-28 00:00:00,2021-02-02 00:00:00,Bronze,Rock
2441,Martina Russo,Italy,Verona,50.349999999999994,6,2024-12-28 00:00:00,2025-06-11 00:00:00,Silver,Jazz
2442,Gabriel Dubois,France,Montpellier,53.33,7,2024-11-10 00:00:00,2025-05-11 00:00:00,Silver,Rock
2443,Laura Bauer,Germany,Bremen,33.39,6,2021-11-04 00:00:00,2022-07-24 00:00:00,Bronze,Soundtrack
2444,Kevin Thomas,USA,Austin,111.88,19,2022-04-02 00:00:00,2024-11-14 00:00:00,Platinum,Latin
2445,Daniel Thompson,USA,Philadelphia,29.799999999999997,3,2025-11-06 00:00:00,2025-12-25 00:00:00,Bronze,Pop
2446,Tim Schröder,Germany,Nuremberg,,0,,,Bronze,
2447,Richard Jones,USA,Charlotte,57.76,5,2025-09-01 00:00:00,2025-12-20 00:00:00,Silver,Drama
2448,Matthew Jones,USA,Columbus,17.46,3,2022-12-22 00:00:00,2023-05-01 00:00:00,Bronze,Rock
2449,Lucas Meijer,Netherlands,Almere,99.31,9,2022-07-10 00:00:00,2023-05-02 00:00:00,Gold,TV Shows
2450,Ella Thompson,United Kingdom,Brighton,139.03,18,2024-03-10 00:00:00,2025-10-23 00:00:00,Platinum,R&B/Soul
2451,Vihaan Pandey,India,Bangalore,66.33,13,2020-12-06 00:00:00,2021-12-28 00:00:00,Gold,Latin
2452,James Wright,United Kingdom,Leicester,63.06999999999999,9,2023-02-07 00:00:00,2023-12-06 00:00:00,Silver,Rock
2453,Sem De Jong,Netherlands,Nijmegen,75.17,11,2022-12-13 00:00:00,2023-12-10 00:00:00,Gold,Metal
2454,William Taylor,Canada,Brampton,37.07,5,2022-05-28 00:00:00,2022-11-02 00:00:00,Bronze,Metal
2455,James Davies,United Kingdom,Cardiff,41.559999999999995,8,2023-05-10 00:00:00,2024-02-14 00:00:00,Silver,Rock
2456,Laura Nelson,USA,Charlotte,109.92,21,2021-10-27 00:00:00,2023-07-11 00:00:00,Platinum,Latin
2457,Sofia Cote,Canada,Halifax,125.67999999999999,18,2022-12-10 00:00:00,2024-09-13 00:00:00,Platinum,Latin
2458,John Thomas,USA,Charlotte,33.019999999999996,5,2021-12-25 00:00:00,2022-06-02 00:00:00,Bronze,Rock
2459,Nicolás Sosa,Argentina,San Juan,72.56,9,2024-09-23 00:00:00,2025-03-10 00:00:00,Gold,Rock
2460,Alessandro Esposito,Italy,Venice,61.120000000000005,7,2023-12-12 00:00:00,2024-06-10 00:00:00,Silver,Rock
2461,Lotte Visser,Netherlands,Groningen,6.45,2,2024-06-25 00:00:00,2024-10-08 00:00:00,Bronze,Metal
2462,Kathleen Smith,USA,Nashville,65.65,9,2024-10-26 00:00:00,2025-10-28 00:00:00,Gold,Rock
2463,Daniel Walker,United Kingdom,Liverpool,85.61999999999999,12,2024-12-06 00:00:00,2025-12-19 00:00:00,Gold,Jazz
2464,Wolfgang Meyer,Germany,Leipzig,150.42000000000002,22,2023-03-09 00:00:00,2024-11-08 00:00:00,Platinum,Rock
2465,Martina González,Argentina,Buenos Aires,80.98,12,2023-12-20 00:00:00,2025-04-03 00:00:00,Gold,Classical
2466,Leo Vincent,France,Lyon,18.88,3,2025-03-24 00:00:00,2025-05-08 00:00:00,Bronze,Pop
2467,Lucas Morel,France,Nantes,14.16,2,2021-12-24 00:00:00,2022-01-27 00:00:00,Bronze,Alternative & Punk
2468,Pierre Moreau,France,Rennes,,0,,,Bronze,
2469,Andrew Williams,USA,Memphis,102.50000000000001,15,2021-11-24 00:00:00,2023-04-08 00:00:00,Gold,Latin
2470,Kevin Young,USA,Austin,105.72,19,2021-06-28 00:00:00,2023-05-13 00:00:00,Platinum,Rock
2471,Lina Fischer,Germany,Bochum,107.67999999999999,17,2021-02-17 00:00:00,2022-10-05 00:00:00,Platinum,Rock
2472,Stefan Schröder,Germany,Hanover,103.97,18,2019-11-15 00:00:00,2021-06-12 00:00:00,Platinum,Rock
2473,James Anderson,Canada,Markham,113.16000000000001,14,2024-01-28 00:00:00,2025-11-06 00:00:00,Platinum,Metal
2474,Sofia López,Argentina,La Plata,133.96000000000004,24,2021-06-10 00:00:00,2023-04-10 00:00:00,Platinum,Rock
2475,Beatrice Costa,Italy,Naples,61.31,8,2023-08-28 00:00:00,2024-06-09 00:00:00,Silver,Blues
2476,Amy Brown,USA,Memphis,76.25000000000001,12,2019-05-28 00:00:00,2020-06-15 00:00:00,Gold,Rock
2477,Jennifer Smith,USA,Austin,18.060000000000002,3,2024-08-17 00:00:00,2024-10-05 00:00:00,Bronze,Jazz
2478,Davi Costa,Brazil,Recife,77.55,8,2020-08-11 00:00:00,2021-05-26 00:00:00,Gold,Drama
2479,Robert Johnson,USA,Los Angeles,229.62999999999997,22,2023-07-28 00:00:00,2025-05-12 00:00:00,Platinum,Drama
2480,Liam Taylor,Canada,Ottawa,102.11,18,2022-05-17 00:00:00,2023-12-16 00:00:00,Gold,Easy Listening
2481,Olivia Jackson,United Kingdom,Liverpool,3.87,1,2024-03-08 00:00:00,2024-03-08 00:00:00,Bronze,Heavy Metal
2482,Gustavo Almeida,Brazil,Fortaleza,103.79999999999998,15,2024-11-02 00:00:00,2025-12-13 00:00:00,Platinum,Jazz
2483,Karen Nguyen,USA,Indianapolis,,0,,,Bronze,
2484,Hannah Mayr,Austria,Vienna,62.78,9,2024-12-24 00:00:00,2025-12-17 00:00:00,Silver,Heavy Metal
2485,Paul Smith,USA,Jacksonville,52.64,8,2024-10-22 00:00:00,2025-08-26 00:00:00,Silver,Rock
2486,Mateusz Kamiński,Poland,Szczecin,51.57,9,2022-07-23 00:00:00,2023-06-02 00:00:00,Silver,Latin
2487,Jackson Wilson,Canada,Winnipeg,76.31,13,2021-06-19 00:00:00,2022-08-19 00:00:00,Gold,Hip Hop/Rap
2488,Paul Miller,USA,Phoenix,74.78999999999999,9,2023-03-11 00:00:00,2023-12-13 00:00:00,Gold,Rock
2489,Valentina Silva,Chile,Antofagasta,10.43,3,2025-05-09 00:00:00,2025-06-18 00:00:00,Bronze,Rock
2490,Ella Watson,United Kingdom,Brighton,41.8,8,2021-08-03 00:00:00,2022-04-05 00:00:00,Silver,Rock
2491,Vikram Nair,India,Patna,60.17,6,2023-04-28 00:00:00,2023-11-19 00:00:00,Silver,TV Shows
2492,Adrián González,Spain,Murcia,48.13,6,2023-12-22 00:00:00,2024-05-20 00:00:00,Silver,Metal
2493,Leonardo Pereira,Brazil,Salvador,98.28999999999999,16,2023-09-13 00:00:00,2025-12-06 00:00:00,Gold,Alternative & Punk
2494,Daniel Scott,USA,Jacksonville,140.19999999999996,21,2023-02-09 00:00:00,2025-04-23 00:00:00,Platinum,Rock
2495,Jack Leblanc,Canada,Toronto,64.97,9,2023-06-23 00:00:00,2024-03-27 00:00:00,Silver,Rock
2496,Donald Davis,USA,Louisville,114.00999999999999,13,2024-08-08 00:00:00,2025-12-12 00:00:00,Platinum,Latin
2497,Diego Muñoz,Chile,Concepción,110.19999999999999,11,2021-04-07 00:00:00,2022-05-16 00:00:00,Platinum,TV Shows
2498,Susan Torres,USA,Portland,120.22000000000003,20,2021-09-04 00:00:00,2023-03-10 00:00:00,Platinum,Alternative & Punk
2499,Ricardo Jesus,Portugal,Braga,146.51999999999998,17,2023-10-07 00:00:00,2025-07-11 00:00:00,Platinum,Classical
2500,Joshua White,United Kingdom,Liverpool,39.6,9,2019-07-06 00:00:00,2020-02-20 00:00:00,Bronze,Rock
2501,Michael Jackson,USA,San Diego,52.69,5,2020-06-03 00:00:00,2021-03-12 00:00:00,Silver,TV Shows
2502,Camille Robert,France,Lille,4.95,1,2021-05-18 00:00:00,2021-05-18 00:00:00,Bronze,Metal
2503,Lauri Laine,Finland,Kuopio,140.96,14,2024-12-07 00:00:00,2025-11-23 00:00:00,Platinum,Rock
2504,Liam O'Connor,Ireland,Waterford,56.44999999999999,9,2023-05-04 00:00:00,2024-02-18 00:00:00,Silver,Latin
2505,Paul Nelson,USA,Philadelphia,6.45,1,2024-05-28 00:00:00,2024-05-28 00:00:00,Bronze,Metal
2506,Lucas Navarro,Spain,Madrid,138.34,25,2020-02-05 00:00:00,2023-02-13 00:00:00,Platinum,Rock
2507,Patricia Torres,USA,Louisville,61.47,7,2024-11-03 00:00:00,2025-12-28 00:00:00,Silver,Rock
2508,Emily Leblanc,Canada,Mississauga,61.38000000000002,15,2019-05-07 00:00:00,2020-12-02 00:00:00,Silver,Rock
2509,Leonardo Lima,Brazil,São Luís,44.4,6,2022-09-17 00:00:00,2023-01-28 00:00:00,Silver,Electronica/Dance
2510,Sharon Flores,USA,Dallas,33.12,3,2024-07-22 00:00:00,2024-09-21 00:00:00,Bronze,Comedy
2511,Ethan Dubois,France,Nice,11.61,1,2024-03-03 00:00:00,2024-03-03 00:00:00,Bronze,Rock
2512,Lukas Müller,Germany,Dresden,58.8,8,2022-09-01 00:00:00,2023-07-13 00:00:00,Silver,Rock
2513,Sofia Sousa,Portugal,Setúbal,162.09999999999997,18,2019-02-27 00:00:00,2020-11-26 00:00:00,Platinum,Drama
2514,Beatriz Gomes,Brazil,Brasília,50.66,6,2025-03-17 00:00:00,2025-11-28 00:00:00,Silver,Latin
2515,Vikram Nair,India,Vadodara,2.98,1,2025-03-05 00:00:00,2025-03-05 00:00:00,Bronze,Blues
2516,Ondřej Novotný,Czech Republic,Prague,102.36999999999998,17,2022-12-17 00:00:00,2024-04-08 00:00:00,Gold,Rock
2517,Emma Schneider,Germany,Bremen,94.37,18,2020-08-27 00:00:00,2022-02-19 00:00:00,Gold,Metal
2518,Matthew Brown,USA,Houston,16.89,2,2020-09-05 00:00:00,2020-10-05 00:00:00,Bronze,TV Shows
2519,Thomas Thompson,United Kingdom,Bradford,45.93,7,2023-06-28 00:00:00,2024-01-27 00:00:00,Silver,Latin
2520,Liam Fortin,Canada,Gatineau,81.95000000000002,10,2024-12-25 00:00:00,2025-09-24 00:00:00,Gold,Latin
2521,Matias Virtanen,Finland,Helsinki,103.91,11,2024-12-22 00:00:00,2025-12-19 00:00:00,Platinum,Easy Listening
2522,Cynthia Green,USA,Dallas,166.73999999999995,24,2023-10-11 00:00:00,2025-11-27 00:00:00,Platinum,Rock
2523,Camila Martínez,Chile,Arica,73.00999999999999,6,2025-06-06 00:00:00,2025-12-13 00:00:00,Gold,Rock
2524,Inès Bertrand,France,Dijon,169.73,25,2023-05-16 00:00:00,2025-10-28 00:00:00,Platinum,Rock
2525,Dawid Lewandowski,Poland,Kraków,120.31999999999998,14,2020-02-23 00:00:00,2021-06-08 00:00:00,Platinum,Drama
2526,Olivia Taylor,United Kingdom,Sheffield,29.3,3,2024-12-07 00:00:00,2025-02-11 00:00:00,Bronze,Rock
2527,Catarina Gomes,Portugal,Almada,100.69,18,2019-09-06 00:00:00,2022-01-02 00:00:00,Gold,Alternative & Punk
2528,Alexandre Laurent,France,Reims,174.93,24,2022-12-12 00:00:00,2025-06-11 00:00:00,Platinum,Alternative & Punk
2529,Olivia Mulder,Netherlands,Tilburg,211.54000000000002,34,2019-05-06 00:00:00,2022-10-24 00:00:00,Platinum,Latin
2530,Raphael Fournier,France,Toulouse,59.09,8,2022-06-04 00:00:00,2022-11-25 00:00:00,Silver,Drama
2531,Nóra Juhász,Hungary,Székesfehérvár,38.7,5,2024-08-04 00:00:00,2024-12-07 00:00:00,Bronze,Blues
2532,Linnea Pettersson,Sweden,Stockholm,134.91,20,2022-07-28 00:00:00,2024-09-03 00:00:00,Platinum,Jazz
2533,Sofía Rojas,Chile,Temuco,86.16,16,2020-02-23 00:00:00,2021-09-28 00:00:00,Gold,Rock
2534,Amanda Moore,USA,Chicago,53.040000000000006,8,2024-10-27 00:00:00,2025-11-03 00:00:00,Silver,Alternative & Punk
2535,Inès Roux,France,Angers,142.29000000000002,26,2021-12-05 00:00:00,2024-10-23 00:00:00,Platinum,Electronica/Dance
2536,Diya Kumar,India,Ahmedabad,29.7,5,2020-10-04 00:00:00,2021-02-09 00:00:00,Bronze,Alternative & Punk
2537,Camila Rodríguez,Chile,Temuco,,0,,,Bronze,
2538,Beatriz Jesus,Portugal,Coimbra,48.81,9,2020-12-27 00:00:00,2022-01-18 00:00:00,Silver,Rock
2539,Ishaan Pandey,India,Surat,124.06,19,2022-08-04 00:00:00,2024-05-08 00:00:00,Platinum,Latin
2540,Elias Schulz,Germany,Stuttgart,21.779999999999998,5,2020-05-03 00:00:00,2020-09-13 00:00:00,Bronze,Alternative & Punk
2541,Mary Brown,USA,Columbus,33.78,4,2025-10-03 00:00:00,2025-12-16 00:00:00,Bronze,Rock
2542,Karen Jones,USA,Baltimore,84.72,12,2023-06-17 00:00:00,2024-07-28 00:00:00,Gold,Rock
2543,Roisín McCarthy,Ireland,Galway,15.84,3,2020-08-07 00:00:00,2020-11-03 00:00:00,Bronze,Classical
2544,David Novotný,Czech Republic,Olomouc,116.22000000000003,16,2023-11-14 00:00:00,2025-03-28 00:00:00,Platinum,Rock
2545,Stefan Becker,Germany,Leipzig,42.440000000000005,8,2022-05-20 00:00:00,2023-05-15 00:00:00,Silver,Rock
2546,Jonas Hoffmann,Germany,Bochum,69.14,12,2023-01-25 00:00:00,2024-05-13 00:00:00,Gold,Latin
2547,Lena Klein,Germany,Bremen,43.21,5,2025-08-08 00:00:00,2025-12-22 00:00:00,Silver,Alternative & Punk
2548,Ignacio Contreras,Chile,Rancagua,84.75999999999999,12,2024-05-09 00:00:00,2025-02-15 00:00:00,Gold,Latin
2549,Stefan Meyer,Germany,Dortmund,210.77,31,2022-10-26 00:00:00,2025-10-08 00:00:00,Platinum,Rock
2550,Donald Smith,USA,Chicago,33.019999999999996,5,2022-12-28 00:00:00,2023-06-14 00:00:00,Bronze,Rock
2551,Evelyn Bouchard,Canada,Edmonton,30.53,6,2022-06-25 00:00:00,2023-03-28 00:00:00,Bronze,Alternative & Punk
2552,Paula Díaz,Argentina,Mar del Plata,19.35,4,2024-06-27 00:00:00,2024-11-06 00:00:00,Bronze,Alternative & Punk
2553,Sophie White,Australia,Wollongong,51.980000000000004,10,2021-02-20 00:00:00,2022-01-13 00:00:00,Silver,R&B/Soul
2554,Zofia Krawczyk,Poland,Wrocław,103.69,15,2022-03-28 00:00:00,2023-05-02 00:00:00,Platinum,Metal
2555,Isabella Araya,Chile,La Serena,96.53,18,2022-05-20 00:00:00,2024-06-10 00:00:00,Gold,Rock
2556,Mateo López,Spain,Bilbao,91.83999999999999,13,2023-12-14 00:00:00,2025-12-25 00:00:00,Gold,Rock
2557,Adam Moreau,France,Nantes,106.68000000000002,18,2020-10-12 00:00:00,2022-12-13 00:00:00,Platinum,Rock
2558,Louise Bertrand,France,Lyon,74.48,11,2022-04-10 00:00:00,2023-05-23 00:00:00,Gold,Rock
2559,Rita Ribeiro,Portugal,Agualva-Cacém,48.33,8,2021-05-24 00:00:00,2022-08-28 00:00:00,Silver,Alternative & Punk
2560,Leo David,France,Toulouse,39.6,6,2020-07-28 00:00:00,2021-03-26 00:00:00,Bronze,Rock
2561,Santiago Mendoza,Mexico,Puebla,47.68,5,2025-07-09 00:00:00,2025-11-22 00:00:00,Silver,Metal
2562,Benjamin Flores,Chile,Valparaíso,46.06,6,2024-01-08 00:00:00,2024-06-17 00:00:00,Silver,Reggae
2563,Donald Adams,USA,San Jose,85.66999999999999,15,2022-01-21 00:00:00,2023-10-25 00:00:00,Gold,Latin
2564,Lorenzo Russo,Italy,Milan,38.67,6,2022-11-26 00:00:00,2023-09-11 00:00:00,Bronze,Latin
2565,Richard Scott,USA,Indianapolis,85.41999999999999,8,2022-07-24 00:00:00,2023-05-16 00:00:00,Gold,Science Fiction
2566,Julia Barbosa,Brazil,Recife,152.89,23,2022-07-07 00:00:00,2025-10-28 00:00:00,Platinum,Metal
2567,Donald Nelson,USA,San Antonio,140.65,24,2020-12-10 00:00:00,2023-03-17 00:00:00,Platinum,Heavy Metal
2568,Patricia Wilson,USA,Charlotte,147.35999999999999,20,2023-05-14 00:00:00,2025-12-08 00:00:00,Platinum,Rock
2569,John Miller,USA,Seattle,76.26999999999998,11,2022-09-12 00:00:00,2023-08-28 00:00:00,Gold,Rock
2570,Stefan Schmidt,Germany,Hanover,44.28,8,2021-08-18 00:00:00,2022-06-10 00:00:00,Silver,Rock
2571,Lautaro García,Argentina,Mendoza,107.83,16,2022-12-26 00:00:00,2024-04-14 00:00:00,Platinum,Alternative & Punk
2572,Stefan Wolf,Germany,Cologne,33.83,6,2023-05-06 00:00:00,2024-01-05 00:00:00,Bronze,Rock
2573,Tamás Simon,Hungary,Pécs,45.07000000000001,8,2021-09-18 00:00:00,2022-08-03 00:00:00,Silver,Rock
2574,Ethan MacDonald,Canada,Brampton,45.79,7,2022-04-22 00:00:00,2022-12-03 00:00:00,Silver,Rock
2575,James Wright,Australia,Sunshine Coast,72.96000000000001,10,2022-03-13 00:00:00,2023-01-15 00:00:00,Gold,Metal
2576,Sarah Johnson,USA,Austin,57.55,9,2023-11-20 00:00:00,2024-11-09 00:00:00,Silver,Latin
2577,Antoine Martin,France,Reims,13.09,2,2023-03-12 00:00:00,2023-03-28 00:00:00,Bronze,Rock
2578,Avery Fortin,Canada,Surrey,69.03,8,2024-10-16 00:00:00,2025-07-20 00:00:00,Gold,Blues
2579,Gustavo Santos,Brazil,Curitiba,77.48,10,2025-01-23 00:00:00,2025-12-01 00:00:00,Gold,Latin
2580,Sofia Lee,Canada,Calgary,113.91000000000003,15,2024-05-10 00:00:00,2025-12-20 00:00:00,Platinum,R&B/Soul
2581,Anthony White,USA,Chicago,82.0,16,2020-09-11 00:00:00,2022-02-20 00:00:00,Gold,Latin
2582,Karen Thompson,USA,San Diego,65.36,10,2020-10-10 00:00:00,2021-08-06 00:00:00,Silver,Rock
2583,Lea Schneider,Germany,Hamburg,133.72,20,2023-08-11 00:00:00,2025-07-23 00:00:00,Platinum,Rock
2584,Nuno Costa,Portugal,Braga,33.66,6,2020-10-05 00:00:00,2021-05-20 00:00:00,Bronze,Rock
2585,Ana Rodrigues,Portugal,Agualva-Cacém,27.65,5,2022-08-14 00:00:00,2023-01-23 00:00:00,Bronze,Metal
2586,Stephanie Martin,USA,Philadelphia,96.64,15,2023-04-03 00:00:00,2025-01-10 00:00:00,Gold,Rock
2587,Mia Leblanc,Canada,Mississauga,41.8,5,2024-11-12 00:00:00,2025-03-13 00:00:00,Silver,Blues
2588,Linnea Karlsson,Sweden,Helsingborg,229.99999999999994,28,2023-03-28 00:00:00,2025-12-18 00:00:00,Platinum,Rock
2589,Eduardo Martins,Brazil,Brasília,56.91,8,2022-07-15 00:00:00,2023-06-01 00:00:00,Silver,Alternative & Punk
2590,Jakub Fiala,Czech Republic,Olomouc,158.35,20,2022-12-21 00:00:00,2024-12-28 00:00:00,Platinum,Jazz
2591,Riya Pandey,India,Chennai,25.08,4,2022-06-18 00:00:00,2022-08-24 00:00:00,Bronze,Rock
2592,Jana Krejčí,Czech Republic,Plzeň,182.46,23,2023-08-28 00:00:00,2025-12-28 00:00:00,Platinum,Rock
2593,Ashley Flores,USA,New York,70.85999999999999,12,2024-04-02 00:00:00,2025-05-10 00:00:00,Gold,Rock
2594,Heitor Carvalho,Brazil,Manaus,53.459999999999994,8,2023-03-22 00:00:00,2023-11-23 00:00:00,Silver,Rock
2595,Lena Weber,Germany,Leipzig,57.17,10,2021-06-28 00:00:00,2022-04-22 00:00:00,Silver,Latin
2596,Helena Fernandes,Brazil,Belém,51.17,7,2023-02-10 00:00:00,2023-10-12 00:00:00,Silver,Latin
2597,Amanda Thompson,USA,Dallas,55.980000000000004,10,2021-06-21 00:00:00,2022-08-28 00:00:00,Silver,Reggae
2598,Leo Simon,France,Lille,23.98,5,2022-06-08 00:00:00,2022-11-28 00:00:00,Bronze,Alternative & Punk
2599,Tamás Papp,Hungary,Miskolc,37.61999999999999,8,2020-05-13 00:00:00,2020-11-27 00:00:00,Bronze,Rock
2600,Felipe Almeida,Brazil,Porto Alegre,55.6,8,2022-05-07 00:00:00,2022-10-15 00:00:00,Silver,Rock
2601,Susan Brown,USA,Phoenix,59.05999999999999,9,2024-05-26 00:00:00,2025-02-18 00:00:00,Silver,Rock
2602,Tom Thomas,Belgium,Antwerp,52.910000000000004,6,2024-07-17 00:00:00,2025-01-28 00:00:00,Silver,Latin
2603,Thomas Johnson,USA,Dallas,70.31,10,2020-09-26 00:00:00,2021-07-13 00:00:00,Gold,Rock
2604,Matheus Almeida,Brazil,Brasília,153.50999999999996,19,2024-02-28 00:00:00,2025-12-01 00:00:00,Platinum,Rock
2605,Alice Vieira,Brazil,Manaus,70.03,7,2025-02-24 00:00:00,2025-12-07 00:00:00,Gold,Latin
2606,Sharon Jackson,USA,Indianapolis,42.79,5,2024-11-02 00:00:00,2025-02-20 00:00:00,Silver,Alternative & Punk
2607,Charlie Jackson,United Kingdom,Belfast,23.84,3,2025-08-20 00:00:00,2025-11-24 00:00:00,Bronze,Rock
2608,Hugo Robert,France,Angers,11.88,2,2020-08-09 00:00:00,2020-10-05 00:00:00,Bronze,World
2609,Mariana Marques,Portugal,Braga,19.37,2,2025-10-27 00:00:00,2025-12-22 00:00:00,Bronze,Rock
2610,Emma Bernard,France,Bordeaux,318.69000000000005,26,2022-06-19 00:00:00,2025-03-10 00:00:00,Platinum,TV Shows
2611,Richard Jackson,USA,Baltimore,57.42999999999999,10,2020-06-19 00:00:00,2021-05-26 00:00:00,Silver,Rock
2612,Samuel Jones,United Kingdom,Bristol,134.52,21,2023-02-09 00:00:00,2024-09-10 00:00:00,Platinum,Jazz
2613,James Anderson,Canada,London,29.710000000000004,5,2021-01-25 00:00:00,2021-05-28 00:00:00,Bronze,Rock
2614,Ayaan Gupta,India,Nagpur,62.38000000000001,10,2020-09-28 00:00:00,2021-12-10 00:00:00,Silver,Rock
2615,William Roy,Canada,Edmonton,45.53999999999999,9,2021-01-02 00:00:00,2021-08-04 00:00:00,Silver,Rock
2616,Ebba Persson,Sweden,Linköping,108.58999999999997,16,2023-05-19 00:00:00,2025-04-01 00:00:00,Platinum,Alternative & Punk
2617,Anna Bakker,Netherlands,Tilburg,75.23999999999998,12,2019-03-06 00:00:00,2020-05-13 00:00:00,Gold,Rock
2618,Jakub Beneš,Czech Republic,České Budějovice,178.87000000000006,28,2020-09-15 00:00:00,2023-09-16 00:00:00,Platinum,Metal
2619,James Brown,United Kingdom,Belfast,62.05,8,2024-10-17 00:00:00,2025-08-16 00:00:00,Silver,Rock
2620,Stephanie Williams,USA,Portland,74.73,12,2024-01-28 00:00:00,2025-02-07 00:00:00,Gold,Metal
2621,Evelyn MacDonald,Canada,Vancouver,68.05000000000001,7,2025-02-24 00:00:00,2025-09-08 00:00:00,Gold,Rock
2622,Emily Thomas,USA,San Diego,81.99000000000001,12,2022-03-05 00:00:00,2023-07-16 00:00:00,Gold,Rock
2623,Sota Yamaguchi,Japan,Tokyo,20.86,2,2025-08-21 00:00:00,2025-09-15 00:00:00,Bronze,Rock
2624,Sofia Gomes,Portugal,Setúbal,41.28,6,2024-03-21 00:00:00,2024-10-26 00:00:00,Silver,Rock
2625,Anna Papp,Hungary,Budapest,,0,,,Bronze,
2626,Siiri Mäkinen,Finland,Pori,56.78,7,2024-07-28 00:00:00,2025-03-16 00:00:00,Silver,Soundtrack
2627,Hugo Rodrigues,Portugal,Setúbal,25.610000000000003,4,2024-07-02 00:00:00,2024-11-01 00:00:00,Bronze,Blues
2628,Felix Brandstätter,Austria,Wels,21.78,3,2019-05-22 00:00:00,2019-07-20 00:00:00,Bronze,Rock
2629,Saanvi Sharma,India,Visakhapatnam,37.62,8,2020-05-26 00:00:00,2021-02-02 00:00:00,Bronze,Rock
2630,Ricardo Sánchez,Mexico,Guadalajara,41.23,4,2025-05-11 00:00:00,2025-12-05 00:00:00,Silver,Metal
2631,Olivia Lavoie,Canada,London,15.469999999999999,2,2023-01-18 00:00:00,2023-02-02 00:00:00,Bronze,Alternative & Punk
2632,Andrea Gutiérrez,Mexico,Guadalajara,107.44999999999999,10,2022-03-17 00:00:00,2023-03-19 00:00:00,Platinum,Drama
2633,Martina Moreno,Spain,Zaragoza,172.14,23,2024-01-07 00:00:00,2025-11-28 00:00:00,Platinum,Reggae
2634,Amanda Scott,USA,Dallas,21.78,4,2021-03-07 00:00:00,2021-05-12 00:00:00,Bronze,Rock
2635,Kathleen White,USA,Charlotte,97.55,12,2023-11-17 00:00:00,2024-12-07 00:00:00,Gold,R&B/Soul
2636,Jackson Fortin,Canada,Halifax,67.33999999999999,10,2021-04-22 00:00:00,2022-04-19 00:00:00,Gold,Rock
2637,Markus Schulz,Germany,Hamburg,96.95,10,2023-11-18 00:00:00,2025-03-13 00:00:00,Gold,TV Shows
2638,Isla Evans,United Kingdom,Belfast,139.65,19,2023-09-01 00:00:00,2025-05-28 00:00:00,Platinum,Rock
2639,Daniel Moore,USA,Louisville,82.03999999999999,10,2024-12-25 00:00:00,2025-11-26 00:00:00,Gold,Rock
2640,Hugo Martins,Portugal,Almada,13.41,1,2025-12-17 00:00:00,2025-12-17 00:00:00,Bronze,Latin
2641,Ágnes Németh,Hungary,Nyíregyháza,41.39,7,2023-09-06 00:00:00,2024-05-11 00:00:00,Silver,Metal
2642,Michal Dvořák,Czech Republic,České Budějovice,38.61,8,2020-02-24 00:00:00,2020-11-04 00:00:00,Bronze,Rock
2643,Emily Walker,United Kingdom,Sheffield,60.44000000000001,8,2024-03-11 00:00:00,2024-12-07 00:00:00,Silver,Rock
2644,Joshua Hill,USA,Memphis,42.400000000000006,7,2023-06-18 00:00:00,2024-02-15 00:00:00,Silver,Reggae
2645,Elizabeth Bouchard,Canada,Ottawa,140.42000000000002,18,2024-05-12 00:00:00,2025-12-28 00:00:00,Platinum,Rock
2646,Jan Novotný,Czech Republic,Brno,137.1,18,2023-05-02 00:00:00,2024-09-28 00:00:00,Platinum,Rock
2647,Lea Berger,Austria,Wels,125.38999999999996,16,2024-06-08 00:00:00,2025-11-28 00:00:00,Platinum,Soundtrack
2648,Elsa Pettersson,Sweden,Gothenburg,38.15,5,2022-04-07 00:00:00,2022-10-17 00:00:00,Bronze,Latin
2649,Hugo Pinto,Portugal,Lisbon,53.15,6,2025-06-02 00:00:00,2025-11-21 00:00:00,Silver,Alternative & Punk
2650,Henry Wood,United Kingdom,Glasgow,174.12999999999997,22,2023-09-24 00:00:00,2025-11-06 00:00:00,Platinum,Alternative & Punk
2651,David Wright,USA,New York,90.45,10,2024-05-07 00:00:00,2025-04-09 00:00:00,Gold,Blues
2652,Baptiste Laurent,France,Montpellier,61.61,8,2023-06-16 00:00:00,2024-03-28 00:00:00,Silver,Metal
2653,John Wright,USA,Philadelphia,161.64999999999995,28,2021-02-04 00:00:00,2023-11-13 00:00:00,Platinum,Alternative & Punk
2654,Rita Gonçalves,Portugal,Almada,33.589999999999996,7,2021-10-02 00:00:00,2022-11-15 00:00:00,Bronze,Latin
2655,Finn Meyer,Germany,Essen,51.36,7,2022-07-28 00:00:00,2023-02-09 00:00:00,Silver,Rock
2656,Lukáš Fiala,Czech Republic,Liberec,53.44,6,2024-11-02 00:00:00,2025-07-23 00:00:00,Silver,Jazz
2657,Petr Dvořák,Czech Republic,České Budějovice,34.65,7,2021-02-23 00:00:00,2021-11-20 00:00:00,Bronze,Rock
2658,Emily Brown,Canada,Vancouver,85.15999999999998,14,2020-05-12 00:00:00,2021-10-10 00:00:00,Gold,Alternative & Punk
2659,Amelia Johnson,Australia,Perth,187.79999999999998,21,2023-04-05 00:00:00,2025-07-12 00:00:00,Platinum,Metal
2660,Linda Miller,USA,San Jose,96.2,17,2020-12-05 00:00:00,2022-12-13 00:00:00,Gold,Alternative & Punk
2661,Evelyn Brown,Canada,Hamilton,110.79999999999998,17,2022-08-28 00:00:00,2024-09-22 00:00:00,Platinum,Latin
2662,Wolfgang Hoffmann,Germany,Bochum,249.76999999999998,25,2020-10-10 00:00:00,2023-10-23 00:00:00,Platinum,TV Shows
2663,Beatriz Vieira,Brazil,Manaus,15.66,4,2022-09-01 00:00:00,2023-01-19 00:00:00,Bronze,Rock
2664,Sofia Mortensen,Denmark,Esbjerg,24.51,4,2024-04-28 00:00:00,2024-09-03 00:00:00,Bronze,Rock
2665,Charles Nguyen,USA,Charlotte,92.08,17,2019-11-17 00:00:00,2021-09-09 00:00:00,Gold,Latin
2666,Jana Černý,Czech Republic,České Budějovice,65.82,11,2022-03-28 00:00:00,2023-06-08 00:00:00,Gold,Rock
2667,Grace Lee,Australia,Perth,155.32000000000002,21,2023-03-09 00:00:00,2025-07-23 00:00:00,Platinum,Rock
2668,Sigrid Johnsen,Norway,Trondheim,83.06,12,2023-08-04 00:00:00,2024-11-01 00:00:00,Gold,Jazz
2669,Sarah Adams,USA,Portland,39.24,8,2022-01-28 00:00:00,2022-11-28 00:00:00,Bronze,Rock
2670,Jack Wright,United Kingdom,Coventry,95.83999999999999,13,2023-06-06 00:00:00,2024-09-24 00:00:00,Gold,Rock
2671,Maximilian Schneider,Germany,Wuppertal,89.62,13,2022-02-18 00:00:00,2023-07-01 00:00:00,Gold,Rock
2672,Yuki Shimizu,Japan,Tokyo,,0,,,Bronze,
2673,James Leblanc,Canada,Ottawa,264.03999999999996,44,2019-08-16 00:00:00,2024-09-13 00:00:00,Platinum,Soundtrack
2674,Diego Souza,Brazil,Campinas,129.71,24,2019-04-23 00:00:00,2022-03-28 00:00:00,Platinum,Rock
2675,João Carvalho,Portugal,Setúbal,114.09,19,2023-12-11 00:00:00,2025-11-28 00:00:00,Platinum,Rock
2676,Andre Sousa,Brazil,Belém,82.13000000000001,13,2023-03-05 00:00:00,2024-04-02 00:00:00,Gold,Rock And Roll
2677,Lukáš Blažek,Czech Republic,Plzeň,71.03,7,2025-04-06 00:00:00,2025-11-25 00:00:00,Gold,R&B/Soul
2678,Stephanie Martin,USA,Portland,101.14000000000001,10,2024-05-06 00:00:00,2025-03-11 00:00:00,Gold,TV Shows
2679,Oisín O'Neill,Ireland,Bray,162.15,14,2020-02-20 00:00:00,2021-03-06 00:00:00,Platinum,Drama
2680,Yui Sato,Japan,Tokyo,65.34,8,2024-08-07 00:00:00,2025-02-01 00:00:00,Silver,Latin
2681,Antoine Moreau,France,Strasbourg,19.8,5,2021-06-04 00:00:00,2021-09-09 00:00:00,Bronze,Metal
2682,Gabriel Ferreira,Brazil,São Paulo,63.36,12,2019-03-09 00:00:00,2020-09-22 00:00:00,Silver,Rock
2683,Elias Koskinen,Finland,Helsinki,77.83,14,2021-02-13 00:00:00,2022-01-24 00:00:00,Gold,Rock
2684,Jessica Wilson,USA,Portland,11.43,1,2025-12-15 00:00:00,2025-12-15 00:00:00,Bronze,Rock
2685,Jade Simon,France,Toulon,38.61,7,2021-03-23 00:00:00,2021-12-04 00:00:00,Bronze,Latin
2686,Sarah Taylor,USA,Dallas,78.45,12,2023-01-28 00:00:00,2023-12-14 00:00:00,Gold,Latin
2687,Benjamin Smith,Canada,Saskatoon,18.88,1,2025-07-26 00:00:00,2025-07-26 00:00:00,Bronze,Metal
2688,Elias Bengtsson,Sweden,Gothenburg,100.30999999999999,11,2024-10-12 00:00:00,2025-12-17 00:00:00,Gold,Rock
2689,Ashley Jones,USA,Philadelphia,37.63,7,2020-01-04 00:00:00,2020-11-12 00:00:00,Bronze,Rock
2690,Benjamin Wright,United Kingdom,Brighton,89.27999999999999,10,2024-11-04 00:00:00,2025-10-15 00:00:00,Gold,Latin
2691,Mikael Mäkinen,Finland,Kuopio,53.44,6,2024-11-13 00:00:00,2025-06-20 00:00:00,Silver,Latin
2692,Wolfgang Fischer,Germany,Dortmund,79.43000000000002,13,2021-05-20 00:00:00,2022-06-10 00:00:00,Gold,Alternative & Punk
2693,Emma Pettersson,Sweden,Uppsala,63.36,10,2019-11-10 00:00:00,2020-09-23 00:00:00,Silver,Rock
2694,Jennifer Flores,USA,Las Vegas,43.56,9,2019-10-12 00:00:00,2020-08-28 00:00:00,Silver,Blues
2695,Amelia Robinson,Canada,Vancouver,46.56000000000001,8,2020-05-16 00:00:00,2021-04-22 00:00:00,Silver,Rock
2696,Arthur Almeida,Brazil,Manaus,98.34,8,2023-07-14 00:00:00,2024-01-28 00:00:00,Gold,TV Shows
2697,Anthony Wilson,USA,San Jose,42.58,7,2020-10-17 00:00:00,2021-04-27 00:00:00,Silver,Rock
2698,Mark Green,USA,Columbus,57.620000000000005,7,2025-03-03 00:00:00,2025-11-12 00:00:00,Silver,Metal
2699,Clement Michel,France,Montpellier,67.81,13,2022-04-14 00:00:00,2023-06-12 00:00:00,Gold,Blues
2700,Lucas Williams,Australia,Sydney,114.77999999999999,15,2024-05-19 00:00:00,2025-08-17 00:00:00,Platinum,Rock
2701,Mia Hoffmann,Germany,Hanover,26.82,4,2025-02-22 00:00:00,2025-05-02 00:00:00,Bronze,Classical
2702,Linda Harris,USA,Philadelphia,71.28,14,2019-07-05 00:00:00,2021-01-09 00:00:00,Gold,Alternative & Punk
2703,Lucía Martínez,Spain,Valencia,152.91,22,2022-03-10 00:00:00,2024-05-28 00:00:00,Platinum,Rock
2704,James Walker,United Kingdom,Birmingham,20.37,2,2025-11-02 00:00:00,2025-11-28 00:00:00,Bronze,Rock
2705,Emily Wilson,USA,Philadelphia,98.81000000000002,13,2024-08-22 00:00:00,2025-12-10 00:00:00,Gold,Rock
2706,Mason Leblanc,Canada,Laval,119.76,12,2021-08-23 00:00:00,2022-07-28 00:00:00,Platinum,TV Shows
2707,George Roberts,United Kingdom,Manchester,31.29,4,2025-08-23 00:00:00,2025-12-11 00:00:00,Bronze,Metal
2708,Henry Jones,Australia,Townsville,157.38,25,2021-04-06 00:00:00,2023-08-18 00:00:00,Platinum,Alternative & Punk
2709,Petr Pospíšil,Czech Republic,Ústí nad Labem,82.17,14,2019-02-11 00:00:00,2020-09-23 00:00:00,Gold,Latin
2710,Zuzanna Lewandowski,Poland,Gdańsk,74.26,14,2020-01-09 00:00:00,2021-11-19 00:00:00,Gold,Rock
2711,Diego Fernández,Spain,Bilbao,222.81,31,2022-05-09 00:00:00,2025-12-18 00:00:00,Platinum,Latin
2712,David Harris,USA,Chicago,70.84,10,2023-11-23 00:00:00,2024-10-14 00:00:00,Gold,Latin
2713,Pierre Petit,France,Saint-Étienne,6.45,2,2024-01-19 00:00:00,2024-01-23 00:00:00,Bronze,Jazz
2714,Kevin Johnson,USA,Chicago,32.06,4,2024-02-26 00:00:00,2024-05-19 00:00:00,Bronze,Reggae
2715,Nathan Willems,Belgium,Antwerp,85.01,11,2024-10-28 00:00:00,2025-07-15 00:00:00,Gold,Latin
2716,Noa Fernández,Spain,Madrid,80.2,14,2019-09-08 00:00:00,2021-01-27 00:00:00,Gold,Latin
2717,Mark Wilson,USA,Phoenix,62.58,8,2025-04-17 00:00:00,2025-12-23 00:00:00,Silver,Rock
2718,Emma Hernández,Spain,Málaga,13.41,2,2025-05-28 00:00:00,2025-06-22 00:00:00,Bronze,Rock
2719,Jade Morel,France,Rennes,97.65,14,2022-06-27 00:00:00,2023-06-28 00:00:00,Gold,Pop
2720,Charles Smith,USA,Fort Worth,76.57000000000001,11,2024-09-15 00:00:00,2025-07-28 00:00:00,Gold,Rock
2721,Grace Smith,Australia,Canberra,20.369999999999997,2,2025-09-18 00:00:00,2025-10-23 00:00:00,Bronze,Rock
2722,Ava Roberts,United Kingdom,Leeds,23.839999999999996,3,2025-07-28 00:00:00,2025-11-10 00:00:00,Bronze,Latin
2723,Sebastian Thomas,Canada,Ottawa,109.02999999999999,14,2024-09-02 00:00:00,2025-12-07 00:00:00,Platinum,Rock
2724,Maximilian Weber,Germany,Bochum,60.6,7,2025-03-28 00:00:00,2025-12-07 00:00:00,Silver,Rock
2725,Tomás López,Chile,Rancagua,32.78,5,2025-06-27 00:00:00,2025-11-17 00:00:00,Bronze,Rock
2726,Mark White,USA,Seattle,52.09,7,2023-12-18 00:00:00,2024-08-11 00:00:00,Silver,Pop
2727,Barbara Hill,USA,Las Vegas,31.29,3,2025-04-07 00:00:00,2025-08-02 00:00:00,Bronze,Latin
2728,Edward Brown,United Kingdom,Manchester,63.66000000000001,10,2022-11-06 00:00:00,2023-08-04 00:00:00,Silver,Rock
2729,Pierre Lefebvre,France,Paris,70.9,12,2021-01-25 00:00:00,2022-01-08 00:00:00,Gold,Metal
2730,Ava Thompson,Australia,Newcastle,45.699999999999996,6,2025-04-11 00:00:00,2025-12-14 00:00:00,Silver,Latin
2731,Priya Singh,India,Bangalore,61.209999999999994,6,2025-06-13 00:00:00,2025-09-25 00:00:00,Silver,Drama
2732,Atharv Kumar,India,Vadodara,113.60000000000001,12,2024-10-08 00:00:00,2025-12-11 00:00:00,Platinum,Rock
2733,Emily Roy,Canada,Saskatoon,63.08999999999999,11,2023-06-23 00:00:00,2024-07-28 00:00:00,Silver,Rock
2734,Camille Vincent,France,Nîmes,92.11000000000001,14,2022-03-17 00:00:00,2024-01-14 00:00:00,Gold,Pop
2735,Andreas Schulz,Germany,Dresden,200.19,21,2020-05-15 00:00:00,2022-04-10 00:00:00,Platinum,TV Shows
2736,Noah Van Dijk,Netherlands,Groningen,24.76,5,2021-06-25 00:00:00,2021-12-10 00:00:00,Bronze,Rock
2737,Michael Wolf,Germany,Hamburg,132.82999999999998,17,2023-09-04 00:00:00,2025-08-18 00:00:00,Platinum,Rock
2738,Maria Carvalho,Brazil,Porto Alegre,40.23,5,2025-06-13 00:00:00,2025-11-19 00:00:00,Silver,Latin
2739,Jade De Smedt,Belgium,Mons,59.78999999999999,10,2022-05-09 00:00:00,2023-06-28 00:00:00,Silver,Alternative & Punk
2740,Valentina Lopes,Brazil,Recife,79.17,11,2024-10-07 00:00:00,2025-12-25 00:00:00,Gold,Latin
2741,Mark Jackson,USA,Portland,42.75,6,2023-01-02 00:00:00,2023-08-27 00:00:00,Silver,Rock
2742,Grace Thompson,Australia,Adelaide,68.89999999999999,7,2024-09-02 00:00:00,2025-02-16 00:00:00,Gold,Latin
2743,Bartosz Nowakowski,Poland,Kraków,49.21,7,2023-08-27 00:00:00,2024-04-17 00:00:00,Silver,Rock
2744,Michal Pospíšil,Czech Republic,Plzeň,108.58,13,2023-06-28 00:00:00,2025-04-07 00:00:00,Platinum,Latin
2745,Wiktoria Lewandowski,Poland,Kraków,144.73000000000002,18,2023-01-16 00:00:00,2024-11-17 00:00:00,Platinum,Rock
2746,Leo Richard,France,Rennes,76.42999999999999,11,2022-02-14 00:00:00,2023-05-12 00:00:00,Gold,Alternative & Punk
2747,Andre Alves,Brazil,Brasília,15.08,2,2023-11-17 00:00:00,2024-01-21 00:00:00,Bronze,Alternative & Punk
2748,James Adams,USA,Chicago,48.52,8,2020-05-28 00:00:00,2021-04-05 00:00:00,Silver,Alternative & Punk
2749,David Young,USA,Houston,78.5,8,2020-07-24 00:00:00,2021-06-10 00:00:00,Gold,Sci Fi & Fantasy
2750,Manuela Silva,Brazil,Rio de Janeiro,95.05000000000001,16,2023-01-25 00:00:00,2024-11-17 00:00:00,Gold,Rock
2751,Donald Green,USA,Columbus,,0,,,Bronze,
2752,Inês Costa,Portugal,Coimbra,81.71000000000001,13,2022-09-07 00:00:00,2024-03-03 00:00:00,Gold,Rock
2753,Joseph Harris,USA,Philadelphia,139.38000000000002,20,2021-08-03 00:00:00,2023-12-28 00:00:00,Platinum,Rock
2754,Liam Lavoie,Canada,Hamilton,149.35,21,2023-09-23 00:00:00,2025-12-04 00:00:00,Platinum,Alternative & Punk
2755,Charlotte Thompson,Australia,Sunshine Coast,48.79,8,2023-01-28 00:00:00,2023-09-13 00:00:00,Silver,Rock
2756,Ana Lopes,Portugal,Viseu,38.62,6,2021-04-22 00:00:00,2021-11-11 00:00:00,Bronze,Rock
2757,Jesse Smit,Netherlands,Rotterdam,52.150000000000006,9,2025-01-22 00:00:00,2025-08-20 00:00:00,Silver,Electronica/Dance
2758,Mark Harris,USA,Memphis,93.44000000000001,13,2024-03-19 00:00:00,2025-11-04 00:00:00,Gold,Classical
2759,Oscar Svensson,Sweden,Stockholm,52.339999999999996,8,2022-01-13 00:00:00,2022-09-16 00:00:00,Silver,Rock
2760,Lukáš Marek,Czech Republic,Liberec,168.5,19,2023-10-16 00:00:00,2025-12-08 00:00:00,Platinum,Alternative & Punk
2761,Kathleen Williams,USA,Charlotte,146.14999999999998,20,2023-12-05 00:00:00,2025-12-10 00:00:00,Platinum,Rock
2762,Piotr Kowalczyk,Poland,Bydgoszcz,46.55,8,2019-05-25 00:00:00,2020-04-01 00:00:00,Silver,R&B/Soul
2763,Olivia Johnson,Canada,Mississauga,30.959999999999997,5,2024-08-19 00:00:00,2024-12-04 00:00:00,Bronze,Rock
2764,Andreas Schwarz,Germany,Stuttgart,38.15,7,2022-05-04 00:00:00,2022-11-19 00:00:00,Bronze,Metal
2765,Lucas Petit,France,Strasbourg,151.79000000000002,19,2024-01-01 00:00:00,2025-11-19 00:00:00,Platinum,Metal
2766,Avery Tremblay,Canada,Mississauga,142.42000000000002,22,2021-06-03 00:00:00,2023-12-07 00:00:00,Platinum,Latin
2767,Karen Flores,USA,Las Vegas,172.57000000000002,27,2020-03-19 00:00:00,2023-04-09 00:00:00,Platinum,Latin
2768,Benjamin Roberts,United Kingdom,Sheffield,33.54,6,2024-01-27 00:00:00,2024-06-19 00:00:00,Bronze,Metal
2769,Isabella Roy,Canada,Brampton,92.08000000000001,16,2019-10-06 00:00:00,2021-04-18 00:00:00,Gold,Latin
2770,Isabella Díaz,Argentina,Mendoza,50.06,7,2024-12-28 00:00:00,2025-06-26 00:00:00,Silver,Latin
2771,Rodrigo Lopes,Brazil,São Paulo,256.94999999999993,30,2021-08-19 00:00:00,2024-05-23 00:00:00,Platinum,Soundtrack
2772,James Davis,USA,Portland,40.52,6,2021-12-12 00:00:00,2022-07-11 00:00:00,Silver,Rock
2773,Sunita Nair,India,Ghaziabad,26.73,5,2020-12-24 00:00:00,2021-05-14 00:00:00,Bronze,Rock
2774,Linda Martin,USA,Jacksonville,43.21,5,2025-05-21 00:00:00,2025-08-27 00:00:00,Silver,Rock
2775,Liam Robinson,Canada,Ottawa,92.61000000000001,12,2024-02-02 00:00:00,2025-02-08 00:00:00,Gold,Pop
2776,Rodrigo Almeida,Brazil,Salvador,70.68,6,2025-04-27 00:00:00,2025-12-24 00:00:00,Gold,Drama
2777,Raphael Bernard,France,Marseille,132.17,18,2023-08-21 00:00:00,2025-05-18 00:00:00,Platinum,Alternative & Punk
2778,Dawid Nowakowski,Poland,Wrocław,58.82,5,2023-12-06 00:00:00,2024-04-09 00:00:00,Silver,Drama
2779,Markus Richter,Germany,Bielefeld,70.45,9,2023-12-09 00:00:00,2024-09-24 00:00:00,Gold,Metal
2780,Ethan Leblanc,Canada,Edmonton,63.650000000000006,8,2022-11-15 00:00:00,2023-07-05 00:00:00,Silver,Rock
2781,Andrew Garcia,USA,Denver,43.21,5,2025-01-03 00:00:00,2025-05-17 00:00:00,Silver,Rock
2782,Mateo Reyes,Mexico,Mérida,34.65,8,2019-08-16 00:00:00,2020-03-28 00:00:00,Bronze,Rock
2783,William Johnson,Canada,Saskatoon,192.0,26,2022-08-04 00:00:00,2025-05-16 00:00:00,Platinum,Rock
2784,Pedro Barbosa,Brazil,Recife,40.03,4,2024-11-14 00:00:00,2025-02-08 00:00:00,Silver,Latin
2785,Amy Hill,USA,Nashville,94.08999999999997,14,2019-10-16 00:00:00,2021-03-16 00:00:00,Gold,Latin
2786,Ananya Rao,India,Pune,176.01,27,2019-10-06 00:00:00,2022-07-02 00:00:00,Platinum,Alternative & Punk
2787,Lucas Robert,France,Nantes,151.35,26,2020-08-02 00:00:00,2023-03-28 00:00:00,Platinum,Easy Listening
2788,Andre Barbosa,Brazil,Curitiba,75.72999999999999,12,2023-12-20 00:00:00,2025-01-12 00:00:00,Gold,Metal
2789,Robert Martin,USA,Austin,81.2,15,2021-11-06 00:00:00,2023-05-12 00:00:00,Gold,Rock
2790,Łukasz Dąbrowski,Poland,Gdańsk,84.41000000000001,16,2021-04-17 00:00:00,2022-09-05 00:00:00,Gold,Metal
2791,Beatriz Gomes,Portugal,Viseu,49.51,8,2023-07-09 00:00:00,2024-03-02 00:00:00,Silver,Blues
2792,Thomas Williams,United Kingdom,London,25.75,4,2019-04-18 00:00:00,2019-08-01 00:00:00,Bronze,Blues
2793,Adrián Romero,Spain,Valencia,77.24000000000001,11,2020-01-02 00:00:00,2021-01-28 00:00:00,Gold,Rock
2794,Maria Martins,Brazil,Campinas,13.41,2,2025-10-27 00:00:00,2025-12-02 00:00:00,Bronze,Rock
2795,Jessica Wilson,USA,New York,15.29,2,2024-02-16 00:00:00,2024-03-19 00:00:00,Bronze,Rock
2796,Lea Bertrand,France,Marseille,53.00000000000001,9,2021-07-28 00:00:00,2022-06-11 00:00:00,Silver,Rock
2797,Barbara Nelson,USA,Austin,48.68,7,2025-01-01 00:00:00,2025-12-23 00:00:00,Silver,Jazz
2798,Baptiste Fournier,France,Strasbourg,100.59999999999998,12,2024-07-16 00:00:00,2025-09-28 00:00:00,Gold,Rock
2799,Suresh Agarwal,India,Mumbai,175.14,25,2022-01-17 00:00:00,2024-07-18 00:00:00,Platinum,Rock
2800,Cynthia Johnson,USA,Phoenix,90.25,13,2024-05-26 00:00:00,2025-07-28 00:00:00,Gold,Rock
2801,Gabriel Pereira,Brazil,Curitiba,24.9,4,2023-08-28 00:00:00,2023-12-05 00:00:00,Bronze,Rock
2802,Eduardo Fernandes,Brazil,São Paulo,66.14,7,2024-11-03 00:00:00,2025-05-02 00:00:00,Gold,Heavy Metal
2803,Emily Wilson,USA,San Diego,49.79,7,2023-06-18 00:00:00,2024-04-09 00:00:00,Silver,Latin
2804,Alba Romero,Spain,Barcelona,53.55,7,2023-07-09 00:00:00,2023-11-21 00:00:00,Silver,R&B/Soul
2805,Chloé Willems,Belgium,Namur,26.47,4,2022-12-08 00:00:00,2023-04-15 00:00:00,Bronze,Metal
2806,Beatriz Ribeiro,Brazil,Porto Alegre,77.78,14,2021-08-18 00:00:00,2023-01-18 00:00:00,Gold,Rock
2807,Jack White,United Kingdom,Sunderland,158.67000000000002,25,2021-12-24 00:00:00,2024-12-12 00:00:00,Platinum,Alternative & Punk
2808,Ondřej Fiala,Czech Republic,Ústí nad Labem,134.28,15,2024-09-04 00:00:00,2025-09-28 00:00:00,Platinum,Electronica/Dance
2809,Mark Williams,USA,Portland,35.550000000000004,4,2024-04-09 00:00:00,2024-07-25 00:00:00,Bronze,Rock
2810,Pavel Novák,Czech Republic,Hradec Králové,82.65,12,2023-08-18 00:00:00,2024-11-15 00:00:00,Gold,Metal
2811,Helena Pereira,Brazil,Belém,,0,,,Bronze,
2812,Harper Johnson,Canada,Toronto,79.98,10,2024-01-28 00:00:00,2024-12-17 00:00:00,Gold,Rock
2813,Abigail Martin,Canada,Halifax,82.17999999999999,15,2019-01-19 00:00:00,2020-09-25 00:00:00,Gold,Alternative & Punk
2814,Diogo Gonçalves,Portugal,Porto,32.71,7,2022-02-19 00:00:00,2022-08-10 00:00:00,Bronze,Jazz
2815,Rodrigo Oliveira,Brazil,Campinas,51.82,10,2024-05-07 00:00:00,2025-06-08 00:00:00,Silver,Alternative & Punk
2816,Sara Russo,Italy,Florence,60.97,10,2022-03-24 00:00:00,2023-03-28 00:00:00,Silver,Alternative & Punk
2817,Stephanie Martin,USA,San Diego,162.96999999999997,28,2020-10-06 00:00:00,2023-05-10 00:00:00,Platinum,Rock
2818,Mark Adams,USA,Los Angeles,32.129999999999995,5,2023-03-24 00:00:00,2023-09-12 00:00:00,Bronze,Latin
2819,Martyna Wojciechowski,Poland,Wrocław,14.3,2,2024-12-17 00:00:00,2025-01-12 00:00:00,Bronze,Latin
2820,Baptiste Martin,France,Rennes,153.73000000000002,27,2021-08-08 00:00:00,2023-11-24 00:00:00,Platinum,Latin
2821,Pavel Procházka,Czech Republic,Ústí nad Labem,95.89,13,2023-11-28 00:00:00,2025-04-01 00:00:00,Gold,Rock
2822,Jack Fortin,Canada,Mississauga,,0,,,Bronze,
2823,Amanda White,USA,Columbus,80.95,11,2024-12-28 00:00:00,2025-11-24 00:00:00,Gold,Metal
2824,Hugo Costa,Portugal,Porto,107.52000000000001,17,2021-10-03 00:00:00,2023-02-07 00:00:00,Platinum,Alternative & Punk
2825,Lea Durand,France,Angers,176.52999999999997,31,2020-02-28 00:00:00,2023-01-25 00:00:00,Platinum,Metal
2826,Martina García,Spain,Murcia,97.41999999999999,14,2024-09-16 00:00:00,2025-09-11 00:00:00,Gold,Rock
2827,Tiago Santos,Portugal,Braga,91.78,14,2023-05-28 00:00:00,2024-10-16 00:00:00,Gold,Hip Hop/Rap
2828,Balázs Juhász,Hungary,Pécs,80.03,11,2022-12-19 00:00:00,2023-10-28 00:00:00,Gold,Metal
2829,Lea Bernard,France,Lyon,104.37,14,2024-04-24 00:00:00,2025-11-26 00:00:00,Platinum,Latin
2830,George Evans,United Kingdom,Manchester,129.92000000000002,19,2022-08-22 00:00:00,2024-07-18 00:00:00,Platinum,Jazz
2831,Diya Gupta,India,Nagpur,167.11,21,2023-11-28 00:00:00,2025-12-13 00:00:00,Platinum,Metal
2832,Amelia Smith,United Kingdom,Brighton,7.45,1,2025-12-28 00:00:00,2025-12-28 00:00:00,Bronze,Alternative & Punk
2833,Olivia Wilson,Canada,Vancouver,57.74000000000001,9,2021-05-08 00:00:00,2022-04-02 00:00:00,Silver,Rock
2834,Micaela Aguirre,Argentina,Mar del Plata,79.96999999999998,9,2025-03-26 00:00:00,2025-12-06 00:00:00,Gold,Alternative & Punk
2835,Amy Nelson,USA,Fort Worth,45.48,4,2024-12-15 00:00:00,2025-04-13 00:00:00,Silver,Jazz
2836,Valentina Fernandes,Brazil,Porto Alegre,38.61,7,2020-11-06 00:00:00,2021-05-26 00:00:00,Bronze,Rock
2837,Klaudia Mazur,Poland,Warsaw,85.50999999999999,11,2024-12-07 00:00:00,2025-09-25 00:00:00,Gold,Rock
2838,James Smith,Australia,Gold Coast,114.31,15,2024-05-19 00:00:00,2025-11-25 00:00:00,Platinum,Rock
2839,Paul Taylor,USA,Charlotte,86.82,11,2023-08-21 00:00:00,2024-05-20 00:00:00,Gold,Rock
2840,Leon Klein,Germany,Essen,85.03,13,2023-06-28 00:00:00,2024-12-01 00:00:00,Gold,Rock
2841,Hugo Martin,France,Nîmes,28.71,5,2019-10-11 00:00:00,2020-02-09 00:00:00,Bronze,Alternative & Punk
2842,Oliver Wright,United Kingdom,Belfast,90.74,13,2024-08-26 00:00:00,2025-11-28 00:00:00,Gold,Rock
2843,Manon Michel,France,Marseille,12.9,2,2024-07-26 00:00:00,2024-09-01 00:00:00,Bronze,Rock
2844,Alice Vieira,Brazil,São Luís,37.06000000000001,7,2022-05-16 00:00:00,2022-12-12 00:00:00,Bronze,Classical
2845,William Bouchard,Canada,London,109.85999999999999,13,2024-12-20 00:00:00,2025-12-16 00:00:00,Platinum,Easy Listening
2846,Raphael Durand,France,Le Havre,38.510000000000005,4,2024-07-02 00:00:00,2024-11-28 00:00:00,Bronze,Rock
2847,Sara Mancini,Italy,Catania,161.24000000000004,26,2021-12-05 00:00:00,2024-09-09 00:00:00,Platinum,Rock
2848,Miguel Carvalho,Brazil,Fortaleza,25.33,4,2025-10-10 00:00:00,2025-12-26 00:00:00,Bronze,Rock
2849,Amanda King,USA,New York,132.52,19,2022-08-15 00:00:00,2024-07-17 00:00:00,Platinum,Rock
2850,Ayaan Agarwal,India,Pune,131.35,17,2023-09-23 00:00:00,2025-09-02 00:00:00,Platinum,Rock
2851,Benjamin Davies,United Kingdom,Sunderland,136.85,19,2023-04-13 00:00:00,2024-12-24 00:00:00,Platinum,Reggae
2852,Inês Alves,Portugal,Porto,83.44,9,2025-02-03 00:00:00,2025-11-16 00:00:00,Gold,Metal
2853,Máté Takács,Hungary,Budapest,133.7,19,2023-08-06 00:00:00,2025-12-14 00:00:00,Platinum,Blues
2854,Lily Evans,United Kingdom,Bradford,54.62,7,2024-11-02 00:00:00,2025-06-05 00:00:00,Silver,Latin
2855,Michael Jones,USA,Indianapolis,82.95,11,2025-01-28 00:00:00,2025-09-10 00:00:00,Gold,Rock
2856,Charles Johnson,USA,Charlotte,28.380000000000003,3,2024-02-08 00:00:00,2024-04-05 00:00:00,Bronze,Rock
2857,Astrid Møller,Denmark,Kolding,29.8,3,2025-04-28 00:00:00,2025-07-20 00:00:00,Bronze,Latin
2858,Mark Hill,USA,Columbus,115.19,13,2024-07-28 00:00:00,2025-12-09 00:00:00,Platinum,Rock
2859,Erzsébet Farkas,Hungary,Érd,10.89,2,2021-01-26 00:00:00,2021-03-03 00:00:00,Bronze,Rock
2860,Joseph Taylor,USA,Chicago,78.76,12,2023-02-26 00:00:00,2024-05-07 00:00:00,Gold,Latin
2861,Mia Schmidt,Germany,Essen,111.31,19,2020-10-13 00:00:00,2022-06-02 00:00:00,Platinum,Rock
2862,Martina Rodríguez,Spain,Murcia,,0,,,Bronze,
2863,Elias Wolf,Germany,Berlin,55.4,5,2022-06-10 00:00:00,2023-01-18 00:00:00,Silver,TV Shows
2864,Daniel Williams,USA,Columbus,38.47,5,2022-09-24 00:00:00,2023-02-18 00:00:00,Bronze,Rock
2865,Louis Jacobs,Belgium,Brussels,69.34,11,2020-03-24 00:00:00,2021-04-15 00:00:00,Gold,Rock
2866,Davi Alves,Brazil,Guarulhos,48.52,9,2020-04-02 00:00:00,2021-02-07 00:00:00,Silver,Rock
2867,Aurora Costa,Italy,Bologna,64.28,9,2023-06-12 00:00:00,2024-05-02 00:00:00,Silver,Metal
2868,Maja Hansen,Denmark,Vejle,23.76,4,2021-06-26 00:00:00,2021-10-13 00:00:00,Bronze,Metal
2869,Nicolás González,Colombia,Barranquilla,77.10000000000001,12,2021-06-15 00:00:00,2022-10-04 00:00:00,Gold,Rock
2870,Pierre Fournier,France,Lille,18.85,3,2023-12-12 00:00:00,2024-03-01 00:00:00,Bronze,Metal
2871,Harry Williams,United Kingdom,Manchester,44.19,5,2024-11-07 00:00:00,2025-04-06 00:00:00,Silver,Latin
2872,Hugo Navarro,Spain,Las Palmas,47.53,10,2020-07-03 00:00:00,2021-06-25 00:00:00,Silver,Rock
2873,Maximiliano Torres,Chile,Talca,38.53,4,2024-11-16 00:00:00,2025-04-13 00:00:00,Bronze,Sci Fi & Fantasy
2874,Benjamin Roberts,United Kingdom,Glasgow,9.9,3,2021-08-24 00:00:00,2021-11-14 00:00:00,Bronze,Latin
2875,Lotte Smit,Netherlands,Amsterdam,79.29,12,2021-12-28 00:00:00,2023-04-17 00:00:00,Gold,Rock
2876,Emma David,France,Toulouse,69.22999999999999,9,2024-11-05 00:00:00,2025-11-18 00:00:00,Gold,Alternative & Punk
2877,Martina Martínez,Spain,Málaga,36.96,6,2021-12-23 00:00:00,2022-11-19 00:00:00,Bronze,Metal
2878,Michael Schröder,Germany,Nuremberg,82.11,13,2020-12-07 00:00:00,2022-04-21 00:00:00,Gold,Pop
2879,Joseph Scott,USA,Louisville,78.58,10,2019-01-17 00:00:00,2019-12-27 00:00:00,Gold,TV Shows
2880,Benjamin Vieira,Brazil,Goiânia,50.49,9,2019-12-15 00:00:00,2020-09-18 00:00:00,Silver,Alternative & Punk
2881,Eva Šimánek,Czech Republic,Prague,,0,,,Bronze,
2882,Bruno Carvalho,Brazil,Rio de Janeiro,44.96,7,2024-01-03 00:00:00,2024-09-20 00:00:00,Silver,Rock
2883,María Navarro,Spain,Barcelona,13.080000000000002,2,2022-06-03 00:00:00,2022-10-22 00:00:00,Bronze,Latin
2884,Robert Hill,USA,Denver,47.459999999999994,7,2024-11-03 00:00:00,2025-07-28 00:00:00,Silver,Latin
2885,Camille Lefebvre,France,Paris,21.78,4,2021-07-28 00:00:00,2021-11-20 00:00:00,Bronze,Rock
2886,Martina Greco,Italy,Turin,228.93000000000004,32,2022-06-08 00:00:00,2025-04-25 00:00:00,Platinum,Pop
2887,Mary Martin,USA,San Diego,64.7,7,2025-04-26 00:00:00,2025-12-01 00:00:00,Silver,Drama
2888,Patrycja Dąbrowski,Poland,Poznań,29.749999999999996,5,2023-04-05 00:00:00,2023-08-24 00:00:00,Bronze,Latin
2889,Manuela Oliveira,Brazil,Curitiba,59.11,7,2025-06-27 00:00:00,2025-12-13 00:00:00,Silver,Rock
2890,Kathleen Johnson,USA,Phoenix,71.23,12,2021-07-24 00:00:00,2022-06-04 00:00:00,Gold,Pop
2891,Jan Fiala,Czech Republic,České Budějovice,66.23,11,2024-10-28 00:00:00,2025-12-03 00:00:00,Gold,Rock
2892,Barbara King,USA,Indianapolis,47.19,5,2025-06-16 00:00:00,2025-12-28 00:00:00,Silver,Rock
2893,Romain Bertrand,France,Reims,152.66,15,2023-04-15 00:00:00,2024-09-15 00:00:00,Platinum,Comedy
2894,Péter Mészáros,Hungary,Székesfehérvár,94.38000000000001,14,2022-07-02 00:00:00,2023-07-12 00:00:00,Gold,Latin
2895,Lucas Clarke,Canada,Vancouver,38.160000000000004,5,2022-03-14 00:00:00,2022-12-06 00:00:00,Bronze,Metal
2896,Ethan Tremblay,Canada,Brampton,160.35000000000002,13,2023-12-12 00:00:00,2025-04-28 00:00:00,Platinum,Drama
2897,Mariana Almeida,Portugal,Funchal,87.81,12,2023-07-03 00:00:00,2024-11-28 00:00:00,Gold,Rock
2898,Lucas Carvalho,Brazil,Belo Horizonte,17.759999999999998,4,2023-12-20 00:00:00,2024-05-26 00:00:00,Bronze,Alternative & Punk
2899,Poppy Robinson,United Kingdom,Belfast,183.79999999999995,31,2020-03-17 00:00:00,2023-01-19 00:00:00,Platinum,Latin
2900,Karen Williams,USA,Baltimore,59.6,8,2025-05-01 00:00:00,2025-12-06 00:00:00,Silver,Rock
2901,Mikael Hämäläinen,Finland,Lahti,15.84,4,2019-10-07 00:00:00,2020-01-02 00:00:00,Bronze,Rock
2902,Felipe Lopes,Brazil,Salvador,15.899999999999999,2,2025-11-04 00:00:00,2025-12-18 00:00:00,Bronze,Metal
2903,Leonardo Lima,Brazil,Porto Alegre,55.21,10,2021-12-02 00:00:00,2023-01-15 00:00:00,Silver,Jazz
2904,Stefan Schäfer,Germany,Nuremberg,115.89,11,2023-07-19 00:00:00,2024-06-14 00:00:00,Platinum,Comedy
2905,Isla Walker,United Kingdom,London,17.88,2,2025-11-19 00:00:00,2025-12-13 00:00:00,Bronze,Metal
2906,Sophia Lee,Canada,Vancouver,85.56,12,2024-04-17 00:00:00,2025-04-05 00:00:00,Gold,Rock
2907,Thomas King,USA,Memphis,80.31000000000002,13,2022-05-28 00:00:00,2023-04-14 00:00:00,Gold,Rock
2908,Natalia Kwiatkowski,Poland,Bydgoszcz,106.26999999999998,11,2024-09-16 00:00:00,2025-10-21 00:00:00,Platinum,Rock
2909,Ethan Vincent,France,Lille,102.09999999999998,15,2024-05-28 00:00:00,2025-11-15 00:00:00,Gold,Rock
2910,Emily Leblanc,Canada,Saskatoon,108.52999999999997,15,2024-03-27 00:00:00,2025-12-26 00:00:00,Platinum,Rock
2911,Lea Durand,France,Nantes,25.330000000000002,3,2025-09-17 00:00:00,2025-11-25 00:00:00,Bronze,Alternative & Punk
2912,Neha Gupta,India,Jaipur,116.94999999999999,19,2020-05-15 00:00:00,2022-04-22 00:00:00,Platinum,Latin
2913,Valeria Sánchez,Spain,Barcelona,40.37,7,2023-07-02 00:00:00,2024-02-13 00:00:00,Silver,Metal
2914,Tim Fischer,Germany,Berlin,47.25000000000001,7,2021-11-02 00:00:00,2022-03-28 00:00:00,Silver,Pop
2915,Lily Brown,United Kingdom,Sunderland,137.6,22,2021-09-06 00:00:00,2024-03-23 00:00:00,Platinum,Electronica/Dance
2916,Ella Thompson,United Kingdom,Birmingham,71.25999999999999,9,2024-05-16 00:00:00,2025-02-21 00:00:00,Gold,Rock
2917,Liam Wilson,Canada,Calgary,77.58000000000001,11,2023-07-22 00:00:00,2024-06-02 00:00:00,Gold,Rock
2918,Lea Müller,Germany,Essen,93.83000000000001,10,2024-08-14 00:00:00,2025-09-24 00:00:00,Gold,Alternative & Punk
2919,Luciana Martínez,Argentina,San Juan,188.09000000000003,30,2022-04-18 00:00:00,2025-03-28 00:00:00,Platinum,Classical
2920,Karen Adams,USA,Austin,,0,,,Bronze,
2921,Valentina Álvarez,Argentina,La Plata,30.69,6,2019-02-04 00:00:00,2019-10-28 00:00:00,Bronze,Rock
2922,Lucas Robinson,Canada,Brampton,93.25000000000001,12,2023-04-10 00:00:00,2024-07-28 00:00:00,Gold,Rock
2923,Emma Martin,Canada,Surrey,62.36999999999999,10,2020-05-11 00:00:00,2021-03-20 00:00:00,Silver,Rock
2924,Ananya Malhotra,India,Surat,39.0,5,2024-05-26 00:00:00,2024-09-28 00:00:00,Bronze,Drama
2925,William White,United Kingdom,Birmingham,12.120000000000001,2,2024-12-02 00:00:00,2025-01-13 00:00:00,Bronze,Blues
2926,Oliver Lee,Canada,Saskatoon,31.29,4,2025-07-16 00:00:00,2025-11-26 00:00:00,Bronze,Jazz
2927,Alexandre David,France,Montpellier,61.4,8,2023-05-14 00:00:00,2024-01-03 00:00:00,Silver,Rock
2928,Charles Adams,USA,Fort Worth,36.64,7,2020-01-06 00:00:00,2020-07-12 00:00:00,Bronze,Metal
2929,Anthony Jackson,USA,Fort Worth,59.92,7,2023-07-02 00:00:00,2024-01-28 00:00:00,Silver,Rock
2930,Liam Durand,France,Le Havre,29.47,5,2023-12-16 00:00:00,2024-09-16 00:00:00,Bronze,Rock
2931,Alexander Magnusson,Sweden,Linköping,49.519999999999996,9,2019-05-01 00:00:00,2020-02-10 00:00:00,Silver,Rock
2932,Filipa Marques,Portugal,Coimbra,52.43,6,2024-07-28 00:00:00,2024-12-10 00:00:00,Silver,TV Shows
2933,Maëlys Claes,Belgium,Leuven,21.78,4,2020-10-11 00:00:00,2021-01-07 00:00:00,Bronze,Rock
2934,Baptiste Bertrand,France,Toulon,6.540000000000001,2,2022-10-02 00:00:00,2022-10-28 00:00:00,Bronze,Rock
2935,Harry White,United Kingdom,Liverpool,29.78,4,2024-11-28 00:00:00,2025-01-26 00:00:00,Bronze,Blues
2936,Tommaso Lombardi,Italy,Naples,65.86999999999999,9,2023-08-28 00:00:00,2024-07-17 00:00:00,Gold,Rock
2937,Wolfgang Hoffmann,Germany,Nuremberg,17.39,1,2025-12-07 00:00:00,2025-12-07 00:00:00,Bronze,Rock
2938,Astrid Larsen,Norway,Drammen,41.72,5,2025-08-27 00:00:00,2025-11-15 00:00:00,Silver,Rock
2939,Andreas Schwarz,Germany,Hanover,42.72,4,2025-09-18 00:00:00,2025-12-15 00:00:00,Silver,Blues
2940,Mila De Groot,Netherlands,Groningen,44.94999999999999,7,2023-10-04 00:00:00,2024-03-24 00:00:00,Silver,Latin
2941,Kevin Anderson,USA,Los Angeles,106.41000000000001,12,2021-07-18 00:00:00,2022-08-09 00:00:00,Platinum,TV Shows
2942,Amanda Moore,USA,Seattle,17.9,2,2020-10-08 00:00:00,2020-11-15 00:00:00,Bronze,TV Shows
2943,Linda Smith,USA,Las Vegas,63.57999999999999,9,2023-07-21 00:00:00,2024-04-03 00:00:00,Silver,Latin
2944,Eduardo Alves,Brazil,São Paulo,44.41,6,2022-05-22 00:00:00,2023-04-12 00:00:00,Silver,Alternative & Punk
2945,Henry Anderson,Australia,Adelaide,97.7,13,2024-04-08 00:00:00,2025-11-10 00:00:00,Gold,Rock
2946,Lucas Alves,Brazil,Manaus,67.05000000000001,7,2025-04-21 00:00:00,2025-12-01 00:00:00,Gold,Rock
2947,Miguel Ferreira,Portugal,Braga,70.91,11,2022-11-11 00:00:00,2024-01-28 00:00:00,Gold,Latin
2948,Vihaan Mishra,India,Bangalore,162.63,22,2023-03-21 00:00:00,2025-12-06 00:00:00,Platinum,Rock
2949,Andre Oliveira,Brazil,Curitiba,58.77000000000001,8,2024-07-10 00:00:00,2024-12-27 00:00:00,Silver,Rock
2950,Noah Scott,Australia,Hobart,26.16,6,2022-03-04 00:00:00,2022-09-20 00:00:00,Bronze,Rock
2951,Emily Green,USA,Las Vegas,30.52,5,2022-09-13 00:00:00,2022-12-19 00:00:00,Bronze,Alternative & Punk
2952,Lea Petit,France,Strasbourg,100.14999999999998,15,2022-02-02 00:00:00,2023-11-24 00:00:00,Gold,Blues
2953,Lukas Mayr,Austria,Innsbruck,31.68,5,2020-10-06 00:00:00,2021-02-14 00:00:00,Bronze,Rock
2954,Daniel Davies,United Kingdom,Belfast,39.6,6,2020-01-15 00:00:00,2020-11-03 00:00:00,Bronze,Easy Listening
2955,André Martins,Portugal,Funchal,5.96,1,2025-12-19 00:00:00,2025-12-19 00:00:00,Bronze,Latin
2956,Markus Wagner,Germany,Berlin,105.02999999999997,19,2023-06-18 00:00:00,2025-11-19 00:00:00,Platinum,Rock
2957,Joshua Jackson,USA,Houston,92.58000000000003,12,2022-01-11 00:00:00,2023-06-28 00:00:00,Gold,Rock
2958,Linda Williams,USA,Jacksonville,32.25,5,2024-01-26 00:00:00,2024-06-03 00:00:00,Bronze,Latin
2959,Jonas Schulz,Germany,Duisburg,76.17,10,2023-04-09 00:00:00,2024-02-10 00:00:00,Gold,Latin
2960,Alice Rodrigues,Brazil,Porto Alegre,151.39,21,2021-08-26 00:00:00,2024-05-25 00:00:00,Platinum,Metal
2961,Rodrigo Oliveira,Brazil,Brasília,24.75,5,2021-06-22 00:00:00,2021-09-25 00:00:00,Bronze,Rock
2962,Jessica Williams,USA,New York,56.050000000000004,10,2021-03-24 00:00:00,2022-02-08 00:00:00,Silver,Blues
2963,Mia Martin,Canada,Laval,21.779999999999998,4,2020-01-19 00:00:00,2020-05-05 00:00:00,Bronze,Rock
2964,Joshua Harris,USA,Houston,131.93999999999997,25,2020-10-04 00:00:00,2022-11-07 00:00:00,Platinum,Blues
2965,Benjamin Bouchard,Canada,Saskatoon,4.47,1,2025-11-23 00:00:00,2025-11-23 00:00:00,Bronze,Blues
2966,Cynthia Wilson,USA,Phoenix,29.71,6,2020-12-28 00:00:00,2021-04-25 00:00:00,Bronze,Rock
2967,Pablo Martínez,Spain,Palma,79.97,10,2025-06-19 00:00:00,2025-12-28 00:00:00,Gold,Alternative & Punk
2968,Bruno Costa,Portugal,Funchal,65.48,12,2021-10-24 00:00:00,2022-10-28 00:00:00,Silver,Rock
2969,Paul Hoffmann,Germany,Hanover,22.41,4,2022-07-28 00:00:00,2023-03-16 00:00:00,Bronze,Rock
2970,Alice Santos,Brazil,São Paulo,79.66,16,2021-07-08 00:00:00,2022-10-28 00:00:00,Gold,Metal
2971,William Leblanc,Canada,Toronto,36.39,6,2022-12-18 00:00:00,2023-05-20 00:00:00,Bronze,Metal
2972,Abigail Wilson,Canada,Surrey,48.57,8,2022-06-04 00:00:00,2023-01-25 00:00:00,Silver,Rock
2973,Jack Thompson,United Kingdom,Bradford,,0,,,Bronze,
2974,Karen Jones,USA,Houston,41.31,5,2024-09-10 00:00:00,2025-01-18 00:00:00,Silver,Rock
2975,Donald King,USA,Fort Worth,20.86,3,2025-02-08 00:00:00,2025-04-17 00:00:00,Bronze,Metal
2976,Liam Murphy,Ireland,Dundalk,207.71999999999994,25,2022-12-25 00:00:00,2025-11-24 00:00:00,Platinum,Alternative & Punk
2977,Cynthia Martin,USA,Seattle,101.58000000000001,14,2023-02-06 00:00:00,2024-07-28 00:00:00,Gold,Electronica/Dance
2978,Gustavo Lima,Brazil,Recife,133.84,16,2023-09-16 00:00:00,2025-04-07 00:00:00,Platinum,Rock
2979,Ondřej Krejčí,Czech Republic,Brno,95.53,12,2024-09-15 00:00:00,2025-11-21 00:00:00,Gold,Rock
2980,Lukas Richter,Germany,Dortmund,44.7,8,2022-01-20 00:00:00,2022-10-13 00:00:00,Silver,Classical
2981,John Moore,USA,Fort Worth,27.37,4,2023-03-21 00:00:00,2023-05-16 00:00:00,Bronze,R&B/Soul
2982,Gustavo Costa,Brazil,Fortaleza,107.45,19,2019-11-28 00:00:00,2022-07-08 00:00:00,Platinum,Alternative & Punk
2983,Dawid Kamiński,Poland,Warsaw,43.75,5,2021-05-02 00:00:00,2021-08-11 00:00:00,Silver,TV Shows
2984,Amy King,USA,Houston,78.74000000000001,9,2024-06-28 00:00:00,2025-05-02 00:00:00,Gold,Latin
2985,Thomas Hill,USA,Jacksonville,38.99,4,2024-11-02 00:00:00,2025-03-28 00:00:00,Bronze,Rock
2986,Harry Thomas,United Kingdom,London,23.53,4,2024-10-28 00:00:00,2025-02-06 00:00:00,Bronze,Rock
2987,Thomas Durand,France,Nîmes,46.660000000000004,7,2024-07-17 00:00:00,2025-04-28 00:00:00,Silver,Alternative & Punk
2988,Caio Ribeiro,Brazil,Guarulhos,129.89999999999998,18,2022-12-28 00:00:00,2025-02-21 00:00:00,Platinum,Rock
2989,Richard Young,USA,Phoenix,320.86999999999995,30,2019-09-19 00:00:00,2023-06-05 00:00:00,Platinum,Drama
2990,Sofía Morales,Chile,Arica,86.68,11,2024-02-01 00:00:00,2025-03-23 00:00:00,Gold,Rock
2991,André Santos,Portugal,Lisbon,29.75,5,2023-08-16 00:00:00,2023-11-09 00:00:00,Bronze,Rock
2992,David Zelenka,Czech Republic,Ústí nad Labem,127.85000000000001,21,2021-07-07 00:00:00,2023-08-14 00:00:00,Platinum,Rock
2993,Chiara De Luca,Italy,Palermo,17.82,3,2021-04-06 00:00:00,2021-09-16 00:00:00,Bronze,Latin
2994,Louis Roux,France,Nice,,0,,,Bronze,
2995,Karen Wilson,USA,Louisville,70.14,13,2021-09-16 00:00:00,2022-08-24 00:00:00,Gold,Rock
2996,William White,Australia,Adelaide,49.169999999999995,7,2025-05-17 00:00:00,2025-12-11 00:00:00,Silver,Rock
2997,Patricia Jones,USA,San Diego,55.59000000000001,10,2022-03-11 00:00:00,2022-12-08 00:00:00,Silver,Alternative & Punk
2998,Charlie Williams,United Kingdom,Leeds,48.12,10,2021-03-04 00:00:00,2022-01-22 00:00:00,Silver,Latin
2999,Sai Mishra,India,Surat,47.519999999999996,10,2019-07-14 00:00:00,2020-06-20 00:00:00,Silver,Rock
3000,Ginevra Rizzo,Italy,Bologna,180.56,22,2023-01-28 00:00:00,2025-12-20 00:00:00,Platinum,Rock
3001,Linnea Johansson,Sweden,Malmö,80.63,7,2024-07-28 00:00:00,2025-03-12 00:00:00,Gold,Latin
3002,Logan Leblanc,Canada,Mississauga,48.68,6,2025-02-24 00:00:00,2025-09-04 00:00:00,Silver,Rock
3003,Jan Klein,Germany,Bielefeld,74.41,10,2023-06-28 00:00:00,2024-06-14 00:00:00,Gold,Blues
3004,Lea Koch,Germany,Hanover,20.64,3,2024-03-05 00:00:00,2024-07-10 00:00:00,Bronze,Rock
3005,Cynthia Williams,USA,Dallas,52.629999999999995,7,2024-07-27 00:00:00,2025-07-13 00:00:00,Silver,Rock
3006,Emma Lambert,Belgium,Antwerp,62.31,10,2023-06-01 00:00:00,2024-08-26 00:00:00,Silver,Alternative & Punk
3007,Harper Lee,Canada,Mississauga,17.849999999999998,3,2023-05-14 00:00:00,2023-08-19 00:00:00,Bronze,Latin
3008,Zoe Roux,France,Lille,64.86,10,2022-10-05 00:00:00,2023-08-19 00:00:00,Silver,Latin
3009,Ashley Nelson,USA,Louisville,77.29000000000002,14,2021-08-08 00:00:00,2022-10-28 00:00:00,Gold,Reggae
3010,Deepak Joshi,India,Vadodara,28.47,5,2023-08-03 00:00:00,2023-12-23 00:00:00,Bronze,Rock
3011,Charles Jones,USA,Chicago,143.55,23,2021-12-17 00:00:00,2023-09-11 00:00:00,Platinum,Alternative & Punk
3012,Sharon Scott,USA,Phoenix,107.05000000000003,14,2023-02-07 00:00:00,2024-03-21 00:00:00,Platinum,Metal
3013,Hannah Richter,Germany,Duisburg,64.38,8,2023-05-01 00:00:00,2024-04-05 00:00:00,Silver,Reggae
3014,Joseph Jones,USA,Chicago,107.44,14,2024-09-09 00:00:00,2025-12-05 00:00:00,Platinum,Rock
3015,Pierre Laurent,France,Saint-Étienne,,0,,,Bronze,
3016,Matheus Ferreira,Brazil,Rio de Janeiro,27.72,3,2019-11-05 00:00:00,2020-01-07 00:00:00,Bronze,Latin
3017,Lucas Vincent,France,Dijon,150.16999999999996,14,2020-01-11 00:00:00,2020-12-21 00:00:00,Platinum,TV Shows
3018,Daniel Taylor,USA,San Jose,179.07,24,2022-06-08 00:00:00,2025-05-12 00:00:00,Platinum,Rock
3019,Susan Scott,USA,Phoenix,45.24,7,2023-05-25 00:00:00,2024-02-04 00:00:00,Silver,Rock
3020,Klaus Schneider,Germany,Hamburg,37.25,4,2025-06-22 00:00:00,2025-12-03 00:00:00,Bronze,Jazz
3021,Oscar Taylor,United Kingdom,Bristol,76.06999999999998,9,2023-04-23 00:00:00,2023-12-28 00:00:00,Gold,Rock
3022,Santiago Gómez,Argentina,Mar del Plata,114.08,19,2021-12-08 00:00:00,2023-07-07 00:00:00,Platinum,Rock
3023,Joana Costa,Portugal,Agualva-Cacém,23.759999999999998,5,2021-09-25 00:00:00,2021-12-09 00:00:00,Bronze,Latin
3024,Michael Richter,Germany,Düsseldorf,93.71000000000002,16,2022-08-19 00:00:00,2024-02-24 00:00:00,Gold,Rock
3025,William Hansson,Sweden,Jönköping,37.63,9,2020-04-06 00:00:00,2021-01-01 00:00:00,Bronze,Rock
3026,Ingrid Johannessen,Norway,Stavanger,205.12000000000003,31,2022-08-07 00:00:00,2025-10-26 00:00:00,Platinum,Latin
3027,Camila Cruz,Colombia,Bucaramanga,63.589999999999996,10,2023-07-09 00:00:00,2024-03-04 00:00:00,Silver,Metal
3028,Luca Wolf,Germany,Hamburg,11.879999999999999,2,2020-06-26 00:00:00,2020-10-15 00:00:00,Bronze,Rock
3029,Caio Souza,Brazil,Goiânia,111.67,18,2022-04-02 00:00:00,2023-11-17 00:00:00,Platinum,Latin
3030,Riya Pandey,India,Mumbai,64.07,8,2025-02-16 00:00:00,2025-12-28 00:00:00,Silver,Metal
3031,Martina Zelenka,Czech Republic,Ústí nad Labem,66.33,13,2020-07-28 00:00:00,2021-11-20 00:00:00,Gold,Hip Hop/Rap
3032,Oscar Taylor,United Kingdom,Bristol,153.61999999999998,24,2020-04-28 00:00:00,2022-04-21 00:00:00,Platinum,Heavy Metal
3033,Luca Müller,Germany,Berlin,17.560000000000002,3,2023-10-21 00:00:00,2024-04-01 00:00:00,Bronze,Rock
3034,Noah Davies,United Kingdom,Bradford,26.71,4,2024-04-27 00:00:00,2024-11-03 00:00:00,Bronze,Rock
3035,Jack Lee,Canada,Montreal,69.30000000000001,12,2020-06-28 00:00:00,2021-08-18 00:00:00,Gold,Easy Listening
3036,Ella Wood,United Kingdom,Leeds,37.25,5,2025-05-05 00:00:00,2025-10-12 00:00:00,Bronze,Rock
3037,Riccardo Mancini,Italy,Naples,62.71999999999999,10,2023-10-11 00:00:00,2025-02-19 00:00:00,Silver,Latin
3038,Emma Henry,Belgium,Leuven,27.09,3,2024-07-06 00:00:00,2024-08-21 00:00:00,Bronze,Rock
3039,Julia Visser,Netherlands,Amsterdam,28.310000000000002,4,2025-07-28 00:00:00,2025-12-18 00:00:00,Bronze,Rock
3040,Isabella Robinson,Canada,Winnipeg,203.05000000000004,30,2022-03-22 00:00:00,2025-09-28 00:00:00,Platinum,Rock
3041,Liam Smith,Ireland,Dublin,29.83,5,2022-09-27 00:00:00,2023-01-10 00:00:00,Bronze,Electronica/Dance
3042,David Martin,USA,Baltimore,72.33999999999999,11,2023-08-13 00:00:00,2024-08-28 00:00:00,Gold,Jazz
3043,Łukasz Nowakowski,Poland,Katowice,191.92,16,2024-03-05 00:00:00,2025-09-21 00:00:00,Platinum,Comedy
3044,Paul Becker,Germany,Berlin,47.67999999999999,6,2025-02-26 00:00:00,2025-08-24 00:00:00,Silver,Alternative & Punk
3045,Barbara Thompson,USA,New York,118.47000000000001,16,2024-03-11 00:00:00,2025-11-13 00:00:00,Platinum,Rock
3046,Benjamin Watson,United Kingdom,Glasgow,,0,,,Bronze,
3047,Sharon Brown,USA,Las Vegas,59.45,6,2023-08-19 00:00:00,2024-04-16 00:00:00,Silver,Science Fiction
3048,Anna Schmidt,Germany,Duisburg,51.68000000000001,8,2023-04-09 00:00:00,2024-01-06 00:00:00,Silver,Rock
3049,Hugo Laurent,France,Rennes,262.70000000000005,20,2021-01-15 00:00:00,2023-04-18 00:00:00,Platinum,TV Shows
3050,Romain Lefebvre,France,Nantes,29.8,3,2025-06-02 00:00:00,2025-11-05 00:00:00,Bronze,Rock
3051,Sophie Harris,Australia,Brisbane,23.84,4,2025-07-20 00:00:00,2025-12-17 00:00:00,Bronze,Rock
3052,Alexander Watson,United Kingdom,Edinburgh,21.78,3,2020-10-16 00:00:00,2020-12-28 00:00:00,Bronze,Rock
3053,Aiden Cote,Canada,Toronto,24.990000000000002,4,2023-09-02 00:00:00,2023-11-09 00:00:00,Bronze,Metal
3054,Patricia Garcia,USA,Austin,11.21,2,2023-11-24 00:00:00,2024-01-28 00:00:00,Bronze,Latin
3055,Luciana Díaz,Argentina,Salta,76.96000000000001,13,2022-11-05 00:00:00,2024-05-10 00:00:00,Gold,Latin
3056,Zuzanna Wójcik,Poland,Wrocław,36.76,3,2025-10-28 00:00:00,2025-12-12 00:00:00,Bronze,Heavy Metal
3057,William Garcia,USA,Seattle,20.79,4,2019-04-11 00:00:00,2019-06-19 00:00:00,Bronze,Rock
3058,Rohit Singh,India,Ghaziabad,17.39,2,2025-10-10 00:00:00,2025-11-14 00:00:00,Bronze,Rock
3059,Gustavo Rodrigues,Brazil,São Paulo,14.899999999999999,2,2025-08-28 00:00:00,2025-09-27 00:00:00,Bronze,Rock
3060,Adam Martin,France,Strasbourg,103.67999999999999,15,2023-06-20 00:00:00,2024-11-28 00:00:00,Platinum,Rock
3061,Kathleen Torres,USA,Fort Worth,100.21000000000001,12,2024-07-21 00:00:00,2025-11-28 00:00:00,Gold,Rock
3062,Mia Lee,Canada,Saskatoon,84.71,13,2023-04-17 00:00:00,2024-06-22 00:00:00,Gold,Rock
3063,Ana Santos,Portugal,Amadora,40.629999999999995,3,2024-11-23 00:00:00,2024-12-24 00:00:00,Silver,Comedy
3064,James Harris,USA,Nashville,167.61999999999998,24,2022-10-19 00:00:00,2025-06-28 00:00:00,Platinum,Metal
3065,Noah Bouchard,Canada,Winnipeg,39.61,8,2020-08-28 00:00:00,2021-05-28 00:00:00,Silver,Rock
3066,Maria Sousa,Portugal,Setúbal,82.44,8,2023-11-15 00:00:00,2024-07-06 00:00:00,Gold,Comedy
3067,Thomas Moore,USA,San Diego,47.37,7,2024-06-10 00:00:00,2025-06-11 00:00:00,Silver,Classical
3068,Manuela Barbosa,Brazil,Salvador,95.35999999999999,18,2022-01-28 00:00:00,2023-09-18 00:00:00,Gold,Metal
3069,Mary White,USA,Chicago,62.5,8,2023-08-28 00:00:00,2024-05-15 00:00:00,Silver,Rock
3070,Myra Mishra,India,Kanpur,44.7,5,2025-03-10 00:00:00,2025-06-24 00:00:00,Silver,Rock
3071,Donald Anderson,USA,Chicago,148.24,21,2023-09-26 00:00:00,2025-10-13 00:00:00,Platinum,Latin
3072,Sophia Lavoie,Canada,Markham,63.57999999999999,9,2025-01-15 00:00:00,2025-11-22 00:00:00,Silver,Rock
3073,Saanvi Choudhary,India,Kanpur,156.18999999999997,22,2023-01-19 00:00:00,2025-03-28 00:00:00,Platinum,Rock
3074,Mattia Mancini,Italy,Catania,15.899999999999999,2,2025-11-01 00:00:00,2025-12-22 00:00:00,Bronze,Rock
3075,Elias Meyer,Germany,Leipzig,27.720000000000002,7,2020-12-17 00:00:00,2021-09-05 00:00:00,Bronze,Metal
3076,Romain Richard,France,Paris,12.879999999999999,3,2021-01-28 00:00:00,2021-03-10 00:00:00,Bronze,Rock
3077,Mary Torres,USA,Columbus,77.18,13,2021-12-20 00:00:00,2022-11-25 00:00:00,Gold,Rock
3078,Davi Lopes,Brazil,Belém,48.510000000000005,9,2020-05-03 00:00:00,2021-01-09 00:00:00,Silver,Jazz
3079,Andrés Ortiz,Mexico,Guadalajara,125.00999999999999,18,2023-03-28 00:00:00,2024-09-02 00:00:00,Platinum,Rock
3080,James Walsh,Ireland,Swords,74.58,8,2019-11-14 00:00:00,2021-01-28 00:00:00,Gold,TV Shows
3081,Isak Kristiansen,Norway,Bergen,76.24000000000001,15,2019-12-28 00:00:00,2021-06-02 00:00:00,Gold,Rock
3082,Markus Richter,Germany,Hanover,55.13,7,2025-05-13 00:00:00,2025-12-15 00:00:00,Silver,Rock
3083,Edoardo Moretti,Italy,Bologna,40.900000000000006,6,2024-07-11 00:00:00,2024-12-07 00:00:00,Silver,Alternative & Punk
3084,Maria Alves,Brazil,São Luís,83.11,7,2025-01-28 00:00:00,2025-12-19 00:00:00,Gold,Drama
3085,Lenka Hájek,Czech Republic,Brno,30.56,4,2023-12-07 00:00:00,2024-03-28 00:00:00,Bronze,Rock
3086,Oliver Roberts,United Kingdom,Sheffield,244.98000000000005,33,2021-10-23 00:00:00,2024-12-28 00:00:00,Platinum,Rock
3087,Emilia Heikkilä,Finland,Jyväskylä,85.77000000000001,15,2022-08-12 00:00:00,2024-01-28 00:00:00,Gold,Alternative & Punk
3088,Thomas Robinson,United Kingdom,Birmingham,28.03,4,2021-10-24 00:00:00,2022-01-12 00:00:00,Bronze,Alternative & Punk
3089,Conor O'Doherty,Ireland,Drogheda,233.14999999999998,32,2022-05-28 00:00:00,2025-06-26 00:00:00,Platinum,Rock
3090,Lena Hoffmann,Germany,Düsseldorf,33.660000000000004,5,2021-06-10 00:00:00,2021-11-11 00:00:00,Bronze,World
3091,Barbara Green,USA,New York,60.550000000000004,8,2024-03-11 00:00:00,2025-02-19 00:00:00,Silver,Latin
3092,Amanda Brown,USA,Los Angeles,81.84,9,2024-11-21 00:00:00,2025-12-28 00:00:00,Gold,Rock
3093,Cynthia Flores,USA,Columbus,92.05,12,2023-06-28 00:00:00,2024-07-24 00:00:00,Gold,Rock
3094,Maria Ribeiro,Brazil,Belém,142.08,15,2024-04-03 00:00:00,2025-10-26 00:00:00,Platinum,Latin
3095,Noah Davies,United Kingdom,Bradford,11.879999999999999,2,2019-08-08 00:00:00,2019-09-10 00:00:00,Bronze,Rock
3096,Inès David,France,Montpellier,22.35,2,2025-09-26 00:00:00,2025-12-26 00:00:00,Bronze,Rock
3097,Krishna Nair,India,Bhopal,53.93000000000001,9,2022-10-25 00:00:00,2023-08-28 00:00:00,Silver,Rock
3098,Emma Gutiérrez,Spain,Barcelona,12.94,1,2025-10-28 00:00:00,2025-10-28 00:00:00,Bronze,TV Shows
3099,Joaquín López,Argentina,San Juan,34.88,9,2022-03-25 00:00:00,2022-10-28 00:00:00,Bronze,Latin
3100,Hannah Zimmermann,Germany,Hanover,65.25,8,2024-11-15 00:00:00,2025-10-01 00:00:00,Silver,Rock
3101,Kavya Choudhary,India,Visakhapatnam,72.28,11,2022-08-02 00:00:00,2023-05-16 00:00:00,Gold,Comedy
3102,Eduardo Lopes,Brazil,Manaus,81.46000000000001,9,2025-02-21 00:00:00,2025-11-10 00:00:00,Gold,R&B/Soul
3103,James Scott,USA,Phoenix,57.86000000000001,8,2024-03-18 00:00:00,2024-10-18 00:00:00,Silver,Rock
3104,Álvaro Martín,Spain,Las Palmas,163.8,23,2022-03-22 00:00:00,2024-04-02 00:00:00,Platinum,Alternative & Punk
3105,Ava Janssen,Netherlands,Rotterdam,139.72000000000003,13,2023-01-07 00:00:00,2024-04-22 00:00:00,Platinum,TV Shows
3106,Jack Watson,United Kingdom,Glasgow,74.36,12,2021-12-21 00:00:00,2023-05-13 00:00:00,Gold,Rock
3107,Liam Thomas,Canada,London,67.22,9,2024-06-14 00:00:00,2025-12-28 00:00:00,Gold,Rock
3108,Liam Vos,Netherlands,Breda,,0,,,Bronze,
3109,Alice Bertrand,France,Nice,56.61,9,2022-10-10 00:00:00,2023-08-03 00:00:00,Silver,Reggae
3110,Tobias Gruber,Austria,Villach,158.18000000000004,22,2022-07-05 00:00:00,2024-08-25 00:00:00,Platinum,Rock
3111,Liam Laurent,France,Strasbourg,123.92999999999999,16,2023-06-05 00:00:00,2024-12-14 00:00:00,Platinum,Soundtrack
3112,John Garcia,USA,Philadelphia,27.23,4,2021-09-16 00:00:00,2022-03-28 00:00:00,Bronze,Rock
3113,Ciara O'Reilly,Ireland,Limerick,11.879999999999999,2,2020-02-14 00:00:00,2020-03-22 00:00:00,Bronze,Rock
3114,Emma Wagner,Germany,Dresden,127.05999999999999,16,2023-12-22 00:00:00,2025-10-28 00:00:00,Platinum,Rock
3115,Markus Zimmermann,Germany,Essen,86.2,13,2021-07-05 00:00:00,2022-12-16 00:00:00,Gold,Rock
3116,Isabella Thompson,United Kingdom,Manchester,24.75,4,2021-07-12 00:00:00,2021-10-26 00:00:00,Bronze,Rock
3117,Susan Torres,USA,Houston,91.49000000000001,8,2024-03-21 00:00:00,2025-02-05 00:00:00,Gold,TV Shows
3118,Aoife Doyle,Ireland,Waterford,125.39999999999999,20,2023-06-22 00:00:00,2024-10-05 00:00:00,Platinum,Rock
3119,Karen Wright,USA,Portland,71.22,10,2023-06-19 00:00:00,2024-05-13 00:00:00,Gold,Rock
3120,Alice Lefebvre,France,Saint-Étienne,64.56,7,2024-12-09 00:00:00,2025-12-20 00:00:00,Silver,Latin
3121,Gabriel Barbosa,Brazil,Rio de Janeiro,77.48,9,2025-03-13 00:00:00,2025-12-13 00:00:00,Gold,Rock
3122,Martina Horák,Czech Republic,České Budějovice,88.53,14,2022-06-13 00:00:00,2023-12-15 00:00:00,Gold,Alternative
3123,William Williams,United Kingdom,Coventry,91.07,10,2024-11-24 00:00:00,2025-10-01 00:00:00,Gold,Latin
3124,Pedro Pereira,Portugal,Almada,78.46,11,2024-10-19 00:00:00,2025-11-23 00:00:00,Gold,Bossa Nova
3125,Pierre Durand,France,Toulon,40.59,7,2019-07-03 00:00:00,2020-01-11 00:00:00,Silver,Alternative & Punk
3126,Emma Martin,Canada,Edmonton,37.06,7,2022-02-20 00:00:00,2022-08-24 00:00:00,Bronze,Rock
3127,Felipe Almeida,Brazil,Porto Alegre,38.410000000000004,6,2024-06-09 00:00:00,2025-01-05 00:00:00,Bronze,Metal
3128,Beatriz Oliveira,Brazil,Recife,36.75,8,2021-10-21 00:00:00,2022-05-28 00:00:00,Bronze,Rock
3129,Thomas Jackson,USA,Dallas,58.449999999999996,11,2020-12-16 00:00:00,2021-11-12 00:00:00,Silver,Rock
3130,Benjamin Sousa,Brazil,Curitiba,24.84,3,2025-10-28 00:00:00,2025-12-28 00:00:00,Bronze,Alternative & Punk
3131,Arjun Choudhary,India,Indore,166.86999999999998,26,2021-09-03 00:00:00,2024-08-11 00:00:00,Platinum,Latin
3132,Donald Nelson,USA,Chicago,93.34,13,2024-04-18 00:00:00,2025-12-28 00:00:00,Gold,Latin
3133,Emiliano Rivera,Mexico,Nezahualcóyotl,58.42,11,2019-07-05 00:00:00,2020-07-12 00:00:00,Silver,Latin
3134,Paul Anderson,USA,San Jose,28.47,5,2023-04-10 00:00:00,2023-07-19 00:00:00,Bronze,Latin
3135,Daniel Kelly,Ireland,Waterford,70.77,9,2024-04-16 00:00:00,2025-02-27 00:00:00,Gold,Jazz
3136,Wolfgang Wagner,Germany,Bochum,112.92999999999998,13,2023-12-13 00:00:00,2024-12-02 00:00:00,Platinum,Rock
3137,Charlotte King,Australia,Darwin,13.41,1,2025-12-10 00:00:00,2025-12-10 00:00:00,Bronze,Alternative & Punk
3138,Isabella Fortin,Canada,Edmonton,80.7,9,2024-05-12 00:00:00,2024-12-27 00:00:00,Gold,Rock
3139,Vihaan Nair,India,Bhopal,13.870000000000001,3,2020-03-20 00:00:00,2020-05-03 00:00:00,Bronze,Rock
3140,Astrid Jørgensen,Denmark,Odense,58.220000000000006,8,2023-05-08 00:00:00,2023-09-18 00:00:00,Silver,Classical
3141,Mia Williams,United Kingdom,London,163.84999999999997,26,2020-10-07 00:00:00,2024-05-08 00:00:00,Platinum,Rock
3142,Benjamin Gagnon,Canada,Vaughan,20.64,4,2024-02-08 00:00:00,2024-06-20 00:00:00,Bronze,Metal
3143,Harry Smith,United Kingdom,Bristol,104.95,18,2020-03-01 00:00:00,2021-11-09 00:00:00,Platinum,Blues
3144,Mark Nguyen,USA,Philadelphia,110.37,11,2023-04-22 00:00:00,2024-05-10 00:00:00,Platinum,TV Shows
3145,Tim Meyer,Germany,Nuremberg,20.8,4,2019-03-14 00:00:00,2019-08-03 00:00:00,Bronze,Electronica/Dance
3146,John Thompson,USA,Baltimore,96.81,12,2024-07-20 00:00:00,2025-06-08 00:00:00,Gold,Rock
3147,Ebba Lindström,Sweden,Stockholm,132.58999999999997,19,2023-08-01 00:00:00,2025-03-13 00:00:00,Platinum,Rock
3148,Adam Willems,Belgium,Brussels,46.54,8,2020-11-18 00:00:00,2021-09-14 00:00:00,Silver,Rock
3149,James Anderson,Canada,Saskatoon,104.11000000000003,19,2020-07-10 00:00:00,2022-07-21 00:00:00,Platinum,Latin
3150,Leo Roux,France,Dijon,71.62,12,2021-03-24 00:00:00,2022-04-23 00:00:00,Gold,Alternative & Punk
3151,Michael Hoffmann,Germany,Dresden,104.78,18,2021-02-04 00:00:00,2022-06-08 00:00:00,Platinum,Blues
3152,Eduardo Oliveira,Brazil,Recife,82.24000000000001,11,2024-12-22 00:00:00,2025-12-23 00:00:00,Gold,Rock
3153,Manuel Moser,Austria,Wels,53.46000000000001,6,2023-03-15 00:00:00,2023-08-28 00:00:00,Silver,Alternative & Punk
3154,Lucas Jakobsson,Sweden,Stockholm,44.949999999999996,9,2021-06-28 00:00:00,2022-01-13 00:00:00,Silver,Blues
3155,Andrew Brown,USA,Las Vegas,55.440000000000005,9,2019-09-23 00:00:00,2020-05-28 00:00:00,Silver,Latin
3156,Jack Smith,United Kingdom,Edinburgh,60.07000000000001,7,2024-10-02 00:00:00,2025-08-16 00:00:00,Silver,Rock
3157,Emma Robert,France,Angers,91.1,14,2020-05-20 00:00:00,2021-08-02 00:00:00,Gold,Alternative & Punk
3158,Ashley Torres,USA,Dallas,26.880000000000003,3,2025-10-01 00:00:00,2025-12-06 00:00:00,Bronze,TV Shows
3159,Petr Horák,Czech Republic,Liberec,148.95000000000002,22,2021-06-06 00:00:00,2023-09-05 00:00:00,Platinum,Alternative & Punk
3160,Zoe Garcia,France,Strasbourg,34.28,7,2021-05-21 00:00:00,2022-02-05 00:00:00,Bronze,Rock
3161,Emma Schwarz,Germany,Bielefeld,35.63999999999999,7,2020-05-28 00:00:00,2020-11-24 00:00:00,Bronze,Rock
3162,John Johnson,USA,Denver,23.839999999999996,3,2025-09-12 00:00:00,2025-12-15 00:00:00,Bronze,Rock
3163,Ignacio Martínez,Chile,Arica,23.84,3,2025-08-04 00:00:00,2025-12-19 00:00:00,Bronze,Rock
3164,Barbara Moore,USA,Phoenix,69.41,7,2024-11-04 00:00:00,2025-07-25 00:00:00,Gold,Rock
3165,Daniel Álvarez,Spain,Barcelona,93.89,15,2022-01-04 00:00:00,2023-08-12 00:00:00,Gold,Latin
3166,Linda Green,USA,Philadelphia,108.50000000000001,13,2024-02-02 00:00:00,2025-02-24 00:00:00,Platinum,Rock
3167,Freddie Lewis,United Kingdom,Birmingham,72.15,10,2024-03-11 00:00:00,2025-04-04 00:00:00,Gold,Metal
3168,Inès Moreau,France,Nîmes,152.14,13,2020-03-07 00:00:00,2021-08-02 00:00:00,Platinum,Drama
3169,Mia Johnson,Canada,Markham,,0,,,Bronze,
3170,Paul Wagner,Germany,Nuremberg,79.24000000000001,10,2024-05-17 00:00:00,2025-09-26 00:00:00,Gold,Jazz
3171,Hugo Gonçalves,Portugal,Funchal,121.32000000000001,17,2024-05-12 00:00:00,2025-12-24 00:00:00,Platinum,Soundtrack
3172,Henry King,Australia,Melbourne,24.75,4,2021-01-28 00:00:00,2021-05-10 00:00:00,Bronze,Latin
3173,Elizabeth Williams,USA,Los Angeles,71.27000000000001,9,2022-05-07 00:00:00,2023-02-08 00:00:00,Gold,Rock
3174,Elizabeth Taylor,USA,Los Angeles,123.95,18,2021-12-13 00:00:00,2024-02-28 00:00:00,Platinum,Blues
3175,Alexandre Morel,France,Strasbourg,224.01999999999995,31,2022-03-21 00:00:00,2025-11-28 00:00:00,Platinum,Metal
3176,Maja Johansen,Norway,Bergen,88.29,11,2024-09-07 00:00:00,2025-12-02 00:00:00,Gold,Alternative & Punk
3177,Amelia Lavoie,Canada,Mississauga,97.77,13,2023-12-28 00:00:00,2025-01-05 00:00:00,Gold,Latin
3178,Kevin Young,USA,Seattle,40.08,7,2023-09-18 00:00:00,2024-05-15 00:00:00,Silver,Metal
3179,Stefan Fischer,Germany,Hanover,74.9,9,2024-12-17 00:00:00,2025-12-12 00:00:00,Gold,Rock
3180,Isabella Flores,Argentina,Tucumán,69.29,10,2022-08-23 00:00:00,2023-05-27 00:00:00,Gold,Hip Hop/Rap
3181,George Watson,United Kingdom,Coventry,14.85,3,2020-05-21 00:00:00,2020-07-10 00:00:00,Bronze,Rock
3182,Miguel Lima,Brazil,São Paulo,155.43999999999997,25,2023-02-03 00:00:00,2025-12-28 00:00:00,Platinum,Electronica/Dance
3183,Isabella Thompson,United Kingdom,Sunderland,38.64,6,2020-11-01 00:00:00,2021-04-23 00:00:00,Bronze,Hip Hop/Rap
3184,Sebastian Lee,Canada,London,8.94,1,2025-12-14 00:00:00,2025-12-14 00:00:00,Bronze,Rock
3185,Melissa Wilson,USA,New York,108.85999999999999,15,2023-09-20 00:00:00,2025-02-13 00:00:00,Platinum,R&B/Soul
3186,Maxime Laurent,France,Nîmes,43.71,7,2022-08-01 00:00:00,2023-02-27 00:00:00,Silver,Latin
3187,Zoe Moreau,France,Grenoble,11.92,1,2025-10-07 00:00:00,2025-10-07 00:00:00,Bronze,Jazz
3188,Väinö Virtanen,Finland,Tampere,38.61000000000001,7,2020-08-19 00:00:00,2020-12-06 00:00:00,Bronze,Rock
3189,Ava Johnson,Canada,Surrey,128.32,19,2022-07-08 00:00:00,2024-09-02 00:00:00,Platinum,Rock
3190,Jackson Cote,Canada,Saskatoon,,0,,,Bronze,
3191,James Smith,Canada,Halifax,76.18,14,2020-11-22 00:00:00,2022-07-14 00:00:00,Gold,Jazz
3192,Logan Brown,Canada,Vaughan,100.83,19,2020-09-04 00:00:00,2022-12-19 00:00:00,Gold,Metal
3193,Felipe Fernandes,Brazil,Belém,58.11,8,2025-05-21 00:00:00,2025-12-28 00:00:00,Silver,World
3194,Nicolás Pérez,Argentina,Santa Fe,44.7,8,2025-04-06 00:00:00,2025-11-20 00:00:00,Silver,Rock
3195,Klaudia Jankowski,Poland,Gdańsk,17.87,3,2024-03-16 00:00:00,2024-05-24 00:00:00,Bronze,Rock
3196,Maria Lopes,Brazil,Salvador,166.81000000000003,28,2021-04-25 00:00:00,2023-11-10 00:00:00,Platinum,Alternative & Punk
3197,Amelia Lee,Canada,Ottawa,88.19000000000001,13,2023-06-10 00:00:00,2024-08-06 00:00:00,Gold,Pop
3198,Riccardo Esposito,Italy,Turin,5.96,1,2025-12-08 00:00:00,2025-12-08 00:00:00,Bronze,Rock
3199,William Nguyen,USA,San Diego,47.730000000000004,6,2024-01-28 00:00:00,2024-08-18 00:00:00,Silver,Metal
3200,Valentina Fernández,Argentina,Rosario,75.01,7,2025-02-12 00:00:00,2025-09-22 00:00:00,Gold,Rock
3201,Julien Simon,France,Angers,97.11,12,2024-04-06 00:00:00,2025-04-15 00:00:00,Gold,Rock
3202,Sofia Colombo,Italy,Milan,84.35000000000001,11,2022-03-22 00:00:00,2023-03-24 00:00:00,Gold,Reggae
3203,William White,United Kingdom,Leeds,37.620000000000005,6,2021-08-17 00:00:00,2021-12-28 00:00:00,Bronze,Rock
3204,Dieter Schäfer,Germany,Wuppertal,84.45,12,2023-11-25 00:00:00,2024-12-03 00:00:00,Gold,Rock
3205,Tim Smit,Netherlands,Amsterdam,25.740000000000002,4,2020-11-28 00:00:00,2021-02-17 00:00:00,Bronze,Alternative & Punk
3206,Manon Michel,Belgium,Leuven,39.739999999999995,4,2025-09-11 00:00:00,2025-12-28 00:00:00,Silver,Rock
3207,Lucas Lefebvre,France,Montpellier,94.36,12,2024-11-25 00:00:00,2025-11-01 00:00:00,Gold,Metal
3208,Mateo Sánchez,Argentina,Córdoba,34.79,3,2021-06-21 00:00:00,2021-08-20 00:00:00,Bronze,TV Shows
3209,Karen Nguyen,USA,Columbus,7.45,1,2025-11-21 00:00:00,2025-11-21 00:00:00,Bronze,Metal
3210,Amy King,USA,Las Vegas,43.77,7,2021-04-21 00:00:00,2022-04-02 00:00:00,Silver,Latin
3211,Avery Smith,Canada,Ottawa,117.35000000000001,20,2020-03-07 00:00:00,2022-02-06 00:00:00,Platinum,Metal
3212,Sofia Richter,Germany,Duisburg,34.06,8,2021-04-19 00:00:00,2022-01-04 00:00:00,Bronze,Metal
3213,Diego Ribeiro,Brazil,Salvador,171.08999999999995,26,2022-03-08 00:00:00,2024-12-24 00:00:00,Platinum,Latin
3214,David Šimánek,Czech Republic,Ostrava,30.979999999999997,6,2024-12-10 00:00:00,2025-05-13 00:00:00,Bronze,Latin
3215,Susan King,USA,San Antonio,50.489999999999995,9,2021-04-05 00:00:00,2021-12-05 00:00:00,Silver,Latin
3216,James Williams,United Kingdom,Edinburgh,54.9,8,2024-04-24 00:00:00,2024-12-28 00:00:00,Silver,Rock
3217,Anthony Torres,USA,Louisville,14.280000000000001,3,2023-10-11 00:00:00,2023-12-28 00:00:00,Bronze,Rock
3218,Finn Meyer,Germany,Bremen,16.83,4,2019-05-07 00:00:00,2019-10-16 00:00:00,Bronze,Blues
3219,Manuela Oliveira,Brazil,Campinas,74.01,9,2025-01-19 00:00:00,2025-11-18 00:00:00,Gold,Rock
3220,Linda Allen,USA,Louisville,107.27000000000001,15,2023-09-20 00:00:00,2025-01-20 00:00:00,Platinum,Rock
3221,Susan Garcia,USA,Indianapolis,28.709999999999997,5,2020-10-09 00:00:00,2021-06-08 00:00:00,Bronze,Rock
3222,Daniel Watson,United Kingdom,Coventry,46.88,9,2022-03-18 00:00:00,2022-12-22 00:00:00,Silver,Rock
3223,Anna Wagner,Germany,Frankfurt,44.699999999999996,4,2025-08-08 00:00:00,2025-12-05 00:00:00,Silver,Rock
3224,Henry Watson,United Kingdom,Belfast,93.22,9,2022-10-09 00:00:00,2023-10-01 00:00:00,Gold,TV Shows
3225,Santiago López,Colombia,Barranquilla,105.55000000000003,18,2021-10-09 00:00:00,2023-07-18 00:00:00,Platinum,Rock
3226,Ondřej Zelenka,Czech Republic,Liberec,84.73,12,2021-12-08 00:00:00,2022-12-28 00:00:00,Gold,Alternative & Punk
3227,Michael Anderson,USA,Los Angeles,50.510000000000005,8,2019-07-02 00:00:00,2020-04-04 00:00:00,Silver,Alternative & Punk
3228,James White,United Kingdom,Leeds,90.89,10,2025-02-11 00:00:00,2025-12-16 00:00:00,Gold,Blues
3229,David Wilson,USA,Portland,96.04,15,2023-08-28 00:00:00,2024-12-07 00:00:00,Gold,Blues
3230,Jana Novotný,Czech Republic,Brno,72.93,13,2021-05-22 00:00:00,2022-09-18 00:00:00,Gold,Rock
3231,Stefan Schulz,Germany,Bremen,36.21000000000001,5,2023-08-21 00:00:00,2024-06-18 00:00:00,Bronze,Rock
3232,Klaus Richter,Germany,Nuremberg,112.33000000000001,12,2024-10-02 00:00:00,2025-08-19 00:00:00,Platinum,Latin
3233,Inès Robert,France,Grenoble,115.88999999999999,15,2023-10-15 00:00:00,2025-09-14 00:00:00,Platinum,Rock
3234,Camille Dupont,Belgium,Liège,82.92000000000002,16,2021-06-20 00:00:00,2022-12-08 00:00:00,Gold,Electronica/Dance
3235,Gabriela Pérez,Colombia,Santa Marta,51.5,10,2020-12-28 00:00:00,2021-09-10 00:00:00,Silver,Rock
3236,Sofia Martínez,Argentina,San Juan,49.080000000000005,9,2022-09-07 00:00:00,2023-09-05 00:00:00,Silver,Rock
3237,Catarina Gonçalves,Portugal,Braga,233.87999999999997,31,2022-05-04 00:00:00,2025-11-28 00:00:00,Platinum,Rock
3238,Michael Jones,USA,Houston,46.040000000000006,9,2020-09-05 00:00:00,2022-01-21 00:00:00,Silver,Metal
3239,Patricia Jackson,USA,San Antonio,32.25,5,2024-02-05 00:00:00,2024-05-28 00:00:00,Bronze,Metal
3240,Kevin Brown,USA,Jacksonville,7.45,1,2025-11-28 00:00:00,2025-11-28 00:00:00,Bronze,Rock
3241,Jack Lee,Canada,Brampton,73.59999999999998,11,2023-01-14 00:00:00,2023-11-02 00:00:00,Gold,R&B/Soul
3242,Noah Brown,United Kingdom,Sheffield,72.16999999999999,6,2025-05-07 00:00:00,2025-09-12 00:00:00,Gold,TV Shows
3243,Neha Bose,India,Thane,61.879999999999995,10,2023-03-09 00:00:00,2023-11-13 00:00:00,Silver,Latin
3244,Emma Hernández,Spain,Valencia,30.799999999999997,3,2025-09-12 00:00:00,2025-11-06 00:00:00,Bronze,Alternative & Punk
3245,Richard White,USA,Memphis,216.88999999999996,27,2023-06-07 00:00:00,2025-07-16 00:00:00,Platinum,Rock
3246,Isabella González,Chile,Chillán,57.86,8,2024-01-24 00:00:00,2024-09-17 00:00:00,Silver,Rock
3247,Emily Thomas,Canada,Hamilton,32.13,6,2023-05-12 00:00:00,2023-10-01 00:00:00,Bronze,Rock
3248,Ella Christiansen,Denmark,Randers,102.32,12,2025-01-17 00:00:00,2025-12-17 00:00:00,Gold,Rock
3249,Daniel White,United Kingdom,Manchester,52.48,9,2021-03-17 00:00:00,2021-11-05 00:00:00,Silver,Rock
3250,Benjamín Ramírez,Argentina,Mendoza,67.05,9,2025-01-13 00:00:00,2025-12-28 00:00:00,Gold,Rock
3251,Sharon Thomas,USA,Nashville,67.33,12,2019-09-15 00:00:00,2020-11-14 00:00:00,Gold,World
3252,Rafael Ferreira,Brazil,Belém,15.260000000000002,4,2022-07-04 00:00:00,2022-11-13 00:00:00,Bronze,Rock
3253,William Hill,USA,Houston,54.33,10,2022-10-08 00:00:00,2023-10-28 00:00:00,Silver,Rock
3254,Mathis Thomas,Belgium,Charleroi,29.43,5,2022-05-28 00:00:00,2022-11-18 00:00:00,Bronze,Metal
3255,Olivia Thompson,United Kingdom,London,73.53,8,2024-02-22 00:00:00,2024-12-02 00:00:00,Gold,Electronica/Dance
3256,Reyansh Patel,India,Surat,28.87,4,2023-11-28 00:00:00,2024-04-15 00:00:00,Bronze,Latin
3257,Mary White,USA,Philadelphia,63.36000000000001,12,2020-06-21 00:00:00,2021-07-05 00:00:00,Silver,Pop
3258,Michael Schulz,Germany,Munich,85.15,17,2019-12-02 00:00:00,2021-10-01 00:00:00,Gold,Metal
3259,Emma Mancini,Italy,Florence,80.0,10,2024-03-03 00:00:00,2025-02-21 00:00:00,Gold,Latin
3260,Oscar Davies,United Kingdom,Coventry,65.23,10,2024-02-27 00:00:00,2025-08-08 00:00:00,Silver,Jazz
3261,Harper Anderson,Canada,Ottawa,76.25999999999999,14,2020-04-09 00:00:00,2021-08-11 00:00:00,Gold,Classical
3262,Hugo Ribeiro,Portugal,Coimbra,39.72,3,2024-06-24 00:00:00,2024-09-19 00:00:00,Silver,Drama
3263,Mason Fortin,Canada,Ottawa,87.77,13,2024-04-12 00:00:00,2025-12-27 00:00:00,Gold,Metal
3264,Sophia Bouchard,Canada,Winnipeg,50.35,6,2024-09-14 00:00:00,2025-06-28 00:00:00,Silver,R&B/Soul
3265,Ava Young,Australia,Melbourne,105.27,14,2020-06-03 00:00:00,2021-10-02 00:00:00,Platinum,Science Fiction
3266,Amelia MacDonald,Canada,Toronto,87.2,9,2024-07-28 00:00:00,2025-04-04 00:00:00,Gold,Drama
3267,Isabella Tremblay,Canada,London,31.65,4,2023-11-23 00:00:00,2024-03-14 00:00:00,Bronze,Jazz
3268,James White,Australia,Darwin,49.07000000000001,7,2023-06-25 00:00:00,2024-02-22 00:00:00,Silver,TV Shows
3269,Vikram Malhotra,India,Chennai,129.81,16,2022-06-18 00:00:00,2024-02-26 00:00:00,Platinum,Rock
3270,Beatriz Vieira,Brazil,Belém,220.49999999999994,38,2019-04-07 00:00:00,2023-02-26 00:00:00,Platinum,Pop
3271,Jennifer Young,USA,Denver,74.25,11,2022-04-05 00:00:00,2023-07-07 00:00:00,Gold,Rock
3272,Arthur Oliveira,Brazil,Recife,208.83,36,2019-07-16 00:00:00,2023-05-28 00:00:00,Platinum,Rock
3273,Amanda Nelson,USA,Indianapolis,21.8,3,2022-04-26 00:00:00,2022-07-13 00:00:00,Bronze,Rock
3274,Tommaso De Luca,Italy,Bologna,105.49,10,2023-05-08 00:00:00,2024-03-27 00:00:00,Platinum,Drama
3275,Sebastian Anderson,Canada,Calgary,75.92999999999999,11,2022-04-01 00:00:00,2023-02-21 00:00:00,Gold,Rock
3276,Julien David,France,Le Havre,122.15,17,2022-05-22 00:00:00,2023-11-27 00:00:00,Platinum,Soundtrack
3277,James Johnson,USA,San Diego,40.46,7,2023-03-01 00:00:00,2023-10-20 00:00:00,Silver,Hip Hop/Rap
3278,Lorenzo Lombardi,Italy,Palermo,112.82000000000001,14,2023-10-24 00:00:00,2025-01-06 00:00:00,Platinum,Alternative & Punk
3279,Mia Bouchard,Canada,London,71.03,8,2025-07-14 00:00:00,2025-12-20 00:00:00,Gold,Rock
3280,Rebecca Adams,USA,Louisville,140.99999999999997,24,2019-03-22 00:00:00,2022-03-11 00:00:00,Platinum,Rock
3281,Laura Brown,USA,Jacksonville,80.24000000000001,10,2024-07-28 00:00:00,2025-11-10 00:00:00,Gold,Metal
3282,Felix Schulz,Germany,Bremen,32.68,6,2021-03-05 00:00:00,2021-08-10 00:00:00,Bronze,Latin
3283,Amy Smith,USA,San Jose,52.48,10,2019-05-20 00:00:00,2020-02-22 00:00:00,Silver,Jazz
3284,Karen Davis,USA,Dallas,175.64000000000001,23,2022-10-11 00:00:00,2024-09-20 00:00:00,Platinum,Rock
3285,Pari Kumar,India,Kolkata,83.27000000000001,11,2023-11-04 00:00:00,2025-02-09 00:00:00,Gold,Rock
3286,Bruno Ferreira,Brazil,Belo Horizonte,8.45,1,2025-07-03 00:00:00,2025-07-03 00:00:00,Bronze,Rock
3287,Laura Bauer,Germany,Hamburg,145.34,18,2024-01-13 00:00:00,2025-08-28 00:00:00,Platinum,Rock
3288,Amelia Clarke,Canada,Montreal,89.75999999999999,10,2024-05-13 00:00:00,2025-05-23 00:00:00,Gold,Alternative & Punk
3289,Emma Johnson,Canada,Vaughan,44.21,5,2025-05-06 00:00:00,2025-09-25 00:00:00,Silver,Rock
3290,Leo Petit,France,Bordeaux,76.5,7,2025-04-07 00:00:00,2025-12-18 00:00:00,Gold,Rock
3291,Lukas Hoffmann,Germany,Hanover,54.63999999999999,7,2025-05-08 00:00:00,2025-11-28 00:00:00,Silver,Rock
3292,Zofia Dąbrowski,Poland,Bydgoszcz,12.870000000000001,3,2021-01-10 00:00:00,2021-02-25 00:00:00,Bronze,Rock
3293,William Scott,USA,Los Angeles,84.15,13,2019-02-05 00:00:00,2020-08-01 00:00:00,Gold,Latin
3294,Valentina Flores,Chile,Talca,161.78,22,2022-11-25 00:00:00,2025-10-09 00:00:00,Platinum,Rock
3295,Patricia Martin,USA,Phoenix,32.800000000000004,5,2021-12-08 00:00:00,2022-03-23 00:00:00,Bronze,Metal
3296,Mariana Sousa,Portugal,Braga,71.97999999999999,11,2024-07-28 00:00:00,2025-11-28 00:00:00,Gold,Metal
3297,Kacper Lewandowski,Poland,Łódź,11.879999999999999,2,2019-03-10 00:00:00,2019-03-25 00:00:00,Bronze,Metal
3298,Lucie Fiala,Czech Republic,Prague,193.15,28,2021-06-02 00:00:00,2024-02-24 00:00:00,Platinum,Metal
3299,Lorenzo Ferrari,Italy,Rome,105.42,15,2023-10-12 00:00:00,2025-05-06 00:00:00,Platinum,Metal
3300,Matias Mäkinen,Finland,Turku,28.349999999999998,5,2022-05-13 00:00:00,2022-10-25 00:00:00,Bronze,Classical
3301,Matheus Alves,Brazil,Curitiba,8.94,1,2025-05-16 00:00:00,2025-05-16 00:00:00,Bronze,Latin
3302,Alexandre Martin,France,Le Havre,54.74000000000001,8,2023-04-12 00:00:00,2023-12-23 00:00:00,Silver,Classical
3303,Jack Roy,Canada,Calgary,51.35,6,2024-12-28 00:00:00,2025-06-25 00:00:00,Silver,Alternative & Punk
3304,Harry Brown,United Kingdom,Sunderland,35.45,8,2021-02-20 00:00:00,2022-02-01 00:00:00,Bronze,Metal
3305,Stephanie Garcia,USA,Louisville,194.13,18,2021-07-05 00:00:00,2023-01-23 00:00:00,Platinum,TV Shows
3306,Oisín McCarthy,Ireland,Waterford,48.97,6,2024-12-27 00:00:00,2025-07-13 00:00:00,Silver,Rock
3307,Valentina Fernandes,Brazil,Rio de Janeiro,5.94,1,2020-09-28 00:00:00,2020-09-28 00:00:00,Bronze,Rock
3308,Susan Young,USA,Memphis,32.97,8,2021-04-13 00:00:00,2022-01-03 00:00:00,Bronze,Rock
3309,David Wilson,USA,Philadelphia,155.31,25,2020-10-03 00:00:00,2022-10-25 00:00:00,Platinum,Rock
3310,William White,USA,Austin,236.24999999999991,25,2019-08-13 00:00:00,2022-01-27 00:00:00,Platinum,Drama
3311,Felipe Oliveira,Brazil,Guarulhos,56.58,8,2021-09-27 00:00:00,2022-08-24 00:00:00,Silver,Rock
3312,Mattia Moretti,Italy,Verona,34.27,4,2025-04-12 00:00:00,2025-09-15 00:00:00,Bronze,Rock
3313,Liam Smith,Canada,Gatineau,49.02,7,2024-01-04 00:00:00,2024-10-03 00:00:00,Silver,Alternative & Punk
3314,Priya Patel,India,Surat,71.03,7,2025-01-24 00:00:00,2025-11-17 00:00:00,Gold,Rock
3315,Leo Fournier,France,Dijon,31.68,7,2020-12-02 00:00:00,2021-05-18 00:00:00,Bronze,Alternative & Punk
3316,Matthew Nelson,USA,San Jose,91.09000000000002,14,2020-07-28 00:00:00,2021-10-07 00:00:00,Gold,Latin
3317,Natalia Ortiz,Mexico,Puebla,190.8,25,2023-01-12 00:00:00,2025-10-26 00:00:00,Platinum,Metal
3318,Jennifer Brown,USA,San Antonio,38.160000000000004,6,2022-02-25 00:00:00,2022-08-23 00:00:00,Bronze,Latin
3319,Leo Petit,France,Saint-Étienne,79.15,6,2025-01-08 00:00:00,2025-07-22 00:00:00,Gold,Drama
3320,Joseph Adams,USA,San Jose,89.34,15,2020-11-22 00:00:00,2022-12-28 00:00:00,Gold,Rock
3321,Camila Martínez,Argentina,Salta,133.30999999999997,18,2022-07-20 00:00:00,2024-07-15 00:00:00,Platinum,R&B/Soul
3322,Laura Lopes,Brazil,Salvador,,0,,,Bronze,
3323,Paul Schwarz,Germany,Dortmund,243.5,28,2022-12-11 00:00:00,2025-12-03 00:00:00,Platinum,Hip Hop/Rap
3324,Clement Durand,France,Toulon,56.18,9,2024-05-17 00:00:00,2025-03-19 00:00:00,Silver,Metal
3325,Laura Adams,USA,Charlotte,26.740000000000002,4,2019-03-20 00:00:00,2019-10-07 00:00:00,Bronze,Rock
3326,Linda Jackson,USA,Indianapolis,15.47,3,2023-03-21 00:00:00,2023-04-19 00:00:00,Bronze,Metal
3327,Väinö Heikkinen,Finland,Oulu,18.44,3,2022-12-19 00:00:00,2023-02-20 00:00:00,Bronze,Blues
3328,Tim Bauer,Germany,Wuppertal,146.20000000000002,23,2022-09-18 00:00:00,2024-10-28 00:00:00,Platinum,Rock
3329,María Gómez,Spain,Valencia,69.26,12,2021-08-26 00:00:00,2022-11-23 00:00:00,Gold,Latin
3330,Chloé Laurent,Belgium,Antwerp,25.800000000000004,5,2024-06-17 00:00:00,2024-11-28 00:00:00,Bronze,Rock
3331,Cynthia Flores,USA,Fort Worth,61.38,11,2019-05-02 00:00:00,2020-02-14 00:00:00,Silver,Rock
3332,Robert Nelson,USA,Nashville,170.14000000000001,23,2022-09-14 00:00:00,2025-03-03 00:00:00,Platinum,Latin
3333,Sharon Hill,USA,Fort Worth,73.64000000000001,11,2023-12-25 00:00:00,2024-09-04 00:00:00,Gold,Rock
3334,Elijah Roy,Canada,Toronto,19.81,3,2021-03-17 00:00:00,2021-06-14 00:00:00,Bronze,Jazz
3335,Franco Álvarez,Argentina,Mar del Plata,62.61,11,2021-07-24 00:00:00,2022-10-09 00:00:00,Silver,Rock
3336,Joana Oliveira,Portugal,Amadora,,0,,,Bronze,
3337,Barbara King,USA,Dallas,43.48,6,2024-03-08 00:00:00,2024-07-19 00:00:00,Silver,Rock
3338,Laura Barbosa,Brazil,Belém,155.73999999999998,18,2023-08-14 00:00:00,2025-09-05 00:00:00,Platinum,Latin
3339,Stephanie Brown,USA,Fort Worth,28.819999999999997,5,2021-09-06 00:00:00,2022-02-28 00:00:00,Bronze,Latin
3340,Martin Dvořák,Czech Republic,Liberec,160.06000000000003,14,2024-04-01 00:00:00,2025-10-15 00:00:00,Platinum,Drama
3341,Raphael Simon,France,Le Havre,53.860000000000014,9,2023-02-25 00:00:00,2024-03-04 00:00:00,Silver,Classical
3342,Noah Smith,Australia,Sunshine Coast,158.36999999999998,18,2021-08-15 00:00:00,2023-05-01 00:00:00,Platinum,Comedy
3343,Myra Nair,India,Chennai,76.67,13,2021-01-15 00:00:00,2022-05-16 00:00:00,Gold,Rock
3344,Beatriz Ribeiro,Brazil,Porto Alegre,82.17000000000002,14,2020-03-23 00:00:00,2021-03-28 00:00:00,Gold,Rock
3345,Elizabeth Jones,USA,Louisville,101.89,15,2020-12-28 00:00:00,2022-01-28 00:00:00,Gold,Rock
3346,Julia Van den Berg,Netherlands,Rotterdam,66.35000000000001,13,2020-05-22 00:00:00,2021-09-22 00:00:00,Gold,Latin
3347,Andre Alves,Brazil,Belo Horizonte,4.47,1,2025-05-02 00:00:00,2025-05-02 00:00:00,Bronze,Rock
3348,Gustavo Martins,Brazil,Brasília,122.38,25,2019-07-27 00:00:00,2022-05-28 00:00:00,Platinum,Rock
3349,Laura Wilson,USA,Portland,19.04,3,2023-05-19 00:00:00,2023-08-16 00:00:00,Bronze,Rock
3350,Elizabeth White,USA,Portland,28.560000000000002,4,2023-08-02 00:00:00,2023-10-11 00:00:00,Bronze,Rock
3351,Charlotte Fortin,Canada,Halifax,41.72,3,2025-10-28 00:00:00,2025-12-08 00:00:00,Silver,Metal
3352,Zsolt Takács,Hungary,Kecskemét,91.67,12,2023-06-11 00:00:00,2024-09-05 00:00:00,Gold,Rock
3353,David Garcia,USA,Chicago,20.14,3,2023-04-16 00:00:00,2023-06-28 00:00:00,Bronze,Metal
3354,Isabella Sosa,Argentina,San Juan,50.489999999999995,8,2019-06-04 00:00:00,2020-03-17 00:00:00,Silver,Metal
3355,Ella Brown,United Kingdom,Liverpool,176.82,24,2022-09-02 00:00:00,2025-07-28 00:00:00,Platinum,R&B/Soul
3356,Paul Becker,Germany,Cologne,63.160000000000004,7,2024-09-07 00:00:00,2025-11-15 00:00:00,Silver,Latin
3357,Mateusz Piotrowiak,Poland,Szczecin,80.40000000000002,12,2022-07-28 00:00:00,2023-09-26 00:00:00,Gold,Classical
3358,Louis Fournier,France,Reims,37.989999999999995,7,2023-03-24 00:00:00,2023-12-20 00:00:00,Bronze,Classical
3359,Joseph Hill,USA,Dallas,151.10999999999999,20,2023-04-16 00:00:00,2025-02-28 00:00:00,Platinum,Easy Listening
3360,Hugo Jesus,Portugal,Amadora,8.94,1,2025-12-11 00:00:00,2025-12-11 00:00:00,Bronze,Rock
3361,William Thompson,United Kingdom,Bristol,62.760000000000005,10,2022-05-07 00:00:00,2023-04-26 00:00:00,Silver,Alternative & Punk
3362,Alice Sousa,Brazil,Brasília,45.45,6,2023-12-13 00:00:00,2024-05-08 00:00:00,Silver,Rock
3363,Niklas Mayer,Austria,Klagenfurt,84.31,11,2024-11-13 00:00:00,2025-11-19 00:00:00,Gold,Alternative & Punk
3364,Sophie Pichler,Austria,Linz,208.28999999999996,27,2022-08-11 00:00:00,2025-07-21 00:00:00,Platinum,Pop
3365,Robert Anderson,USA,San Jose,89.04,13,2023-09-28 00:00:00,2025-03-23 00:00:00,Gold,Blues
3366,Liam Bouchard,Canada,Winnipeg,71.61,10,2024-10-02 00:00:00,2025-12-22 00:00:00,Gold,Rock
3367,Kateřina Beneš,Czech Republic,Hradec Králové,60.599999999999994,8,2023-01-18 00:00:00,2023-12-01 00:00:00,Silver,Alternative & Punk
3368,Alice Bruno,Italy,Bari,127.22,18,2022-04-20 00:00:00,2024-05-23 00:00:00,Platinum,Alternative & Punk
3369,Pari Gupta,India,Thane,19.37,2,2025-12-03 00:00:00,2025-12-27 00:00:00,Bronze,Rock
3370,Julia Oliveira,Brazil,Porto Alegre,89.91,11,2025-02-22 00:00:00,2025-12-03 00:00:00,Gold,Latin
3371,William Johnson,United Kingdom,Edinburgh,47.75999999999999,6,2024-05-01 00:00:00,2025-01-06 00:00:00,Silver,Rock
3372,John Adams,USA,Seattle,37.410000000000004,6,2024-05-15 00:00:00,2024-10-19 00:00:00,Bronze,Rock
3373,Elizabeth Brown,Canada,Saskatoon,138.21999999999997,16,2024-03-03 00:00:00,2025-12-19 00:00:00,Platinum,Rock
3374,Rebecca Davis,USA,Philadelphia,269.04,36,2021-10-16 00:00:00,2024-12-27 00:00:00,Platinum,Electronica/Dance
3375,Olivia Thomas,Canada,Winnipeg,77.35,15,2020-11-04 00:00:00,2022-04-22 00:00:00,Gold,R&B/Soul
3376,Gustavo Pereira,Brazil,Belo Horizonte,,0,,,Bronze,
3377,Zoe Durand,France,Lyon,109.18,12,2021-07-28 00:00:00,2022-07-19 00:00:00,Platinum,Comedy
3378,Lily Evans,United Kingdom,London,110.60000000000001,13,2024-06-17 00:00:00,2025-05-13 00:00:00,Platinum,Rock
3379,Ana Santos,Portugal,Amadora,114.46000000000001,15,2023-11-01 00:00:00,2025-06-27 00:00:00,Platinum,Metal
3380,Leo Petit,France,Toulouse,44.55,6,2020-09-06 00:00:00,2021-03-20 00:00:00,Silver,Rock
3381,Matthew Williams,USA,Chicago,132.48,17,2022-07-14 00:00:00,2024-05-25 00:00:00,Platinum,Rock
3382,Mateo Flores,Chile,Arica,47.19,7,2025-05-05 00:00:00,2025-12-12 00:00:00,Silver,Rock
3383,Álvaro Rodríguez,Spain,Zaragoza,38.260000000000005,5,2022-03-04 00:00:00,2022-08-19 00:00:00,Bronze,Comedy
3384,Amelia Thomas,Canada,Vancouver,10.43,1,2025-12-25 00:00:00,2025-12-25 00:00:00,Bronze,Alternative & Punk
3385,Catarina Jesus,Portugal,Funchal,63.34,8,2024-02-21 00:00:00,2025-04-03 00:00:00,Silver,Bossa Nova
3386,Sharon Nelson,USA,Jacksonville,48.22,10,2023-08-26 00:00:00,2024-06-11 00:00:00,Silver,Rock
3387,Saoirse McCarthy,Ireland,Dundalk,67.05,8,2025-03-17 00:00:00,2025-12-22 00:00:00,Gold,Pop
3388,Mark Wright,USA,Fort Worth,114.70999999999998,15,2024-05-02 00:00:00,2025-10-25 00:00:00,Platinum,Rock
3389,Elijah Smith,Canada,Halifax,36.74,6,2024-07-06 00:00:00,2025-03-28 00:00:00,Bronze,Rock
3390,Jackson Fortin,Canada,Laval,38.74,5,2025-06-22 00:00:00,2025-12-18 00:00:00,Bronze,Rock
3391,Priya Agarwal,India,Jaipur,137.92999999999998,20,2024-04-03 00:00:00,2025-11-14 00:00:00,Platinum,Rock
3392,Sofia Sousa,Brazil,São Paulo,204.18999999999997,26,2023-10-04 00:00:00,2025-11-04 00:00:00,Platinum,Rock
3393,Liam Martin,France,Angers,104.28999999999998,14,2024-08-23 00:00:00,2025-12-11 00:00:00,Platinum,Rock
3394,Vihaan Srivastava,India,Kanpur,11.92,1,2025-11-23 00:00:00,2025-11-23 00:00:00,Bronze,Rock
3395,Emma Andersen,Denmark,Randers,77.22,15,2020-01-28 00:00:00,2021-03-04 00:00:00,Gold,Latin
3396,Dieter Schäfer,Germany,Dortmund,53.48,10,2021-03-02 00:00:00,2021-12-27 00:00:00,Silver,Rock
3397,Sean Doyle,Ireland,Dundalk,90.08999999999999,13,2019-11-01 00:00:00,2021-05-07 00:00:00,Gold,Rock
3398,William Young,USA,Jacksonville,10.89,2,2021-09-04 00:00:00,2021-10-22 00:00:00,Bronze,Latin
3399,Felipe Oliveira,Brazil,Recife,14.85,3,2019-11-04 00:00:00,2020-03-05 00:00:00,Bronze,World
3400,Niamh Moore,Ireland,Cork,121.32000000000001,16,2024-02-22 00:00:00,2025-08-28 00:00:00,Platinum,Alternative & Punk
3401,Lily Lewis,United Kingdom,Coventry,53.28,6,2023-07-09 00:00:00,2024-02-25 00:00:00,Silver,Rock
3402,Mark Wilson,USA,Nashville,132.36000000000004,20,2022-04-13 00:00:00,2024-01-24 00:00:00,Platinum,Rock
3403,Sofia Cote,Canada,Brampton,16.830000000000002,3,2021-05-11 00:00:00,2021-09-14 00:00:00,Bronze,Rock
3404,Alexandre Dubois,France,Toulouse,34.76,6,2024-12-25 00:00:00,2025-06-19 00:00:00,Bronze,Latin
3405,Aino Hämäläinen,Finland,Tampere,118.67000000000002,17,2024-02-11 00:00:00,2025-11-27 00:00:00,Platinum,R&B/Soul
3406,William Miller,USA,Seattle,10.43,2,2025-01-01 00:00:00,2025-05-28 00:00:00,Bronze,Rock
3407,Emilie Berg,Norway,Trondheim,58.63,9,2023-09-06 00:00:00,2024-06-13 00:00:00,Silver,Metal
3408,Sarah White,USA,Dallas,45.57,6,2024-10-07 00:00:00,2025-03-28 00:00:00,Silver,Alternative & Punk
3409,Adam Willems,Belgium,Ghent,125.79999999999998,15,2024-05-09 00:00:00,2025-10-25 00:00:00,Platinum,Alternative & Punk
3410,Beatriz Martins,Brazil,Belo Horizonte,19.369999999999997,2,2025-07-24 00:00:00,2025-08-15 00:00:00,Bronze,Rock
3411,Mathis Goossens,Belgium,Liège,144.36999999999995,22,2022-03-15 00:00:00,2023-11-08 00:00:00,Platinum,Rock
3412,Jade Roux,France,Bordeaux,82.2,15,2020-05-06 00:00:00,2021-09-12 00:00:00,Gold,Rock
3413,Alice Ribeiro,Brazil,Recife,209.65,29,2022-06-04 00:00:00,2025-06-28 00:00:00,Platinum,Latin
3414,Tim Bauer,Germany,Munich,237.07999999999996,33,2022-05-15 00:00:00,2025-12-28 00:00:00,Platinum,Alternative & Punk
3415,Robert Nelson,USA,Seattle,116.99000000000001,17,2022-06-05 00:00:00,2024-01-11 00:00:00,Platinum,Latin
3416,Karen Nelson,USA,New York,61.230000000000004,12,2021-06-23 00:00:00,2022-06-17 00:00:00,Silver,Classical
3417,Ashley Torres,USA,Phoenix,137.82,19,2024-02-21 00:00:00,2025-12-07 00:00:00,Platinum,Rock
3418,Francesco Esposito,Italy,Genoa,93.46,13,2023-08-09 00:00:00,2024-09-24 00:00:00,Gold,Metal
3419,Arthur Ribeiro,Brazil,Campinas,59.52,10,2021-03-21 00:00:00,2022-06-19 00:00:00,Silver,Metal
3420,Andreas Klein,Germany,Dortmund,46.190000000000005,5,2025-05-26 00:00:00,2025-11-26 00:00:00,Silver,Alternative & Punk
3421,Rebecca Moore,USA,Phoenix,38.63,8,2021-01-08 00:00:00,2021-06-21 00:00:00,Bronze,Rock
3422,Charlotte Martin,Australia,Canberra,122.04999999999998,17,2022-01-13 00:00:00,2023-08-07 00:00:00,Platinum,Alternative & Punk
3423,Kathleen Moore,USA,New York,13.080000000000002,3,2022-04-12 00:00:00,2022-06-09 00:00:00,Bronze,Rock
3424,Eva Nový,Czech Republic,Prague,207.34999999999997,27,2023-02-11 00:00:00,2025-09-18 00:00:00,Platinum,Rock
3425,Emma Laurent,France,Bordeaux,44.84,7,2023-07-08 00:00:00,2024-03-01 00:00:00,Silver,Latin
3426,Jana Horák,Czech Republic,Ústí nad Labem,26.16,4,2022-02-16 00:00:00,2022-04-28 00:00:00,Bronze,Latin
3427,Lily Jones,United Kingdom,Brighton,58.42,11,2019-06-20 00:00:00,2020-03-13 00:00:00,Silver,Latin
3428,Priya Agarwal,India,Pune,152.94,17,2024-05-11 00:00:00,2025-12-28 00:00:00,Platinum,Latin
3429,Rafael Martins,Brazil,Curitiba,68.64,15,2021-02-06 00:00:00,2022-06-06 00:00:00,Gold,Latin
3430,Isabella Thomas,Canada,Ottawa,74.1,11,2024-11-13 00:00:00,2025-10-07 00:00:00,Gold,Latin
3431,Lea Laurent,France,Montpellier,56.62,7,2025-01-06 00:00:00,2025-12-10 00:00:00,Silver,Rock
3432,Patricia Jones,USA,Dallas,81.58000000000001,11,2022-02-12 00:00:00,2023-04-07 00:00:00,Gold,Rock
3433,Michal Černý,Czech Republic,Plzeň,69.32000000000001,12,2020-01-11 00:00:00,2021-03-11 00:00:00,Gold,Rock
3434,Alfie Jones,United Kingdom,Sunderland,40.82,4,2025-08-07 00:00:00,2025-12-15 00:00:00,Silver,Drama
3435,Ben Meyer,Germany,Essen,49.19,6,2025-03-28 00:00:00,2025-09-20 00:00:00,Silver,Blues
3436,Wolfgang Schröder,Germany,Cologne,31.69,5,2020-03-11 00:00:00,2020-09-20 00:00:00,Bronze,Alternative & Punk
3437,Felipe Rodrigues,Brazil,Rio de Janeiro,2.98,1,2025-12-27 00:00:00,2025-12-27 00:00:00,Bronze,Rock
3438,Oscar Taylor,United Kingdom,Coventry,75.58000000000001,14,2020-10-15 00:00:00,2022-06-20 00:00:00,Gold,Classical
3439,Pedro Silva,Portugal,Setúbal,43.86,7,2024-01-06 00:00:00,2024-05-15 00:00:00,Silver,Alternative & Punk
3440,Alice Lefebvre,France,Nice,58.489999999999995,8,2024-09-28 00:00:00,2025-06-21 00:00:00,Silver,Pop
3441,Alexandre Morel,France,Lille,74.27000000000001,14,2021-01-04 00:00:00,2022-05-21 00:00:00,Gold,Latin
3442,João Gomes,Portugal,Agualva-Cacém,42.57,6,2024-04-27 00:00:00,2024-12-09 00:00:00,Silver,Rock
3443,Arthur Lima,Brazil,São Paulo,167.47,21,2023-04-26 00:00:00,2025-10-07 00:00:00,Platinum,Metal
3444,Oliver Robinson,United Kingdom,London,90.69000000000001,11,2024-12-21 00:00:00,2025-12-12 00:00:00,Gold,Rock
3445,Sharon Thompson,USA,Houston,44.36,7,2023-12-24 00:00:00,2024-11-10 00:00:00,Silver,Rock
3446,Patricia Nelson,USA,Los Angeles,104.10000000000001,16,2021-02-11 00:00:00,2022-09-28 00:00:00,Platinum,Latin
3447,Beatriz Ribeiro,Brazil,Rio de Janeiro,,0,,,Bronze,
3448,Oliver Mitchell,Australia,Gold Coast,156.42000000000002,20,2023-07-08 00:00:00,2025-03-21 00:00:00,Platinum,Alternative & Punk
3449,Tom Renard,Belgium,Charleroi,31.96,6,2024-08-28 00:00:00,2025-02-14 00:00:00,Bronze,Rock
3450,Olivia Johnson,United Kingdom,London,37.410000000000004,6,2024-04-28 00:00:00,2024-11-02 00:00:00,Bronze,Latin
3451,Gabriel Souza,Brazil,Rio de Janeiro,89.16,13,2022-12-24 00:00:00,2024-02-27 00:00:00,Gold,Rock
3452,Noah Nilsen,Norway,Stavanger,82.02000000000001,13,2024-08-21 00:00:00,2025-12-25 00:00:00,Gold,Metal
3453,Elijah Thomas,Canada,Winnipeg,52.32,7,2024-09-03 00:00:00,2025-02-18 00:00:00,Silver,Rock
3454,Maria Almeida,Brazil,Manaus,39.58,6,2023-10-03 00:00:00,2024-04-14 00:00:00,Bronze,Rock
3455,Charlie Thomas,United Kingdom,Belfast,2.98,1,2025-12-13 00:00:00,2025-12-13 00:00:00,Bronze,Rock
3456,Amelia MacDonald,Canada,Vancouver,234.39999999999995,34,2021-12-19 00:00:00,2025-07-05 00:00:00,Platinum,Latin
3457,Julien Lefebvre,France,Lille,69.01,12,2022-10-06 00:00:00,2023-11-01 00:00:00,Gold,Rock
3458,Viktor Hansson,Sweden,Stockholm,192.89999999999998,23,2020-03-28 00:00:00,2022-10-20 00:00:00,Platinum,Drama
3459,Barbara White,USA,Fort Worth,85.44,8,2025-05-02 00:00:00,2025-12-19 00:00:00,Gold,Metal
3460,Isak Berg,Norway,Fredrikstad,46.53,8,2023-09-09 00:00:00,2024-08-27 00:00:00,Silver,Rock
3461,Elias Laine,Finland,Oulu,80.57,12,2023-05-16 00:00:00,2024-05-20 00:00:00,Gold,Rock
3462,Oliver Jackson,United Kingdom,Cardiff,90.44,12,2022-09-24 00:00:00,2023-11-27 00:00:00,Gold,Rock
3463,Francesco Rizzo,Italy,Genoa,20.86,3,2025-11-03 00:00:00,2025-12-16 00:00:00,Bronze,Rock
3464,Leon Schmidt,Germany,Düsseldorf,52.660000000000004,6,2025-03-09 00:00:00,2025-12-06 00:00:00,Silver,Latin
3465,Liam Eriksen,Norway,Kristiansand,74.82000000000001,9,2024-01-28 00:00:00,2024-09-26 00:00:00,Gold,Rock
3466,Emma Lecomte,Belgium,Liège,161.91000000000003,21,2023-03-13 00:00:00,2025-10-03 00:00:00,Platinum,Metal
3467,Nicolas Dubois,France,Rennes,35.61,6,2023-03-16 00:00:00,2023-11-11 00:00:00,Bronze,Alternative & Punk
3468,Eduardo Lima,Brazil,Belém,53.410000000000004,7,2022-02-14 00:00:00,2022-09-28 00:00:00,Silver,Rock
3469,Diego Almeida,Brazil,Porto Alegre,34.18,6,2021-11-19 00:00:00,2022-05-04 00:00:00,Bronze,Rock
3470,Rahul Verma,India,Hyderabad,90.39999999999999,19,2020-07-20 00:00:00,2022-01-10 00:00:00,Gold,Rock
3471,James Gagnon,Canada,Laval,47.18999999999999,7,2025-01-01 00:00:00,2025-12-26 00:00:00,Silver,Jazz
3472,Regina Rivera,Mexico,Tijuana,86.42,10,2025-01-15 00:00:00,2025-12-14 00:00:00,Gold,Rock
3473,Nathan Moreau,France,Montpellier,37.589999999999996,6,2023-08-27 00:00:00,2024-04-02 00:00:00,Bronze,Blues
3474,David Green,USA,San Diego,82.74999999999999,13,2023-09-07 00:00:00,2024-12-10 00:00:00,Gold,Metal
3475,George Evans,United Kingdom,Cardiff,194.98,20,2020-10-21 00:00:00,2022-04-13 00:00:00,Platinum,Drama
3476,William Robinson,United Kingdom,Edinburgh,190.26999999999998,28,2022-11-03 00:00:00,2025-11-10 00:00:00,Platinum,Latin
3477,George Smith,United Kingdom,Brighton,53.849999999999994,8,2023-04-18 00:00:00,2024-01-27 00:00:00,Silver,Jazz
3478,Emily Anderson,Canada,Laval,67.05,10,2025-02-01 00:00:00,2025-12-03 00:00:00,Gold,Pop
3479,Sophie Clarke,Australia,Perth,58.620000000000005,6,2025-05-25 00:00:00,2025-11-04 00:00:00,Silver,Latin
3480,Florencia Álvarez,Argentina,Buenos Aires,61.01,9,2023-07-14 00:00:00,2024-05-27 00:00:00,Silver,Rock
3481,Martina González,Argentina,Tucumán,38.0,4,2023-11-16 00:00:00,2024-04-14 00:00:00,Bronze,Blues
3482,Mia Roy,Canada,Mississauga,55.75,11,2021-02-24 00:00:00,2022-04-06 00:00:00,Silver,Electronica/Dance
3483,Sofia Aguirre,Argentina,La Plata,23.98,5,2022-06-20 00:00:00,2022-09-22 00:00:00,Bronze,Latin
3484,Donald White,USA,San Antonio,87.91,11,2024-09-21 00:00:00,2025-12-14 00:00:00,Gold,Rock
3485,Valentina Martins,Brazil,Manaus,36.089999999999996,6,2022-10-24 00:00:00,2023-04-22 00:00:00,Bronze,Metal
3486,William Jakobsson,Sweden,Örebro,110.85999999999999,11,2023-03-16 00:00:00,2024-01-19 00:00:00,Platinum,TV Shows
3487,Anthony Young,USA,Columbus,76.66,5,2025-05-10 00:00:00,2025-09-16 00:00:00,Gold,TV Shows
3488,Jack Brown,Australia,Newcastle,78.24,12,2022-03-16 00:00:00,2023-03-26 00:00:00,Gold,Rock
3489,Jacob White,United Kingdom,Birmingham,75.98999999999998,8,2025-01-01 00:00:00,2025-10-28 00:00:00,Gold,Rock
3490,Emma Ricci,Italy,Genoa,61.49,9,2024-11-16 00:00:00,2025-12-11 00:00:00,Silver,Rock
3491,Benjamin Wright,United Kingdom,Bradford,,0,,,Bronze,
3492,Gabriele Colombo,Italy,Florence,6.54,1,2022-10-26 00:00:00,2022-10-26 00:00:00,Bronze,Rock
3493,Sarah Jones,USA,Charlotte,82.40999999999998,11,2024-06-24 00:00:00,2025-04-04 00:00:00,Gold,Latin
3494,Sofia Schneider,Germany,Stuttgart,56.300000000000004,10,2022-08-19 00:00:00,2023-11-15 00:00:00,Silver,Alternative & Punk
3495,Zofia Jankowski,Poland,Łódź,84.44999999999999,9,2021-08-09 00:00:00,2022-08-20 00:00:00,Gold,TV Shows
3496,Santiago Martínez,Argentina,Salta,46.53,8,2020-08-23 00:00:00,2021-10-23 00:00:00,Silver,Jazz
3497,Eva Novotný,Czech Republic,Brno,30.099999999999998,5,2024-11-24 00:00:00,2025-05-10 00:00:00,Bronze,Metal
3498,Inès Maes,Belgium,Bruges,67.48,11,2023-09-11 00:00:00,2024-08-16 00:00:00,Gold,Classical
3499,Oliver Jones,Australia,Cairns,44.940000000000005,5,2023-12-08 00:00:00,2024-05-04 00:00:00,Silver,Rock
3500,Camille Laurent,Belgium,Antwerp,61.040000000000006,9,2022-01-14 00:00:00,2022-12-14 00:00:00,Silver,World
3501,Łukasz Kwiatkowski,Poland,Warsaw,60.300000000000004,13,2020-09-13 00:00:00,2022-05-06 00:00:00,Silver,Electronica/Dance
3502,Richard Davis,USA,San Jose,32.78,4,2025-03-16 00:00:00,2025-07-23 00:00:00,Bronze,Rock
3503,Helena Fernandes,Brazil,Belo Horizonte,85.44,13,2021-11-17 00:00:00,2023-05-05 00:00:00,Gold,Heavy Metal
3504,Matthew Wright,USA,Portland,44.85000000000001,8,2021-03-28 00:00:00,2022-02-09 00:00:00,Silver,Rock
3505,Thomas Wood,United Kingdom,Cardiff,58.3,4,2023-08-02 00:00:00,2024-01-13 00:00:00,Silver,TV Shows
3506,Akari Suzuki,Japan,Kobe,74.9,11,2024-10-01 00:00:00,2025-12-28 00:00:00,Gold,Rock
3507,Ava Smith,Australia,Sydney,27.72,5,2021-05-22 00:00:00,2021-10-27 00:00:00,Bronze,R&B/Soul
3508,Ethan Simon,France,Bordeaux,179.24000000000007,25,2022-04-17 00:00:00,2025-05-13 00:00:00,Platinum,Rock
3509,Charles Thomas,USA,Louisville,79.14000000000001,12,2022-12-18 00:00:00,2024-02-08 00:00:00,Gold,Latin
3510,Andrew Wright,USA,Dallas,111.87,17,2022-05-25 00:00:00,2023-11-02 00:00:00,Platinum,Rock
3511,Noah Smith,Canada,Surrey,66.53999999999999,9,2022-07-12 00:00:00,2023-07-16 00:00:00,Gold,Rock
3512,Benjamin Bouchard,Canada,Mississauga,137.04999999999998,20,2023-04-14 00:00:00,2025-04-10 00:00:00,Platinum,Classical
3513,Amy Moore,USA,Seattle,67.32000000000001,7,2024-06-13 00:00:00,2025-03-09 00:00:00,Gold,Classical
3514,Pedro Pereira,Brazil,Belém,91.18,12,2024-12-06 00:00:00,2025-12-19 00:00:00,Gold,Metal
3515,Luciana Sosa,Argentina,Salta,45.550000000000004,9,2020-07-13 00:00:00,2021-08-28 00:00:00,Silver,Rock
3516,Hugo González,Spain,Bilbao,68.77,10,2023-10-26 00:00:00,2024-12-20 00:00:00,Gold,Alternative & Punk
3517,Neha Sharma,India,Chennai,120.33000000000001,22,2020-06-28 00:00:00,2022-07-08 00:00:00,Platinum,R&B/Soul
3518,Julia Jansen,Netherlands,Utrecht,49.65,7,2024-10-10 00:00:00,2025-04-18 00:00:00,Silver,Alternative & Punk
3519,Adam Garcia,France,Montpellier,89.11000000000001,15,2019-03-17 00:00:00,2020-11-03 00:00:00,Gold,Rock
3520,Rayan Peeters,Belgium,Leuven,67.05,9,2025-02-14 00:00:00,2025-11-13 00:00:00,Gold,Rock
3521,Liam Nielsen,Denmark,Aarhus,120.84000000000002,21,2019-12-28 00:00:00,2021-10-21 00:00:00,Platinum,Rock
3522,Anthony King,USA,Houston,38.61,8,2019-03-04 00:00:00,2019-12-09 00:00:00,Bronze,Jazz
3523,Melissa Garcia,USA,Fort Worth,118.53000000000002,16,2023-05-19 00:00:00,2025-06-15 00:00:00,Platinum,Electronica/Dance
3524,George Thomas,United Kingdom,Leicester,17.85,3,2023-07-07 00:00:00,2023-08-24 00:00:00,Bronze,Rock
3525,Mary Harris,USA,Austin,257.22,22,2021-06-22 00:00:00,2023-09-12 00:00:00,Platinum,TV Shows
3526,Ananya Reddy,India,Mumbai,281.3399999999999,36,2022-07-13 00:00:00,2025-12-13 00:00:00,Platinum,Classical
3527,Mariana Fernandes,Portugal,Agualva-Cacém,121.71,15,2023-08-26 00:00:00,2025-10-25 00:00:00,Platinum,Classical
3528,Mark Brown,USA,Los Angeles,224.87,27,2023-10-24 00:00:00,2025-11-02 00:00:00,Platinum,Rock
3529,Luca Klein,Germany,Bielefeld,27.25,4,2022-09-17 00:00:00,2022-12-22 00:00:00,Bronze,Rock
3530,Logan Johnson,Canada,Brampton,60.43,5,2024-06-02 00:00:00,2025-02-11 00:00:00,Silver,TV Shows
3531,Jackson Cote,Canada,Hamilton,30.92,5,2022-08-24 00:00:00,2023-02-02 00:00:00,Bronze,Rock
3532,Avery Lavoie,Canada,Gatineau,43.72,5,2025-04-09 00:00:00,2025-07-28 00:00:00,Silver,Metal
3533,Francesco Moretti,Italy,Venice,81.98000000000002,15,2022-01-19 00:00:00,2023-06-23 00:00:00,Gold,Metal
3534,Giulia Romano,Italy,Bari,43.56,8,2019-06-18 00:00:00,2020-02-28 00:00:00,Silver,Rock
3535,Lautaro Ramírez,Argentina,Salta,92.42,13,2024-04-02 00:00:00,2025-05-15 00:00:00,Gold,Rock
3536,Isidora Fuentes,Chile,Antofagasta,140.07999999999998,22,2021-10-09 00:00:00,2024-01-24 00:00:00,Platinum,Latin
3537,Sunita Mishra,India,Hyderabad,92.08999999999999,16,2019-07-10 00:00:00,2021-02-05 00:00:00,Gold,Rock
3538,Rebecca Jones,USA,Los Angeles,79.32000000000001,9,2024-01-09 00:00:00,2025-02-25 00:00:00,Gold,Blues
3539,Leonardo Lopes,Brazil,Belo Horizonte,101.81,19,2021-07-19 00:00:00,2024-01-28 00:00:00,Gold,Metal
3540,Noah Evans,United Kingdom,Glasgow,49.5,9,2020-04-02 00:00:00,2020-12-04 00:00:00,Silver,Rock
3541,Louis Bertrand,France,Saint-Étienne,99.55999999999999,13,2024-02-24 00:00:00,2025-04-14 00:00:00,Gold,Rock
3542,Lucas Vieira,Brazil,Salvador,29.049999999999997,5,2022-01-05 00:00:00,2023-01-14 00:00:00,Bronze,Rock
3543,Tim Schäfer,Germany,Munich,58.160000000000004,10,2021-10-04 00:00:00,2022-05-16 00:00:00,Silver,Pop
3544,Stefan Schröder,Germany,Düsseldorf,28.71,5,2021-03-13 00:00:00,2021-10-13 00:00:00,Bronze,Latin
3545,Lena Weber,Germany,Frankfurt,26.090000000000003,5,2023-10-14 00:00:00,2024-04-07 00:00:00,Bronze,Blues
3546,Benjamin Robinson,United Kingdom,Sheffield,46.19,6,2025-05-11 00:00:00,2025-12-24 00:00:00,Silver,Rock
3547,Diego Carvalho,Brazil,Belo Horizonte,44.21,7,2025-06-03 00:00:00,2025-12-26 00:00:00,Silver,Rock
3548,Balázs Tóth,Hungary,Miskolc,33.540000000000006,5,2024-05-02 00:00:00,2024-08-15 00:00:00,Bronze,Latin
3549,Elijah Robinson,Canada,Vancouver,51.66,7,2025-03-23 00:00:00,2025-11-26 00:00:00,Silver,Latin
3550,Helena Vieira,Brazil,Fortaleza,56.440000000000005,10,2020-06-08 00:00:00,2021-12-04 00:00:00,Silver,Rock
3551,Jade De Smedt,Belgium,Aalst,176.17999999999998,28,2020-09-28 00:00:00,2023-11-08 00:00:00,Platinum,Alternative & Punk
3552,Ava Fortin,Canada,Winnipeg,36.760000000000005,3,2025-10-09 00:00:00,2025-12-03 00:00:00,Bronze,Rock
3553,Raphael Michel,France,Angers,111.97,18,2022-09-18 00:00:00,2024-07-11 00:00:00,Platinum,Rock
3554,Laura Becker,Germany,Cologne,62.71000000000001,9,2023-12-17 00:00:00,2024-10-06 00:00:00,Silver,Rock
3555,Sebastian Taylor,Canada,Ottawa,53.099999999999994,8,2023-12-28 00:00:00,2024-10-19 00:00:00,Silver,Rock
3556,Martina Soto,Chile,Valparaíso,205.74,21,2021-07-04 00:00:00,2024-02-22 00:00:00,Platinum,Drama
3557,Isla Scott,Australia,Brisbane,59.82000000000001,5,2023-09-28 00:00:00,2024-04-02 00:00:00,Silver,TV Shows
3558,Anthony Davis,USA,San Antonio,15.469999999999999,2,2023-03-23 00:00:00,2023-04-09 00:00:00,Bronze,Rock
3559,Elias Nielsen,Denmark,Copenhagen,111.38999999999999,22,2020-01-01 00:00:00,2022-06-04 00:00:00,Platinum,Rock
3560,Julia Mayer,Austria,Innsbruck,61.38,11,2020-06-18 00:00:00,2021-09-24 00:00:00,Silver,Rock
3561,Ethan Lee,Canada,Montreal,75.72999999999999,12,2024-05-05 00:00:00,2025-02-15 00:00:00,Gold,Latin
3562,Riya Patel,India,Vadodara,29.78,4,2024-11-18 00:00:00,2025-01-13 00:00:00,Bronze,Rock
3563,Paul Müller,Germany,Leipzig,55.73999999999999,10,2023-03-25 00:00:00,2024-05-28 00:00:00,Silver,Latin
3564,Emily Taylor,Canada,Edmonton,17.88,3,2025-09-01 00:00:00,2025-12-13 00:00:00,Bronze,R&B/Soul
3565,Emma Thomas,France,Montpellier,56.35000000000001,8,2023-09-11 00:00:00,2024-04-21 00:00:00,Silver,Pop
3566,Theo Lopes,Brazil,Rio de Janeiro,144.63000000000005,25,2019-05-01 00:00:00,2023-01-10 00:00:00,Platinum,Metal
3567,William White,Australia,Geelong,63.370000000000005,12,2020-03-04 00:00:00,2021-08-07 00:00:00,Silver,Jazz
3568,Daniel Ruiz,Colombia,Bogotá,46.93,8,2023-08-24 00:00:00,2024-05-23 00:00:00,Silver,Metal
3569,Emma Navarro,Spain,Las Palmas,23.759999999999998,4,2020-01-22 00:00:00,2020-04-05 00:00:00,Bronze,Rock
3570,Jennifer Anderson,USA,New York,104.94999999999999,13,2024-05-13 00:00:00,2025-12-07 00:00:00,Platinum,Rock And Roll
3571,Mathias Hansen,Norway,Kristiansand,157.71999999999997,13,2023-01-06 00:00:00,2024-09-08 00:00:00,Platinum,Comedy
3572,Mariana Castillo,Colombia,Cartagena,40.599999999999994,9,2020-11-20 00:00:00,2021-07-02 00:00:00,Silver,Rock
3573,Adam Richard,France,Nantes,83.02000000000001,10,2022-04-03 00:00:00,2022-12-14 00:00:00,Gold,Reggae
3574,Melissa Thompson,USA,Las Vegas,128.27999999999997,18,2023-04-13 00:00:00,2024-09-28 00:00:00,Platinum,Rock
3575,Amy Nelson,USA,Indianapolis,30.69,9,2019-07-21 00:00:00,2020-05-28 00:00:00,Bronze,Rock
3576,Ágnes Mészáros,Hungary,Szombathely,50.92,6,2024-09-05 00:00:00,2025-01-15 00:00:00,Silver,Rock
3577,Robert Johnson,USA,Portland,76.34,11,2024-04-12 00:00:00,2025-04-16 00:00:00,Gold,Rock
3578,Benjamín Sosa,Argentina,Buenos Aires,72.15,11,2021-11-01 00:00:00,2022-12-25 00:00:00,Gold,Latin
3579,Lucas Young,Australia,Sydney,71.47000000000001,11,2022-04-15 00:00:00,2023-04-14 00:00:00,Gold,Alternative & Punk
3580,Lucas Sousa,Brazil,Salvador,41.6,9,2020-07-26 00:00:00,2021-07-09 00:00:00,Silver,Metal
3581,Linda Nelson,USA,San Diego,7.45,1,2025-04-06 00:00:00,2025-04-06 00:00:00,Bronze,Blues
3582,Elizabeth Roy,Canada,Winnipeg,53.27,10,2021-06-25 00:00:00,2022-01-26 00:00:00,Silver,Rock
3583,Lea Schwarz,Germany,Düsseldorf,43.67,5,2024-03-28 00:00:00,2024-09-22 00:00:00,Silver,Rock
3584,Maximilian Neumann,Germany,Dresden,14.17,2,2022-12-04 00:00:00,2022-12-18 00:00:00,Bronze,Rock
3585,Isla Robinson,United Kingdom,Bristol,46.300000000000004,10,2022-06-23 00:00:00,2023-08-21 00:00:00,Silver,Metal
3586,Vikram Reddy,India,Thane,10.9,2,2022-01-17 00:00:00,2022-02-11 00:00:00,Bronze,Rock
3587,Borbála Tóth,Hungary,Pécs,17.82,3,2020-12-26 00:00:00,2021-04-18 00:00:00,Bronze,Rock
3588,Beatrice Bianchi,Italy,Bologna,45.56000000000001,8,2021-03-12 00:00:00,2021-12-06 00:00:00,Silver,Metal
3589,Rahul Patel,India,Ahmedabad,53.93000000000001,8,2022-08-24 00:00:00,2023-07-05 00:00:00,Silver,Reggae
3590,Finn Bauer,Germany,Düsseldorf,49.169999999999995,5,2025-08-20 00:00:00,2025-11-28 00:00:00,Silver,Rock
3591,Mateo Díaz,Spain,Málaga,5.95,1,2019-05-14 00:00:00,2019-05-14 00:00:00,Bronze,Rock
3592,Charles Davis,USA,Denver,54.46,10,2020-01-02 00:00:00,2021-01-01 00:00:00,Silver,Latin
3593,Felipe Alves,Brazil,Recife,52.48,10,2019-10-18 00:00:00,2020-08-12 00:00:00,Silver,Rock
3594,Valeria González,Spain,Palma,64.36,11,2022-09-20 00:00:00,2023-11-03 00:00:00,Silver,Rock
3595,João Santos,Portugal,Coimbra,81.38000000000001,14,2023-12-25 00:00:00,2025-03-03 00:00:00,Gold,Rock
3596,Charlie Watson,United Kingdom,Coventry,70.64,8,2025-03-28 00:00:00,2025-11-23 00:00:00,Gold,Sci Fi & Fantasy
3597,Matheus Carvalho,Brazil,Salvador,82.55999999999999,13,2021-05-07 00:00:00,2022-08-06 00:00:00,Gold,Rock
3598,Isabella MacDonald,Canada,Mississauga,189.02999999999997,24,2023-10-27 00:00:00,2025-11-28 00:00:00,Platinum,Alternative & Punk
3599,Benjamin Silva,Brazil,Goiânia,44.57,8,2020-10-02 00:00:00,2021-06-05 00:00:00,Silver,Rock
3600,Martina Procházka,Czech Republic,Ostrava,41.42,5,2022-07-12 00:00:00,2022-11-25 00:00:00,Silver,Latin
3601,Joseph Wright,USA,Nashville,94.32,12,2024-03-21 00:00:00,2025-09-11 00:00:00,Gold,Rock
3602,Charlotte Roy,Canada,Surrey,37.79,4,2020-04-20 00:00:00,2020-09-27 00:00:00,Bronze,TV Shows
3603,Sophia Lee,Canada,Vaughan,86.05,12,2024-02-03 00:00:00,2025-03-21 00:00:00,Gold,Latin
3604,Olivia Andersen,Norway,Sarpsborg,17.259999999999998,3,2023-12-14 00:00:00,2024-01-04 00:00:00,Bronze,Rock
3605,Samuel Davies,United Kingdom,Sunderland,34.650000000000006,7,2020-12-05 00:00:00,2021-07-22 00:00:00,Bronze,Metal
3606,Mary Nelson,USA,Portland,107.97000000000001,11,2024-11-23 00:00:00,2025-12-24 00:00:00,Platinum,Alternative & Punk
3607,Evelyn Clarke,Canada,Saskatoon,23.4,4,2022-12-09 00:00:00,2023-03-28 00:00:00,Bronze,Reggae
3608,Laura Klein,Germany,Wuppertal,94.41,15,2022-07-15 00:00:00,2024-05-07 00:00:00,Gold,Rock
3609,Richard Moore,USA,Denver,36.64,6,2019-09-02 00:00:00,2020-02-12 00:00:00,Bronze,Rock
3610,Finn Klein,Germany,Leipzig,73.29,9,2023-03-01 00:00:00,2024-01-14 00:00:00,Gold,Reggae
3611,Paul Nelson,USA,Jacksonville,64.16000000000001,7,2024-10-18 00:00:00,2025-09-26 00:00:00,Silver,Metal
3612,Thomas Hill,USA,Charlotte,59.400000000000006,11,2020-03-12 00:00:00,2021-02-28 00:00:00,Silver,Alternative & Punk
3613,Patrick Walsh,Ireland,Bray,76.57000000000001,10,2024-11-07 00:00:00,2025-12-16 00:00:00,Gold,Rock
3614,Manuela Souza,Brazil,Rio de Janeiro,104.25,16,2021-11-13 00:00:00,2023-03-09 00:00:00,Platinum,Rock
3615,Caio Lopes,Brazil,São Luís,114.75999999999999,11,2024-03-28 00:00:00,2024-12-01 00:00:00,Platinum,Drama
3616,André Alves,Portugal,Amadora,105.14,15,2023-01-24 00:00:00,2024-04-18 00:00:00,Platinum,Rock
3617,Ádám Varga,Hungary,Érd,56.620000000000005,6,2025-02-28 00:00:00,2025-10-28 00:00:00,Silver,R&B/Soul
3618,Cynthia Williams,USA,Philadelphia,92.60000000000001,16,2022-01-24 00:00:00,2023-09-10 00:00:00,Gold,Rock
3619,Elijah Fortin,Canada,Ottawa,73.32,10,2023-09-10 00:00:00,2024-08-15 00:00:00,Gold,Reggae
3620,Olivia Niemi,Finland,Kuopio,159.06000000000003,26,2021-08-28 00:00:00,2024-07-17 00:00:00,Platinum,Jazz
3621,Robert Nelson,USA,Phoenix,46.19,6,2025-05-25 00:00:00,2025-12-18 00:00:00,Silver,Rock
3622,Donald Thomas,USA,San Antonio,56.06999999999999,8,2023-09-13 00:00:00,2024-10-11 00:00:00,Silver,Rock
3623,Emil Haugen,Norway,Trondheim,129.45999999999998,17,2024-03-06 00:00:00,2025-09-22 00:00:00,Platinum,Latin
3624,Joshua Brown,USA,Baltimore,76.93999999999998,12,2024-02-20 00:00:00,2025-03-28 00:00:00,Gold,Rock
3625,Inès Moreau,France,Toulouse,44.2,6,2024-09-14 00:00:00,2025-05-14 00:00:00,Silver,Electronica/Dance
3626,Paul Young,USA,Portland,48.04,8,2021-08-16 00:00:00,2022-05-28 00:00:00,Silver,Rock
3627,Eva Černý,Czech Republic,Brno,6.26,1,2024-12-20 00:00:00,2024-12-20 00:00:00,Bronze,Blues
3628,Liam Simon,France,Reims,72.66,13,2021-12-16 00:00:00,2023-05-20 00:00:00,Gold,Jazz
3629,Bruno Gomes,Brazil,Fortaleza,,0,,,Bronze,
3630,Diya Sharma,India,Visakhapatnam,127.19000000000001,16,2024-03-11 00:00:00,2025-12-09 00:00:00,Platinum,Alternative & Punk
3631,Alexandre Bertrand,France,Paris,94.21000000000001,12,2024-01-01 00:00:00,2025-05-02 00:00:00,Gold,Latin
3632,Anna Bauer,Austria,Salzburg,27.26,4,2022-12-11 00:00:00,2023-02-07 00:00:00,Bronze,Rock
3633,Aadhya Pandey,India,Vadodara,121.94000000000001,21,2020-12-28 00:00:00,2022-12-09 00:00:00,Platinum,Jazz
3634,Ella Robinson,United Kingdom,Coventry,68.08,7,2023-02-27 00:00:00,2024-01-16 00:00:00,Gold,TV Shows
3635,Daniel Ramírez,Colombia,Medellín,79.95,9,2024-09-20 00:00:00,2025-08-07 00:00:00,Gold,Jazz
3636,Marie Müller,Austria,Sankt Pölten,141.20999999999998,15,2019-07-03 00:00:00,2020-12-14 00:00:00,Platinum,TV Shows
3637,John White,USA,Houston,36.44,5,2024-10-03 00:00:00,2025-02-22 00:00:00,Bronze,Rock
3638,Martina Šimánek,Czech Republic,Ostrava,48.52,8,2019-10-19 00:00:00,2020-08-03 00:00:00,Silver,Rock
3639,Manuela Lima,Brazil,Brasília,33.65,5,2024-09-24 00:00:00,2025-01-17 00:00:00,Bronze,Rock
3640,Sharon Hill,USA,Denver,159.71,22,2022-08-11 00:00:00,2025-03-01 00:00:00,Platinum,Rock
3641,Thomas Flores,USA,San Antonio,59.099999999999994,9,2024-08-26 00:00:00,2025-05-24 00:00:00,Silver,Rock
3642,Nicolas Simon,France,Dijon,35.37,4,2024-11-24 00:00:00,2025-04-10 00:00:00,Bronze,Metal
3643,Pedro Ribeiro,Brazil,Campinas,30.439999999999998,5,2022-12-13 00:00:00,2023-07-04 00:00:00,Bronze,Rock
3644,Lena Steiner,Austria,Linz,127.74000000000001,20,2021-06-05 00:00:00,2023-05-07 00:00:00,Platinum,Rock
3645,Ethan Michel,France,Nantes,39.99,6,2024-01-14 00:00:00,2024-05-15 00:00:00,Silver,Rock
3646,Alexandre Thomas,France,Marseille,53.49000000000001,8,2024-06-08 00:00:00,2025-04-12 00:00:00,Silver,Alternative & Punk
3647,Lukáš Zelenka,Czech Republic,Olomouc,71.03000000000002,12,2021-03-25 00:00:00,2022-05-19 00:00:00,Gold,Rock
3648,Vihaan Nair,India,Kolkata,132.17000000000002,10,2023-04-22 00:00:00,2024-05-17 00:00:00,Platinum,Drama
3649,Zoe Morel,France,Nantes,11.61,2,2024-03-11 00:00:00,2024-05-05 00:00:00,Bronze,Latin
3650,Rodrigo Fernandes,Brazil,Manaus,106.46,18,2021-03-27 00:00:00,2022-12-02 00:00:00,Platinum,Jazz
3651,Susan Wilson,USA,San Jose,57.44,10,2019-09-26 00:00:00,2020-10-05 00:00:00,Silver,Latin
3652,Jackson Anderson,Canada,Vaughan,78.47,14,2021-07-25 00:00:00,2023-02-20 00:00:00,Gold,Rock
3653,Gustavo Ferreira,Brazil,Goiânia,38.7,6,2024-03-10 00:00:00,2024-09-05 00:00:00,Bronze,Latin
3654,Daniel Johnson,USA,Phoenix,7.45,1,2025-12-13 00:00:00,2025-12-13 00:00:00,Bronze,Alternative & Punk
3655,Melissa Moore,USA,Indianapolis,161.33999999999997,19,2024-04-06 00:00:00,2025-11-17 00:00:00,Platinum,Rock
3656,Borbála Papp,Hungary,Győr,239.88,37,2021-10-27 00:00:00,2025-12-22 00:00:00,Platinum,Rock
3657,Hugo Morel,France,Rennes,85.15,15,2019-07-18 00:00:00,2021-02-13 00:00:00,Gold,Rock
3658,Sofia MacDonald,Canada,Edmonton,67.83,11,2023-03-22 00:00:00,2023-12-25 00:00:00,Gold,Rock
3659,Susan King,USA,Las Vegas,132.69999999999996,21,2020-01-13 00:00:00,2021-11-02 00:00:00,Platinum,Jazz
3660,Avery Tremblay,Canada,Laval,124.49,18,2022-09-16 00:00:00,2024-05-04 00:00:00,Platinum,Latin
3661,Jack Wright,United Kingdom,London,139.63,22,2019-03-04 00:00:00,2021-02-07 00:00:00,Platinum,Rock
3662,Leo Dubois,France,Montpellier,97.81,14,2024-09-02 00:00:00,2025-12-23 00:00:00,Gold,Rock
3663,Amy Wright,USA,Chicago,171.14,25,2022-05-03 00:00:00,2025-03-18 00:00:00,Platinum,Alternative & Punk
3664,Matias Laine,Finland,Oulu,34.269999999999996,5,2025-04-25 00:00:00,2025-10-09 00:00:00,Bronze,Metal
3665,Stefan Brandstätter,Austria,Innsbruck,35.760000000000005,4,2025-05-08 00:00:00,2025-10-07 00:00:00,Bronze,Blues
3666,Donald Torres,USA,San Antonio,121.56000000000002,10,2024-12-15 00:00:00,2025-09-27 00:00:00,Platinum,TV Shows
3667,Valdemar Larsen,Denmark,Aalborg,138.28,25,2020-04-10 00:00:00,2023-04-04 00:00:00,Platinum,Latin
3668,Rayan Janssen,Belgium,Brussels,143.89999999999998,16,2020-10-24 00:00:00,2022-09-09 00:00:00,Platinum,TV Shows
3669,Thomas Brown,USA,Louisville,25.66,5,2021-12-06 00:00:00,2022-05-28 00:00:00,Bronze,Rock
3670,Elizabeth King,USA,Nashville,116.02000000000001,13,2024-10-17 00:00:00,2025-11-20 00:00:00,Platinum,Rock
3671,Isabella Thomas,Canada,Vaughan,34.65,7,2020-12-12 00:00:00,2021-08-20 00:00:00,Bronze,Rock
3672,Anika Patel,India,Jaipur,61.72,10,2021-04-04 00:00:00,2022-09-08 00:00:00,Silver,Metal
3673,Baptiste Morel,France,Nantes,192.9,24,2023-05-23 00:00:00,2025-12-13 00:00:00,Platinum,Alternative & Punk
3674,Mason Martin,Canada,Mississauga,37.63,6,2019-04-11 00:00:00,2020-02-20 00:00:00,Bronze,Latin
3675,Beatriz Sousa,Portugal,Setúbal,49.52,9,2020-09-04 00:00:00,2021-09-10 00:00:00,Silver,Rock
3676,Karen Nguyen,USA,Memphis,72.41000000000001,11,2023-04-21 00:00:00,2024-08-18 00:00:00,Gold,Rock
3677,Ashley Martin,USA,Las Vegas,46.559999999999995,9,2020-07-28 00:00:00,2021-02-12 00:00:00,Silver,Latin
3678,Robert Anderson,USA,Austin,7.45,1,2025-12-09 00:00:00,2025-12-09 00:00:00,Bronze,Latin
3679,Jessica Martin,USA,Charlotte,49.51,9,2020-03-07 00:00:00,2020-12-04 00:00:00,Silver,Latin
3680,Suresh Patel,India,Chennai,21.8,4,2022-02-20 00:00:00,2022-05-20 00:00:00,Bronze,Rock
3681,Mariana Martins,Portugal,Braga,60.29,8,2024-12-01 00:00:00,2025-10-08 00:00:00,Silver,Rock And Roll
3682,James Thomas,USA,Dallas,37.57999999999999,7,2022-12-28 00:00:00,2023-09-07 00:00:00,Bronze,Alternative & Punk
3683,Elizabeth Nguyen,USA,San Diego,68.63000000000001,7,2024-11-07 00:00:00,2025-04-08 00:00:00,Gold,Rock
3684,Harper Robinson,Canada,Laval,118.71,20,2022-05-07 00:00:00,2024-02-21 00:00:00,Platinum,Rock
3685,Inês Oliveira,Portugal,Almada,52.849999999999994,8,2022-11-22 00:00:00,2023-07-03 00:00:00,Silver,Rock
3686,Karen Thompson,USA,Austin,28.730000000000004,5,2021-03-28 00:00:00,2021-10-25 00:00:00,Bronze,Rock
3687,Léa Michel,Belgium,Leuven,22.78,3,2021-10-14 00:00:00,2022-01-22 00:00:00,Bronze,Latin
3688,Lucie Svoboda,Czech Republic,Brno,86.17,11,2024-02-14 00:00:00,2025-06-03 00:00:00,Gold,Rock
3689,Louise Robert,France,Reims,28.979999999999997,3,2023-12-25 00:00:00,2024-04-13 00:00:00,Bronze,Rock
3690,Oliver Wright,Australia,Wollongong,38.1,6,2023-08-06 00:00:00,2024-01-28 00:00:00,Bronze,Rock
3691,Tommaso Moretti,Italy,Milan,64.36000000000001,12,2019-11-11 00:00:00,2020-10-28 00:00:00,Silver,Jazz
3692,Lea Auer,Austria,Vienna,81.44000000000001,11,2024-12-15 00:00:00,2025-11-20 00:00:00,Gold,Rock
3693,Bartosz Krawczyk,Poland,Gdańsk,60.830000000000005,10,2021-09-04 00:00:00,2022-12-05 00:00:00,Silver,Alternative & Punk
3694,Saanvi Sharma,India,Indore,33.85,4,2024-10-04 00:00:00,2025-02-19 00:00:00,Bronze,Alternative & Punk
3695,Barbara Williams,USA,Nashville,51.15,8,2024-11-21 00:00:00,2025-11-21 00:00:00,Silver,Latin
3696,Sebastian Tremblay,Canada,Montreal,172.59,23,2023-05-24 00:00:00,2025-06-13 00:00:00,Platinum,Rock
3697,Robert Taylor,USA,Portland,24.31,4,2023-12-27 00:00:00,2024-11-08 00:00:00,Bronze,Alternative & Punk
3698,William Taylor,Canada,Vaughan,307.21999999999997,26,2022-05-10 00:00:00,2025-04-23 00:00:00,Platinum,Drama
3699,Miguel Ribeiro,Portugal,Braga,96.83000000000001,12,2023-02-12 00:00:00,2024-05-08 00:00:00,Gold,Rock
3700,Kathleen Wilson,USA,Baltimore,187.04,19,2021-03-21 00:00:00,2023-03-17 00:00:00,Platinum,Comedy
3701,Amy Allen,USA,Philadelphia,74.28,14,2020-05-28 00:00:00,2021-12-15 00:00:00,Gold,Classical
3702,Francesco Romano,Italy,Florence,134.08,26,2021-04-08 00:00:00,2023-08-10 00:00:00,Platinum,Rock
3703,Linda Wright,USA,Memphis,190.68999999999997,26,2023-07-22 00:00:00,2025-12-28 00:00:00,Platinum,Rock
3704,Lucas Thomas,France,Bordeaux,70.55000000000001,9,2020-07-09 00:00:00,2021-05-23 00:00:00,Gold,Comedy
3705,Benjamin Costa,Brazil,Belo Horizonte,75.12,13,2021-09-23 00:00:00,2023-02-05 00:00:00,Gold,Latin
3706,Jacob White,United Kingdom,Brighton,57.620000000000005,7,2025-04-23 00:00:00,2025-12-28 00:00:00,Silver,Latin
3707,Jennifer Hill,USA,Louisville,92.18,14,2021-11-10 00:00:00,2023-05-20 00:00:00,Gold,Heavy Metal
3708,Louis Durand,France,Paris,10.9,2,2020-04-22 00:00:00,2020-05-15 00:00:00,Bronze,Latin
3709,Louis Bernard,France,Nice,105.88000000000001,10,2022-05-28 00:00:00,2023-10-16 00:00:00,Platinum,Comedy
3710,Isabella Leblanc,Canada,Laval,62.15,7,2024-06-10 00:00:00,2025-01-15 00:00:00,Silver,Latin
3711,Elizabeth Fortin,Canada,Ottawa,50.06,6,2024-10-17 00:00:00,2025-04-07 00:00:00,Silver,Rock
3712,Paula Fernández,Argentina,Buenos Aires,94.19000000000003,13,2023-11-22 00:00:00,2025-01-28 00:00:00,Gold,Rock
3713,Cian Moore,Ireland,Dublin,30.4,6,2021-07-18 00:00:00,2022-01-12 00:00:00,Bronze,Hip Hop/Rap
3714,Lukas Klein,Germany,Düsseldorf,80.22,14,2019-07-13 00:00:00,2021-02-18 00:00:00,Gold,Latin
3715,Sean Kennedy,Ireland,Dublin,77.47999999999999,11,2025-01-15 00:00:00,2025-12-06 00:00:00,Gold,Rock
3716,Jackson Gagnon,Canada,Saskatoon,57.42,8,2022-12-24 00:00:00,2023-06-23 00:00:00,Silver,Rock
3717,Leo David,France,Strasbourg,66.24,8,2024-11-26 00:00:00,2025-08-14 00:00:00,Gold,Sci Fi & Fantasy
3718,Isabela Oliveira,Brazil,Manaus,58.81,8,2022-07-27 00:00:00,2023-02-08 00:00:00,Silver,Rock
3719,Jonas Meyer,Germany,Berlin,26.18,4,2023-06-15 00:00:00,2023-09-20 00:00:00,Bronze,Rock
3720,Joshua Green,USA,New York,77.88,12,2023-06-21 00:00:00,2024-06-27 00:00:00,Gold,Classical
3721,Veronika Hájek,Czech Republic,Prague,78.58,11,2023-10-15 00:00:00,2024-09-18 00:00:00,Gold,Latin
3722,Thomas Johnson,United Kingdom,Liverpool,19.35,3,2024-07-28 00:00:00,2024-09-09 00:00:00,Bronze,Rock
3723,Evelyn Tremblay,Canada,Winnipeg,89.94999999999999,6,2024-06-27 00:00:00,2024-12-10 00:00:00,Gold,Drama
3724,Aada Salo,Finland,Kuopio,110.22,14,2023-07-07 00:00:00,2024-09-14 00:00:00,Platinum,Metal
3725,Lea Schneider,Germany,Essen,98.10000000000001,18,2021-04-18 00:00:00,2023-03-18 00:00:00,Gold,Rock
3726,Sophia Thomas,Canada,Montreal,126.33,22,2022-05-05 00:00:00,2024-07-19 00:00:00,Platinum,Metal
3727,Wolfgang Schulz,Germany,Duisburg,109.02,19,2020-03-09 00:00:00,2022-02-04 00:00:00,Platinum,Alternative & Punk
3728,Matthew Harris,USA,Nashville,64.36,12,2020-04-18 00:00:00,2021-04-10 00:00:00,Silver,Rock
3729,Logan Smith,Canada,Vancouver,28.709999999999997,4,2019-07-03 00:00:00,2019-09-19 00:00:00,Bronze,Rock
3730,Susan Williams,USA,Columbus,55.46,10,2019-02-02 00:00:00,2020-03-23 00:00:00,Silver,Rock
3731,Jakub Kozłowski,Poland,Wrocław,5.95,1,2021-08-28 00:00:00,2021-08-28 00:00:00,Bronze,R&B/Soul
3732,Daan De Groot,Netherlands,Almere,83.46000000000001,8,2025-04-16 00:00:00,2025-12-15 00:00:00,Gold,World
3733,Sofia Roy,Canada,Markham,44.69,7,2022-03-05 00:00:00,2022-09-11 00:00:00,Silver,Metal
3734,Agustín Sánchez,Argentina,Tucumán,,0,,,Bronze,
3735,Lucas Martín,Spain,Zaragoza,77.24000000000001,15,2020-10-14 00:00:00,2022-03-01 00:00:00,Gold,Alternative & Punk
3736,Kevin Taylor,USA,Columbus,167.04000000000002,25,2022-12-24 00:00:00,2025-12-23 00:00:00,Platinum,Alternative & Punk
3737,Karen Jones,USA,New York,22.519999999999996,3,2023-07-11 00:00:00,2023-08-27 00:00:00,Bronze,Rock
3738,Matthew Smith,USA,Denver,93.41000000000001,16,2022-05-18 00:00:00,2024-05-28 00:00:00,Gold,Rock
3739,Freddie Walker,United Kingdom,Bristol,107.39,9,2023-11-04 00:00:00,2024-05-21 00:00:00,Platinum,Drama
3740,Aoife Smith,Ireland,Dublin,38.14,7,2021-08-13 00:00:00,2022-03-28 00:00:00,Bronze,Rock
3741,Theo Almeida,Brazil,Curitiba,39.61,7,2020-09-25 00:00:00,2021-03-18 00:00:00,Silver,Blues
3742,Anika Sharma,India,Hyderabad,81.35,9,2024-12-28 00:00:00,2025-09-13 00:00:00,Gold,Rock
3743,Sofia Taylor,Canada,Montreal,61.09,9,2023-06-27 00:00:00,2024-01-02 00:00:00,Silver,Alternative & Punk
3744,Sarah White,USA,Philadelphia,102.67999999999999,12,2024-07-03 00:00:00,2025-10-01 00:00:00,Gold,Alternative
3745,Clement Roux,France,Nice,41.56999999999999,6,2023-07-20 00:00:00,2024-02-25 00:00:00,Silver,Latin
3746,Elizabeth Robinson,Canada,Vancouver,43.86000000000001,7,2024-03-08 00:00:00,2024-11-05 00:00:00,Silver,Rock
3747,Charles Davis,USA,Memphis,96.14,17,2023-03-01 00:00:00,2024-11-04 00:00:00,Gold,Classical
3748,Leo Lefebvre,France,Nice,42.38000000000001,6,2024-01-11 00:00:00,2024-05-22 00:00:00,Silver,Rock
3749,Elijah MacDonald,Canada,Vaughan,99.23,14,2022-01-08 00:00:00,2023-07-01 00:00:00,Gold,Rock
3750,Sebastian Wilson,Canada,Winnipeg,72.89,9,2022-10-03 00:00:00,2023-05-17 00:00:00,Gold,Metal
3751,Finn Walsh,Ireland,Dublin,51.28000000000001,8,2023-04-24 00:00:00,2024-02-15 00:00:00,Silver,Rock
3752,Barbara Scott,USA,Memphis,219.59000000000003,34,2021-01-28 00:00:00,2024-12-11 00:00:00,Platinum,Rock
3753,Emma Schulz,Germany,Berlin,32.47,4,2024-10-14 00:00:00,2025-03-12 00:00:00,Bronze,Metal
3754,Valeria Navarro,Spain,Valencia,96.70000000000002,15,2022-12-28 00:00:00,2024-02-01 00:00:00,Gold,Rock
3755,Sara Ricci,Italy,Milan,122.87,19,2022-08-28 00:00:00,2024-03-28 00:00:00,Platinum,Rock
3756,Aada Niemi,Finland,Oulu,64.22999999999999,8,2024-04-22 00:00:00,2025-03-03 00:00:00,Silver,Latin
3757,Caio Gomes,Brazil,Fortaleza,57.12,9,2023-02-10 00:00:00,2023-10-21 00:00:00,Silver,Alternative & Punk
3758,Benjamín Acosta,Argentina,Mar del Plata,2.58,1,2024-02-20 00:00:00,2024-02-20 00:00:00,Bronze,Rock
3759,Sofia Costa,Brazil,Campinas,35.64,7,2019-03-10 00:00:00,2020-03-12 00:00:00,Bronze,Rock
3760,Hannah Klein,Germany,Dresden,35.970000000000006,6,2022-04-04 00:00:00,2022-07-05 00:00:00,Bronze,Metal
3761,Beatriz Ribeiro,Portugal,Funchal,110.91,15,2023-06-15 00:00:00,2024-08-21 00:00:00,Platinum,Rock
3762,Bruno Barbosa,Brazil,Brasília,152.34,19,2023-04-20 00:00:00,2025-04-18 00:00:00,Platinum,Metal
3763,Lucas Fernandes,Brazil,São Paulo,99.21999999999998,15,2023-02-04 00:00:00,2024-08-12 00:00:00,Gold,Blues
3764,Richard Wilson,USA,Chicago,82.41000000000001,13,2021-03-26 00:00:00,2022-06-21 00:00:00,Gold,Rock
3765,Amanda Martin,USA,San Diego,93.87,11,2024-11-12 00:00:00,2025-12-24 00:00:00,Gold,Latin
3766,Maximilian Müller,Germany,Berlin,131.10999999999999,19,2022-10-09 00:00:00,2024-07-18 00:00:00,Platinum,Rock
3767,Isla Walker,United Kingdom,Bristol,41.42,7,2022-05-06 00:00:00,2022-10-08 00:00:00,Silver,Rock
3768,Nuno Martins,Portugal,Viseu,40.37,8,2023-01-21 00:00:00,2023-09-27 00:00:00,Silver,Rock
3769,Ignacio Morales,Chile,Concepción,38.739999999999995,4,2025-05-17 00:00:00,2025-12-17 00:00:00,Bronze,Rock
3770,Maxime Petit,France,Nice,84.32000000000001,12,2023-03-06 00:00:00,2024-04-10 00:00:00,Gold,Alternative & Punk
3771,Bence Kovács,Hungary,Nyíregyháza,88.6,12,2023-08-15 00:00:00,2024-08-28 00:00:00,Gold,Latin
3772,Sophia Lee,Canada,Toronto,58.88000000000001,11,2022-01-01 00:00:00,2023-05-13 00:00:00,Silver,Latin
3773,Harry Wood,United Kingdom,Sunderland,21.919999999999998,3,2023-11-21 00:00:00,2024-02-15 00:00:00,Bronze,Latin
3774,Zoe Morel,France,Reims,8.94,1,2025-12-17 00:00:00,2025-12-17 00:00:00,Bronze,Metal
3775,Zoe Smith,Australia,Melbourne,88.11999999999999,16,2020-01-28 00:00:00,2021-06-10 00:00:00,Gold,Rock
3776,Logan Anderson,Canada,Vaughan,79.21,7,2022-08-06 00:00:00,2023-05-25 00:00:00,Gold,TV Shows
3777,Aleksandra Nowakowski,Poland,Łódź,59.42,10,2019-08-03 00:00:00,2020-01-27 00:00:00,Silver,Alternative & Punk
3778,Thomas Torres,USA,San Antonio,45.76,5,2024-09-27 00:00:00,2025-01-20 00:00:00,Silver,Rock
3779,Kevin Garcia,USA,Philadelphia,168.60999999999999,22,2024-01-22 00:00:00,2025-09-28 00:00:00,Platinum,Rock
3780,Liam Henry,Belgium,Bruges,133.87000000000003,24,2020-04-05 00:00:00,2022-03-13 00:00:00,Platinum,Alternative & Punk
3781,Baptiste Michel,France,Montpellier,129.19,24,2020-12-05 00:00:00,2023-07-22 00:00:00,Platinum,Rock
3782,Beatrice Russo,Italy,Venice,7.45,1,2025-08-17 00:00:00,2025-08-17 00:00:00,Bronze,Rock
3783,Felix Schäfer,Germany,Dortmund,75.8,10,2021-11-14 00:00:00,2022-08-03 00:00:00,Gold,Metal
3784,John Hill,USA,Fort Worth,22.61,5,2023-05-23 00:00:00,2023-10-01 00:00:00,Bronze,Rock
3785,Thomas Williams,United Kingdom,Cardiff,174.25999999999996,28,2019-06-28 00:00:00,2021-10-14 00:00:00,Platinum,Metal
3786,Oscar Johnson,United Kingdom,Birmingham,75.1,10,2023-06-02 00:00:00,2024-05-28 00:00:00,Gold,Rock
3787,Amanda Flores,USA,San Jose,192.68,28,2022-04-08 00:00:00,2025-05-17 00:00:00,Platinum,R&B/Soul
3788,Hannah Neumann,Germany,Bochum,105.21,12,2024-12-21 00:00:00,2025-11-08 00:00:00,Platinum,Rock
3789,Maëlys Renard,Belgium,Ghent,58.589999999999996,8,2022-10-25 00:00:00,2023-10-28 00:00:00,Silver,Rock
3790,Andrea Conti,Italy,Florence,78.22999999999999,11,2020-01-18 00:00:00,2021-04-22 00:00:00,Gold,Alternative & Punk
3791,Emma Larsen,Norway,Oslo,119.55000000000004,17,2020-11-13 00:00:00,2022-08-20 00:00:00,Platinum,Rock
3792,Matheus Costa,Brazil,Campinas,121.58,23,2020-06-27 00:00:00,2023-04-25 00:00:00,Platinum,Rock
3793,Monika Horáček,Czech Republic,Liberec,65.14,8,2024-05-06 00:00:00,2025-03-28 00:00:00,Silver,Rock And Roll
3794,Molly Magnusson,Sweden,Helsingborg,125.91,16,2023-10-07 00:00:00,2024-12-11 00:00:00,Platinum,Metal
3795,Jennifer Wright,USA,Louisville,43.209999999999994,5,2025-01-18 00:00:00,2025-06-13 00:00:00,Silver,Blues
3796,Jan Pokorný,Czech Republic,České Budějovice,166.47999999999996,23,2023-08-21 00:00:00,2025-11-07 00:00:00,Platinum,Latin
3797,Matheus Souza,Brazil,Goiânia,96.07,13,2023-11-21 00:00:00,2025-04-14 00:00:00,Gold,Rock
3798,Cian Lynch,Ireland,Waterford,47.26,7,2024-06-11 00:00:00,2025-01-07 00:00:00,Silver,Rock
3799,Ethan Tremblay,Canada,Laval,136.67,20,2022-09-17 00:00:00,2025-11-21 00:00:00,Platinum,Rock
3800,Anthony Jackson,USA,Houston,89.94,15,2022-07-06 00:00:00,2024-01-28 00:00:00,Gold,R&B/Soul
3801,Inês Sousa,Portugal,Lisbon,16.39,3,2025-04-21 00:00:00,2025-06-26 00:00:00,Bronze,Latin
3802,Andrew Nelson,USA,Columbus,75.86,9,2024-09-21 00:00:00,2025-06-10 00:00:00,Gold,Latin
3803,Amanda Thomas,USA,Nashville,37.62,6,2020-09-22 00:00:00,2021-04-20 00:00:00,Bronze,Rock
3804,Isabella Acosta,Argentina,San Juan,46.31999999999999,6,2023-01-11 00:00:00,2023-06-14 00:00:00,Silver,Rock
3805,Manuela Lopes,Brazil,Goiânia,30.84,6,2022-05-08 00:00:00,2023-03-26 00:00:00,Bronze,Rock
3806,Amelia Lee,Canada,Saskatoon,97.4,15,2023-09-05 00:00:00,2025-11-26 00:00:00,Gold,Rock
3807,Olivia Leblanc,Canada,Markham,142.72,21,2020-10-01 00:00:00,2022-07-11 00:00:00,Platinum,Rock
3808,Liam Anderson,Canada,Vancouver,34.29,7,2021-12-28 00:00:00,2022-06-13 00:00:00,Bronze,Rock
3809,Emily Thomas,United Kingdom,Edinburgh,9.9,2,2019-08-28 00:00:00,2019-09-21 00:00:00,Bronze,Rock
3810,Luca Müller,Austria,Dornbirn,9.03,1,2024-04-17 00:00:00,2024-04-17 00:00:00,Bronze,Jazz
3811,Liam Harris,Australia,Melbourne,40.23,4,2025-07-26 00:00:00,2025-12-17 00:00:00,Silver,Rock
3812,Julien Moreau,France,Angers,113.12000000000002,13,2024-09-02 00:00:00,2025-12-17 00:00:00,Platinum,Latin
3813,Veronika Šimánek,Czech Republic,Liberec,136.70000000000002,20,2022-01-25 00:00:00,2023-10-03 00:00:00,Platinum,Reggae
3814,Michael Schwarz,Germany,Dresden,94.07000000000001,10,2024-10-12 00:00:00,2025-11-05 00:00:00,Gold,Latin
3815,Pierre Durand,France,Nantes,23.39,2,2025-03-21 00:00:00,2025-04-21 00:00:00,Bronze,Sci Fi & Fantasy
3816,Rebecca Brown,USA,Nashville,94.44000000000001,16,2021-08-25 00:00:00,2023-01-05 00:00:00,Gold,Rock
3817,Maximilian Schäfer,Germany,Dortmund,32.29,4,2025-02-05 00:00:00,2025-10-16 00:00:00,Bronze,R&B/Soul
3818,Alexander Thompson,United Kingdom,Sunderland,56.25,4,2025-05-22 00:00:00,2025-07-20 00:00:00,Silver,TV Shows
3819,Isabella Thompson,United Kingdom,Coventry,8.72,1,2022-05-12 00:00:00,2022-05-12 00:00:00,Bronze,Latin
3820,Dawid Jankowski,Poland,Wrocław,43.3,5,2024-12-22 00:00:00,2025-05-11 00:00:00,Silver,Alternative & Punk
3821,Louis Fournier,France,Bordeaux,97.60999999999999,15,2024-01-22 00:00:00,2025-12-28 00:00:00,Gold,Metal
3822,Linda Williams,USA,Austin,89.94999999999999,15,2022-12-28 00:00:00,2024-04-22 00:00:00,Gold,Metal
3823,Charlotte Lee,Australia,Canberra,147.68,25,2022-07-28 00:00:00,2024-05-05 00:00:00,Platinum,Soundtrack
3824,Susan Flores,USA,Jacksonville,83.45,12,2023-11-25 00:00:00,2024-12-15 00:00:00,Gold,Latin
3825,Ashley Garcia,USA,Las Vegas,138.08,18,2023-11-10 00:00:00,2025-04-13 00:00:00,Platinum,Rock
3826,Lucas David,France,Lille,61.09,7,2025-06-24 00:00:00,2025-12-28 00:00:00,Silver,Blues
3827,Louise Fournier,France,Reims,26.09,5,2023-01-16 00:00:00,2023-04-20 00:00:00,Bronze,Rock
3828,Karen Nguyen,USA,Charlotte,113.53999999999999,18,2022-04-02 00:00:00,2024-04-09 00:00:00,Platinum,Latin
3829,Ricardo Gomes,Portugal,Lisbon,69.48,9,2024-04-02 00:00:00,2025-03-22 00:00:00,Gold,Rock
3830,Maxime Simon,France,Dijon,52.78,8,2023-06-10 00:00:00,2024-03-07 00:00:00,Silver,Rock
3831,Sofie Olsen,Norway,Tromsø,171.24,29,2020-10-21 00:00:00,2024-01-22 00:00:00,Platinum,Rock
3832,Deepak Pandey,India,Nagpur,202.42000000000004,30,2021-04-01 00:00:00,2024-07-04 00:00:00,Platinum,Jazz
3833,Paul Adams,USA,Dallas,37.4,6,2023-05-27 00:00:00,2024-05-01 00:00:00,Bronze,Rock
3834,John Adams,USA,Baltimore,50.379999999999995,6,2024-10-16 00:00:00,2025-03-20 00:00:00,Silver,TV Shows
3835,Liam Vincent,France,Saint-Étienne,40.23,5,2025-05-04 00:00:00,2025-10-21 00:00:00,Silver,Alternative & Punk
3836,Barbara Moore,USA,San Diego,84.57999999999998,11,2024-02-25 00:00:00,2025-01-14 00:00:00,Gold,Rock
3837,Jade Maes,Belgium,Antwerp,62.379999999999995,9,2024-11-28 00:00:00,2025-07-26 00:00:00,Silver,Rock
3838,Jade Lefebvre,France,Toulon,62.709999999999994,4,2024-07-17 00:00:00,2024-12-08 00:00:00,Silver,TV Shows
3839,Camille Simon,France,Toulon,36.19,6,2022-12-14 00:00:00,2023-05-23 00:00:00,Bronze,Rock
3840,William Allen,USA,San Antonio,9.81,2,2022-04-28 00:00:00,2022-05-28 00:00:00,Bronze,Classical
3841,Emily Garcia,USA,San Jose,4.36,2,2022-06-19 00:00:00,2022-06-28 00:00:00,Bronze,Alternative & Punk
3842,Ethan Thomas,Canada,Laval,12.39,3,2022-11-14 00:00:00,2023-03-22 00:00:00,Bronze,Blues
3843,Jan Schäfer,Germany,Berlin,387.29,36,2022-06-05 00:00:00,2025-10-23 00:00:00,Platinum,Science Fiction
3844,Valentina Souza,Brazil,Guarulhos,217.41000000000005,30,2023-06-01 00:00:00,2025-12-19 00:00:00,Platinum,Rock
3845,Rebecca Hill,USA,Dallas,85.38,12,2024-05-15 00:00:00,2025-12-18 00:00:00,Gold,Latin
3846,Amy Torres,USA,Indianapolis,23.84,2,2025-09-23 00:00:00,2025-10-28 00:00:00,Bronze,Rock
3847,Ashley Garcia,USA,Houston,17.88,3,2025-04-25 00:00:00,2025-07-28 00:00:00,Bronze,Latin
3848,Aino Korhonen,Finland,Espoo,59.410000000000004,12,2020-04-08 00:00:00,2021-08-09 00:00:00,Silver,Blues
3849,Hugo Carvalho,Portugal,Amadora,100.6,15,2023-05-14 00:00:00,2024-11-14 00:00:00,Gold,Alternative & Punk
3850,Amanda Adams,USA,Columbus,39.61,7,2020-02-18 00:00:00,2020-07-04 00:00:00,Silver,Rock
3851,Aarav Bose,India,Bhopal,94.26,15,2022-01-10 00:00:00,2023-05-04 00:00:00,Gold,Metal
3852,Thomas Thomas,France,Lyon,48.75,5,2019-04-12 00:00:00,2019-08-01 00:00:00,Silver,TV Shows
3853,William Jansson,Sweden,Uppsala,44.69,8,2022-01-15 00:00:00,2022-12-01 00:00:00,Silver,Latin
3854,Elizabeth Garcia,USA,Phoenix,58.42,10,2019-11-28 00:00:00,2021-01-04 00:00:00,Silver,Rock
3855,Patricia Young,USA,San Diego,156.74999999999997,21,2023-07-28 00:00:00,2025-12-24 00:00:00,Platinum,Rock
3856,Felipe Sousa,Brazil,Goiânia,46.25,6,2024-03-11 00:00:00,2024-07-02 00:00:00,Silver,Rock
3857,Franco Rodríguez,Argentina,Buenos Aires,109.04,16,2022-10-19 00:00:00,2024-09-19 00:00:00,Platinum,Rock
3858,Joshua Thomas,USA,Phoenix,32.7,6,2022-05-15 00:00:00,2022-09-19 00:00:00,Bronze,Rock
3859,Maximilian Hoffmann,Germany,Leipzig,18.81,5,2021-01-28 00:00:00,2021-04-28 00:00:00,Bronze,Classical
3860,Matheus Ferreira,Brazil,Belo Horizonte,37.63,7,2020-04-05 00:00:00,2020-12-21 00:00:00,Bronze,Rock
3861,Alice Barbosa,Brazil,Fortaleza,91.99,12,2023-04-18 00:00:00,2025-02-16 00:00:00,Gold,Rock
3862,Florencia Fernández,Argentina,Santa Fe,35.99999999999999,7,2023-07-06 00:00:00,2024-01-23 00:00:00,Bronze,Rock
3863,Sofia Jesus,Portugal,Agualva-Cacém,40.59,8,2021-04-02 00:00:00,2021-09-26 00:00:00,Silver,Metal
3864,Mia Brown,Canada,Saskatoon,137.80999999999997,21,2023-05-14 00:00:00,2025-02-22 00:00:00,Platinum,Rock
3865,Kiara Kumar,India,Ahmedabad,214.53999999999994,30,2022-05-09 00:00:00,2025-12-15 00:00:00,Platinum,Rock
3866,Máté Lakatos,Hungary,Győr,54.339999999999996,9,2022-10-13 00:00:00,2023-05-27 00:00:00,Silver,Rock
3867,Sophia Lavoie,Canada,Toronto,64.22,9,2024-03-16 00:00:00,2025-01-17 00:00:00,Silver,Metal
3868,Agustín Sosa,Argentina,Santa Fe,32.29,3,2025-11-17 00:00:00,2025-12-28 00:00:00,Bronze,Rock
3869,Charles Allen,USA,Columbus,108.91,16,2024-06-26 00:00:00,2025-08-21 00:00:00,Platinum,Blues
3870,Isabela Sousa,Brazil,Campinas,120.41,18,2021-11-07 00:00:00,2023-06-26 00:00:00,Platinum,Jazz
3871,Emma Gallo,Italy,Genoa,22.39,4,2021-10-19 00:00:00,2022-04-04 00:00:00,Bronze,Metal
3872,Andrew Miller,USA,San Antonio,37.14,6,2021-07-28 00:00:00,2022-01-07 00:00:00,Bronze,Rock
3873,Amy Davis,USA,Fort Worth,59.4,10,2019-08-08 00:00:00,2020-08-08 00:00:00,Silver,Alternative & Punk
3874,Diya Gupta,India,Pune,43.86,7,2024-02-21 00:00:00,2024-09-12 00:00:00,Silver,Rock
3875,Emma Bianchi,Italy,Genoa,66.78,10,2023-08-24 00:00:00,2024-04-27 00:00:00,Gold,Alternative & Punk
3876,Robert Thomas,USA,Chicago,33.36,4,2024-11-21 00:00:00,2025-04-03 00:00:00,Bronze,Rock
3877,Andre Rodrigues,Brazil,Curitiba,16.830000000000002,3,2020-12-28 00:00:00,2021-06-08 00:00:00,Bronze,Rock
3878,William Harris,USA,Las Vegas,49.18000000000001,7,2022-12-25 00:00:00,2023-06-28 00:00:00,Silver,Latin
3879,Maxime Bernard,France,Nîmes,335.3199999999999,52,2020-12-10 00:00:00,2025-12-28 00:00:00,Platinum,Alternative & Punk
3880,Melissa Flores,USA,Columbus,18.23,4,2021-12-28 00:00:00,2022-04-21 00:00:00,Bronze,R&B/Soul
3881,Emily Jackson,USA,Nashville,151.92,16,2024-07-13 00:00:00,2025-09-08 00:00:00,Platinum,Metal
3882,Anna Schneider,Germany,Munich,34.65,7,2020-04-10 00:00:00,2020-12-28 00:00:00,Bronze,Rock
3883,Alexandre Simon,France,Rennes,31.69,5,2020-06-08 00:00:00,2020-10-28 00:00:00,Bronze,Rock
3884,Jack Walker,United Kingdom,Leeds,130.28,17,2024-07-15 00:00:00,2025-12-04 00:00:00,Platinum,Rock
3885,Diogo Silva,Portugal,Funchal,64.31,12,2021-11-08 00:00:00,2022-12-06 00:00:00,Silver,Rock And Roll
3886,Sophia Taylor,Canada,Calgary,19.369999999999997,2,2025-09-12 00:00:00,2025-10-07 00:00:00,Bronze,Metal
3887,Aiden MacDonald,Canada,Saskatoon,97.21,14,2023-03-28 00:00:00,2024-06-13 00:00:00,Gold,Rock
3888,Alexandre Dubois,France,Montpellier,25.740000000000002,6,2021-01-18 00:00:00,2021-10-16 00:00:00,Bronze,Rock
3889,Dieter Schröder,Germany,Dortmund,10.43,1,2025-12-12 00:00:00,2025-12-12 00:00:00,Bronze,Rock
3890,Paul Weber,Germany,Düsseldorf,32.71,7,2022-03-15 00:00:00,2022-07-05 00:00:00,Bronze,Rock
3891,Ethan Tremblay,Canada,Saskatoon,178.7,24,2023-05-13 00:00:00,2025-11-21 00:00:00,Platinum,Metal
3892,Emma Colombo,Italy,Catania,137.27999999999997,17,2023-08-22 00:00:00,2025-12-13 00:00:00,Platinum,Rock
3893,Henry Walker,Australia,Canberra,,0,,,Bronze,
3894,Linda Williams,USA,Jacksonville,50.65999999999999,6,2025-07-19 00:00:00,2025-11-21 00:00:00,Silver,Rock
3895,William Torres,USA,Charlotte,126.21000000000001,12,2024-10-23 00:00:00,2025-09-25 00:00:00,Platinum,Drama
3896,Thomas Wilson,United Kingdom,Leicester,24.33,4,2024-12-27 00:00:00,2025-09-25 00:00:00,Bronze,Rock
3897,Astrid Johnsen,Norway,Tromsø,42.02,7,2022-07-15 00:00:00,2023-01-03 00:00:00,Silver,Rock
3898,Charles Moore,USA,Fort Worth,36.120000000000005,4,2024-05-10 00:00:00,2024-09-23 00:00:00,Bronze,Rock
3899,Kathleen Johnson,USA,Chicago,32.68,5,2020-06-27 00:00:00,2021-01-03 00:00:00,Bronze,Latin
3900,Matthew Allen,USA,Austin,39.24,7,2022-01-28 00:00:00,2022-07-06 00:00:00,Bronze,Rock
3901,Davi Martins,Brazil,Brasília,109.25999999999999,14,2024-10-25 00:00:00,2025-12-26 00:00:00,Platinum,Rock
3902,Sofia Nielsen,Denmark,Aalborg,164.03000000000003,21,2020-12-24 00:00:00,2022-07-05 00:00:00,Platinum,Jazz
3903,Vikram Patel,India,Hyderabad,24.69,4,2021-11-11 00:00:00,2022-05-02 00:00:00,Bronze,Rock
3904,Olivia Johannessen,Norway,Trondheim,70.19,9,2024-06-17 00:00:00,2025-09-06 00:00:00,Gold,Rock
3905,Isabella Silva,Chile,La Serena,18.81,4,2019-11-20 00:00:00,2020-04-15 00:00:00,Bronze,Alternative & Punk
3906,Amanda Williams,USA,Portland,131.68,26,2019-06-23 00:00:00,2021-04-05 00:00:00,Platinum,Rock
3907,Stefan Wagner,Germany,Stuttgart,160.41,22,2023-10-07 00:00:00,2025-08-02 00:00:00,Platinum,Metal
3908,Maximiliano Hernández,Chile,Santiago,17.85,2,2023-10-13 00:00:00,2023-11-23 00:00:00,Bronze,Latin
3909,Balázs Kiss,Hungary,Érd,50.49000000000001,9,2019-09-11 00:00:00,2020-06-18 00:00:00,Silver,Metal
3910,Elias Jönsson,Sweden,Uppsala,59.11,7,2025-03-16 00:00:00,2025-12-05 00:00:00,Silver,Rock
3911,Valdemar Rasmussen,Denmark,Frederiksberg,127.14,19,2021-09-25 00:00:00,2023-04-12 00:00:00,Platinum,Rock
3912,Vikram Kumar,India,Thane,25.07,4,2022-06-06 00:00:00,2022-09-01 00:00:00,Bronze,Rock
3913,Emily Hill,USA,Phoenix,39.64,7,2021-12-23 00:00:00,2022-09-05 00:00:00,Silver,Latin
3914,Paul Nguyen,USA,Denver,76.19,13,2021-09-18 00:00:00,2022-12-07 00:00:00,Gold,Latin
3915,Filip Kristiansen,Norway,Trondheim,99.50999999999999,12,2024-08-11 00:00:00,2025-12-24 00:00:00,Gold,Rock
3916,Sharon Nguyen,USA,Las Vegas,28.869999999999997,4,2023-09-28 00:00:00,2024-03-12 00:00:00,Bronze,Rock
3917,Heitor Ribeiro,Brazil,Belo Horizonte,105.97,15,2024-07-09 00:00:00,2025-12-21 00:00:00,Platinum,Rock
3918,Logan Brown,Canada,London,77.36000000000001,14,2020-11-14 00:00:00,2022-06-23 00:00:00,Gold,Rock
3919,Martina Martínez,Chile,Chillán,78.85,14,2022-09-14 00:00:00,2024-01-17 00:00:00,Gold,Jazz
3920,Paul Miller,USA,Jacksonville,111.87000000000002,17,2022-10-15 00:00:00,2024-05-28 00:00:00,Platinum,Latin
3921,Lily Watson,United Kingdom,Coventry,73.47,8,2024-08-28 00:00:00,2025-03-16 00:00:00,Gold,Rock
3922,Emil Kristiansen,Norway,Trondheim,127.97,20,2021-07-16 00:00:00,2023-08-22 00:00:00,Platinum,Rock
3923,Charlotte Smith,Canada,Toronto,32.25,5,2024-05-19 00:00:00,2024-12-24 00:00:00,Bronze,Rock
3924,William Thomas,USA,Memphis,78.97,8,2025-02-22 00:00:00,2025-12-09 00:00:00,Gold,Rock
3925,Linda Thompson,USA,Charlotte,112.64,14,2024-08-28 00:00:00,2025-12-23 00:00:00,Platinum,Rock
3926,Helena Pereira,Brazil,São Luís,31.29,3,2025-11-12 00:00:00,2025-12-21 00:00:00,Bronze,R&B/Soul
3927,Sharon Flores,USA,Louisville,106.98000000000002,15,2023-08-26 00:00:00,2024-12-26 00:00:00,Platinum,Rock
3928,Nicolas Simon,France,Bordeaux,59.870000000000005,5,2021-11-06 00:00:00,2022-03-07 00:00:00,Silver,TV Shows
3929,Luca Fischer,Germany,Stuttgart,185.23,30,2021-09-19 00:00:00,2024-12-28 00:00:00,Platinum,Rock
3930,Liam Nilsen,Norway,Bergen,25.8,2,2024-03-19 00:00:00,2024-05-28 00:00:00,Bronze,Alternative & Punk
3931,Ben Richter,Germany,Bremen,91.48999999999998,10,2021-03-28 00:00:00,2021-12-28 00:00:00,Gold,Drama
3932,Jack Williams,United Kingdom,Manchester,38.61,7,2020-11-03 00:00:00,2021-06-17 00:00:00,Bronze,Jazz
3933,Emil Kristiansen,Norway,Bergen,28.34,4,2022-03-14 00:00:00,2022-06-28 00:00:00,Bronze,Rock
3934,Giulia Greco,Italy,Turin,261.10999999999996,38,2020-09-12 00:00:00,2024-05-09 00:00:00,Platinum,Rock
3935,Sofia Lee,Canada,Saskatoon,102.89,17,2023-03-19 00:00:00,2025-01-02 00:00:00,Platinum,Rock
3936,Valentina Díaz,Chile,Santiago,101.29999999999998,14,2024-10-11 00:00:00,2025-11-19 00:00:00,Gold,Alternative & Punk
3937,Sophia Robinson,Canada,Montreal,14.94,1,2025-08-21 00:00:00,2025-08-21 00:00:00,Bronze,TV Shows
3938,Camille Michel,France,Grenoble,84.13999999999999,10,2024-10-25 00:00:00,2025-10-01 00:00:00,Gold,Rock
3939,Diego López,Spain,Zaragoza,92.46,12,2023-06-16 00:00:00,2025-01-06 00:00:00,Gold,Rock
3940,Ciara Gallagher,Ireland,Dundalk,115.25000000000001,15,2019-09-23 00:00:00,2021-01-12 00:00:00,Platinum,Sci Fi & Fantasy
3941,Luca Bauer,Germany,Düsseldorf,137.06,19,2023-08-08 00:00:00,2025-05-21 00:00:00,Platinum,Pop
3942,Nicolas Dubois,France,Lille,126.05,19,2020-03-27 00:00:00,2022-03-13 00:00:00,Platinum,Rock
3943,Tom Thomas,Belgium,Mons,65.28000000000002,10,2023-06-11 00:00:00,2024-03-05 00:00:00,Silver,Latin
3944,Mary Williams,USA,Baltimore,211.64999999999998,30,2022-05-07 00:00:00,2025-07-10 00:00:00,Platinum,Blues
3945,Zoe Lefebvre,France,Nice,66.56,11,2025-02-08 00:00:00,2025-12-27 00:00:00,Gold,Latin
3946,Borbála Farkas,Hungary,Kecskemét,91.71000000000001,14,2022-08-05 00:00:00,2023-05-07 00:00:00,Gold,Rock
3947,Nicolas Bernard,France,Lille,87.73,12,2023-11-17 00:00:00,2025-01-28 00:00:00,Gold,Rock
3948,Chloe Garcia,France,Angers,35.76,3,2025-10-09 00:00:00,2025-12-28 00:00:00,Bronze,Jazz
3949,Thomas Martin,USA,Charlotte,47.68,6,2025-05-20 00:00:00,2025-12-28 00:00:00,Silver,Metal
3950,Emma Robert,France,Bordeaux,85.70999999999998,11,2024-11-13 00:00:00,2025-12-28 00:00:00,Gold,Alternative & Punk
3951,Noah Tremblay,Canada,Edmonton,66.56,8,2025-04-07 00:00:00,2025-10-20 00:00:00,Gold,Rock
3952,George Johnson,United Kingdom,Edinburgh,47.38999999999999,8,2022-07-21 00:00:00,2023-05-14 00:00:00,Silver,Electronica/Dance
3953,Oscar Hansson,Sweden,Västerås,101.47000000000001,12,2024-04-18 00:00:00,2025-02-13 00:00:00,Gold,Rock
3954,Michael Schulz,Germany,Berlin,86.94,15,2022-03-06 00:00:00,2023-08-07 00:00:00,Gold,Alternative & Punk
3955,Ethan Lavoie,Canada,London,34.9,5,2022-09-05 00:00:00,2022-12-04 00:00:00,Bronze,Rock
3956,Astrid Thomsen,Denmark,Randers,26.73,4,2020-12-26 00:00:00,2021-04-25 00:00:00,Bronze,Rock
3957,Abigail Martin,Canada,Edmonton,33.67,8,2019-12-19 00:00:00,2020-08-01 00:00:00,Bronze,Rock
3958,Leonardo Barbosa,Brazil,Salvador,179.23000000000002,30,2022-04-12 00:00:00,2025-01-28 00:00:00,Platinum,Rock
3959,Lea Petit,France,Reims,142.67999999999998,17,2023-08-04 00:00:00,2025-01-22 00:00:00,Platinum,Rock
3960,Alfie Wright,United Kingdom,Sunderland,15.260000000000002,3,2022-06-27 00:00:00,2022-10-19 00:00:00,Bronze,Rock
3961,Theo Pereira,Brazil,Fortaleza,29.71,6,2020-08-18 00:00:00,2021-03-09 00:00:00,Bronze,Metal
3962,Daniel Johnson,United Kingdom,Bristol,79.19999999999999,14,2020-08-05 00:00:00,2021-09-08 00:00:00,Gold,Rock
3963,Sunita Mehta,India,Indore,71.03,9,2025-01-28 00:00:00,2025-07-25 00:00:00,Gold,Rock
3964,Gabriel Almeida,Brazil,Porto Alegre,,0,,,Bronze,
3965,Noah Taylor,Canada,Hamilton,16.64,3,2021-09-21 00:00:00,2022-02-16 00:00:00,Bronze,Metal
3966,Máté Mészáros,Hungary,Debrecen,82.18,12,2023-11-25 00:00:00,2025-03-18 00:00:00,Gold,Reggae
3967,Camille Lecomte,Belgium,Mons,63.59000000000001,11,2021-06-28 00:00:00,2022-07-05 00:00:00,Silver,R&B/Soul
3968,Andrea Rossi,Italy,Naples,149.57999999999998,16,2024-06-03 00:00:00,2025-12-20 00:00:00,Platinum,Metal
3969,Harper Clarke,Canada,Vancouver,54.63999999999999,7,2025-03-22 00:00:00,2025-12-08 00:00:00,Silver,Rock
3970,Donald Garcia,USA,Denver,74.31000000000002,13,2021-05-22 00:00:00,2022-10-28 00:00:00,Gold,Latin
3971,Joseph Thompson,USA,Denver,19.810000000000002,3,2019-12-19 00:00:00,2020-01-27 00:00:00,Bronze,Rock
3972,Susan Nelson,USA,San Jose,270.03999999999996,36,2022-01-20 00:00:00,2025-06-06 00:00:00,Platinum,Rock
3973,Charlotte Walker,Australia,Sunshine Coast,102.49,18,2021-06-18 00:00:00,2023-12-25 00:00:00,Gold,Electronica/Dance
3974,Ricardo Rodrigues,Portugal,Coimbra,47.68,7,2025-06-11 00:00:00,2025-11-24 00:00:00,Silver,Rock
3975,Baptiste David,France,Strasbourg,79.22000000000003,13,2020-01-14 00:00:00,2021-04-11 00:00:00,Gold,Latin
3976,Jessica Adams,USA,Baltimore,54.010000000000005,9,2022-05-28 00:00:00,2023-01-06 00:00:00,Silver,Rock
3977,Benjamin Bouchard,Canada,Hamilton,62.779999999999994,10,2021-01-07 00:00:00,2022-02-07 00:00:00,Silver,Latin
3978,Benjamin Ribeiro,Brazil,Manaus,166.14999999999998,25,2021-11-15 00:00:00,2024-03-19 00:00:00,Platinum,Pop
3979,Sofia Leblanc,Canada,Calgary,42.1,6,2021-06-05 00:00:00,2022-01-28 00:00:00,Silver,Latin
3980,Maxime Richard,France,Dijon,123.28999999999999,19,2023-02-12 00:00:00,2024-10-12 00:00:00,Platinum,Jazz
3981,Andrew Flores,USA,Dallas,181.37000000000003,25,2023-04-18 00:00:00,2025-05-10 00:00:00,Platinum,Rock
3982,Emily Jackson,United Kingdom,Edinburgh,91.5,17,2020-04-24 00:00:00,2022-02-07 00:00:00,Gold,Blues
3983,Isabela Vieira,Brazil,Fortaleza,80.49000000000001,11,2022-04-28 00:00:00,2023-06-27 00:00:00,Gold,Metal
3984,Finn Schmidt,Germany,Frankfurt,49.150000000000006,7,2024-10-27 00:00:00,2025-06-06 00:00:00,Silver,R&B/Soul
3985,Daniel Ruiz,Spain,Madrid,39.620000000000005,7,2021-04-18 00:00:00,2022-03-07 00:00:00,Silver,Rock
3986,Viktor Eriksson,Sweden,Linköping,93.08999999999999,13,2023-12-20 00:00:00,2025-02-24 00:00:00,Gold,Rock
3987,Melissa Wilson,USA,Austin,116.86999999999998,12,2024-07-06 00:00:00,2025-11-03 00:00:00,Platinum,Metal
3988,Donald Martin,USA,San Diego,148.94,20,2023-03-11 00:00:00,2025-03-10 00:00:00,Platinum,Latin
3989,Nathan Bertrand,France,Bordeaux,35.76,4,2025-07-22 00:00:00,2025-09-26 00:00:00,Bronze,Rock
3990,Lucas Costa,Brazil,Porto Alegre,167.26999999999995,24,2022-11-21 00:00:00,2025-04-11 00:00:00,Platinum,Rock
3991,Liam Gagnon,Canada,Montreal,78.33,13,2022-10-24 00:00:00,2023-11-28 00:00:00,Gold,Rock
3992,Mateo Valenzuela,Chile,Concepción,74.46,11,2022-03-18 00:00:00,2023-05-17 00:00:00,Gold,Latin
3993,Noah White,Australia,Hobart,67.08999999999999,10,2023-06-27 00:00:00,2025-02-09 00:00:00,Gold,Latin
3994,Leonardo Rodrigues,Brazil,Manaus,44.209999999999994,6,2025-05-22 00:00:00,2025-10-23 00:00:00,Silver,Hip Hop/Rap
3995,Rebecca Flores,USA,Dallas,32.68,6,2021-03-04 00:00:00,2021-08-22 00:00:00,Bronze,Rock
3996,Noah Jones,Australia,Darwin,101.79,10,2024-07-28 00:00:00,2025-07-16 00:00:00,Gold,Rock
3997,Amy Garcia,USA,Denver,10.43,2,2025-05-09 00:00:00,2025-07-01 00:00:00,Bronze,Blues
3998,Paul Wilson,USA,Seattle,66.77000000000001,11,2021-08-18 00:00:00,2022-10-09 00:00:00,Gold,Alternative & Punk
3999,Sofia Wilson,Canada,Gatineau,59.410000000000004,13,2019-06-25 00:00:00,2020-12-05 00:00:00,Silver,Rock
4000,Myra Joshi,India,Jaipur,204.68999999999997,15,2024-08-08 00:00:00,2025-12-27 00:00:00,Platinum,Comedy
4001,Rebecca Garcia,USA,Charlotte,24.75,6,2019-04-11 00:00:00,2019-11-15 00:00:00,Bronze,Rock
4002,Arthur Souza,Brazil,Belém,214.91000000000003,26,2023-05-09 00:00:00,2025-10-28 00:00:00,Platinum,Metal
4003,Maximilian Müller,Germany,Dortmund,55.51999999999999,9,2024-09-23 00:00:00,2025-08-07 00:00:00,Silver,Rock
4004,William Hill,USA,Phoenix,42.38,6,2024-01-28 00:00:00,2024-09-17 00:00:00,Silver,Rock
4005,Edward Davies,United Kingdom,Sheffield,93.54,13,2024-07-08 00:00:00,2025-12-14 00:00:00,Gold,Electronica/Dance
4006,James Robinson,Canada,Vancouver,12.919999999999998,2,2025-05-20 00:00:00,2025-06-02 00:00:00,Bronze,Alternative & Punk
4007,Joseph Young,USA,Houston,67.33,12,2019-11-26 00:00:00,2021-02-03 00:00:00,Gold,Rock
4008,Olivia Robinson,Canada,Toronto,64.36000000000001,12,2020-10-28 00:00:00,2021-08-26 00:00:00,Silver,Alternative & Punk
4009,Liam Durand,France,Reims,103.42,18,2021-05-17 00:00:00,2023-01-24 00:00:00,Platinum,Rock
4010,Eduardo Sousa,Brazil,Guarulhos,93.03,11,2024-04-15 00:00:00,2025-04-10 00:00:00,Gold,Metal
4011,Eduardo Gomes,Brazil,Recife,56.790000000000006,10,2022-04-04 00:00:00,2023-04-17 00:00:00,Silver,R&B/Soul
4012,Linda White,USA,Los Angeles,63.07,9,2023-01-09 00:00:00,2023-08-28 00:00:00,Silver,Rock
4013,Veronika Horák,Czech Republic,Brno,54.67999999999999,6,2021-02-11 00:00:00,2021-05-26 00:00:00,Silver,Drama
4014,Emma Schmidt,Germany,Essen,55.269999999999996,8,2023-11-22 00:00:00,2024-07-18 00:00:00,Silver,Rock
4015,Jade Jacobs,Belgium,Aalst,74.35000000000001,11,2024-01-09 00:00:00,2025-12-08 00:00:00,Gold,Rock
4016,Isabella Espinoza,Chile,Talca,31.29,3,2025-09-11 00:00:00,2025-12-08 00:00:00,Bronze,Blues
4017,Baptiste Bertrand,France,Saint-Étienne,29.669999999999998,3,2024-09-28 00:00:00,2024-10-28 00:00:00,Bronze,Rock
4018,Kathleen Miller,USA,Fort Worth,7.449999999999999,2,2025-11-04 00:00:00,2025-11-28 00:00:00,Bronze,Metal
4019,Ashley King,USA,Nashville,81.04,16,2021-08-09 00:00:00,2023-04-09 00:00:00,Gold,Rock
4020,Adam Roux,France,Nîmes,57.28,7,2023-05-28 00:00:00,2024-02-01 00:00:00,Silver,Sci Fi & Fantasy
4021,Charlotte Wilson,Canada,Saskatoon,40.61,7,2019-10-03 00:00:00,2020-03-16 00:00:00,Silver,Rock
4022,Maria Ribeiro,Brazil,Curitiba,40.330000000000005,6,2022-05-11 00:00:00,2022-11-09 00:00:00,Silver,Rock
4023,Lucas Rodrigues,Brazil,Porto Alegre,63.58,8,2025-03-08 00:00:00,2025-11-28 00:00:00,Silver,Rock
4024,Martina Hájek,Czech Republic,Ústí nad Labem,126.3,16,2024-05-20 00:00:00,2025-11-28 00:00:00,Platinum,Latin
4025,Paul Wright,USA,Indianapolis,44.6,7,2022-04-28 00:00:00,2023-04-11 00:00:00,Silver,Rock
4026,David Jones,USA,Denver,102.44,14,2023-12-06 00:00:00,2025-05-22 00:00:00,Gold,Rock
4027,Nathan Petit,France,Nantes,100.23000000000002,11,2023-12-22 00:00:00,2025-02-06 00:00:00,Gold,Rock
4028,Andre Gomes,Brazil,Recife,45.61,7,2022-07-04 00:00:00,2023-03-18 00:00:00,Silver,Latin
4029,Santiago Silva,Chile,Santiago,56.51,11,2022-06-23 00:00:00,2023-04-12 00:00:00,Silver,Rock
4030,Sarah Taylor,USA,Houston,158.3,23,2021-05-18 00:00:00,2024-04-23 00:00:00,Platinum,Classical
4031,Lucas Fernandes,Brazil,Belém,94.05999999999999,12,2023-07-25 00:00:00,2024-09-06 00:00:00,Gold,R&B/Soul
4032,John Nelson,USA,Memphis,53.39000000000001,11,2021-03-10 00:00:00,2022-02-16 00:00:00,Silver,Latin
4033,Theo Gomes,Brazil,Belo Horizonte,46.53,7,2020-03-18 00:00:00,2020-12-16 00:00:00,Silver,Rock
4034,Jakub Dvořák,Czech Republic,Prague,49.97,8,2024-10-03 00:00:00,2025-12-17 00:00:00,Silver,Pop
4035,Ella Larsson,Sweden,Norrköping,36.85,6,2024-12-19 00:00:00,2025-08-03 00:00:00,Bronze,Rock
4036,Joana Sousa,Portugal,Braga,104.2,15,2022-01-12 00:00:00,2023-09-09 00:00:00,Platinum,Metal
4037,Noah MacDonald,Canada,Montreal,54.93,9,2022-06-11 00:00:00,2023-07-15 00:00:00,Silver,Rock
4038,Poppy Watson,United Kingdom,Sheffield,78.95000000000002,12,2023-05-10 00:00:00,2024-01-15 00:00:00,Gold,Rock
4039,Maxime Garcia,France,Angers,105.66000000000001,18,2021-08-28 00:00:00,2023-10-02 00:00:00,Platinum,Rock
4040,Donald Torres,USA,San Jose,65.5,10,2021-08-06 00:00:00,2022-10-28 00:00:00,Silver,Latin
4041,Lea Dubois,France,Bordeaux,81.63,11,2022-11-07 00:00:00,2024-01-28 00:00:00,Gold,Electronica/Dance
4042,Emma Mortensen,Denmark,Vejle,121.54000000000002,16,2024-06-15 00:00:00,2025-12-09 00:00:00,Platinum,R&B/Soul
4043,Maxime Roux,France,Saint-Étienne,91.0,16,2022-03-16 00:00:00,2023-08-03 00:00:00,Gold,R&B/Soul
4044,Sofia Johansen,Denmark,Randers,71.28999999999999,11,2019-03-28 00:00:00,2020-05-07 00:00:00,Gold,Rock
4045,Diogo Gomes,Portugal,Amadora,99.91999999999999,13,2024-12-19 00:00:00,2025-11-28 00:00:00,Gold,Latin
4046,Luca Schneider,Germany,Hanover,61.39999999999999,9,2020-09-17 00:00:00,2021-07-14 00:00:00,Silver,Easy Listening
4047,Patricia Moore,USA,Charlotte,21.78,3,2019-05-16 00:00:00,2019-09-12 00:00:00,Bronze,Rock
4048,Mateo Morales,Colombia,Cartagena,67.34,13,2020-02-25 00:00:00,2021-02-24 00:00:00,Gold,Rock
4049,Ashley Taylor,USA,Baltimore,48.669999999999995,4,2024-12-18 00:00:00,2025-04-06 00:00:00,Silver,TV Shows
4050,Nora Hendriks,Netherlands,Nijmegen,56.940000000000005,11,2020-11-09 00:00:00,2022-02-08 00:00:00,Silver,Soundtrack
4051,Adam Thomas,France,Lyon,24.759999999999998,4,2020-10-26 00:00:00,2021-02-08 00:00:00,Bronze,Latin
4052,Freddie Lewis,United Kingdom,Bristol,62.13000000000001,9,2022-02-02 00:00:00,2022-08-07 00:00:00,Silver,Latin
4053,Kevin Thompson,USA,Las Vegas,45.54,8,2021-02-09 00:00:00,2021-10-11 00:00:00,Silver,Blues
4054,Isabela Ferreira,Brazil,Salvador,133.60999999999999,18,2023-08-23 00:00:00,2025-11-03 00:00:00,Platinum,Electronica/Dance
4055,Mia Taylor,Canada,Toronto,165.05,23,2022-05-16 00:00:00,2024-08-16 00:00:00,Platinum,Rock
4056,Robert Young,USA,Columbus,4.95,1,2020-04-03 00:00:00,2020-04-03 00:00:00,Bronze,Alternative & Punk
4057,Benjamin Rodrigues,Brazil,Salvador,73.28999999999999,12,2022-05-17 00:00:00,2023-12-05 00:00:00,Gold,Rock
4058,Emma De Jong,Netherlands,Rotterdam,27.72,5,2021-04-13 00:00:00,2021-07-28 00:00:00,Bronze,Rock
4059,Nathan Willems,Belgium,Antwerp,93.62,13,2022-07-25 00:00:00,2024-10-26 00:00:00,Gold,Latin
4060,Diego Souza,Brazil,Belém,126.82000000000001,18,2022-08-21 00:00:00,2023-09-19 00:00:00,Platinum,Rock
4061,Nathan Moreau,France,Grenoble,130.92000000000002,14,2023-10-24 00:00:00,2025-06-16 00:00:00,Platinum,Rock
4062,Hannah Müller,Germany,Hamburg,22.35,3,2025-08-25 00:00:00,2025-12-28 00:00:00,Bronze,Rock
4063,Sofia Anderson,Canada,Hamilton,7.45,1,2025-12-25 00:00:00,2025-12-25 00:00:00,Bronze,Rock
4064,Karen Nguyen,USA,Baltimore,2.98,1,2025-12-19 00:00:00,2025-12-19 00:00:00,Bronze,Rock
4065,Chloe Clarke,Australia,Gold Coast,65.41,10,2022-01-23 00:00:00,2022-12-10 00:00:00,Silver,Latin
4066,Alice Alves,Brazil,Goiânia,34.269999999999996,4,2025-08-28 00:00:00,2025-12-15 00:00:00,Bronze,Rock
4067,Klaus Fischer,Germany,Berlin,40.300000000000004,6,2024-07-27 00:00:00,2025-01-14 00:00:00,Silver,Rock
4068,Nuno Ferreira,Portugal,Viseu,39.62,7,2019-12-08 00:00:00,2020-06-08 00:00:00,Silver,Rock
4069,Nathan Roux,France,Le Havre,51.49,11,2019-11-28 00:00:00,2021-03-01 00:00:00,Silver,Bossa Nova
4070,Maria Gonçalves,Portugal,Almada,71.08,9,2024-04-20 00:00:00,2025-10-28 00:00:00,Gold,Rock
4071,Lena Weber,Germany,Nuremberg,53.620000000000005,6,2024-09-16 00:00:00,2025-03-26 00:00:00,Silver,Rock
4072,Monika Nový,Czech Republic,Hradec Králové,58.39000000000001,7,2022-09-01 00:00:00,2023-07-12 00:00:00,Silver,Latin
4073,Alice Gustafsson,Sweden,Gothenburg,103.1,19,2020-10-13 00:00:00,2022-06-13 00:00:00,Platinum,Latin
4074,Benjamin Martínez,Chile,Rancagua,63.58,7,2025-05-12 00:00:00,2025-12-15 00:00:00,Silver,R&B/Soul
4075,Anthony Wright,USA,San Diego,45.13000000000001,8,2023-03-17 00:00:00,2023-11-08 00:00:00,Silver,Rock
4076,Hugo Lefebvre,France,Lyon,217.62999999999997,31,2022-04-15 00:00:00,2025-12-15 00:00:00,Platinum,Latin
4077,Thomas Lewis,United Kingdom,Sunderland,40.76,5,2019-09-04 00:00:00,2020-01-28 00:00:00,Silver,Drama
4078,Elijah Gagnon,Canada,Brampton,97.96999999999998,12,2023-12-12 00:00:00,2025-07-19 00:00:00,Gold,Rock
4079,James Lavoie,Canada,Toronto,148.21,11,2024-08-16 00:00:00,2025-11-08 00:00:00,Platinum,TV Shows
4080,Amy Harris,USA,Columbus,29.75,4,2023-01-13 00:00:00,2023-04-22 00:00:00,Bronze,R&B/Soul
4081,Charles White,USA,New York,138.91000000000003,20,2023-02-09 00:00:00,2025-03-11 00:00:00,Platinum,Alternative & Punk
4082,Karen Garcia,USA,San Diego,88.09,13,2023-03-16 00:00:00,2024-08-21 00:00:00,Gold,Alternative & Punk
4083,Sofía Navarro,Spain,Valencia,50.17,5,2025-06-14 00:00:00,2025-12-18 00:00:00,Silver,Rock
4084,Theo Sousa,Brazil,Guarulhos,20.79,6,2020-07-22 00:00:00,2020-12-04 00:00:00,Bronze,Latin
4085,Martina Beneš,Czech Republic,České Budějovice,141.79999999999998,21,2023-05-17 00:00:00,2025-05-26 00:00:00,Platinum,Alternative & Punk
4086,Benjamin Martínez,Chile,Valparaíso,68.16000000000001,10,2021-03-03 00:00:00,2022-05-28 00:00:00,Gold,Metal
4087,Beatriz Fernandes,Portugal,Viseu,34.230000000000004,5,2023-12-22 00:00:00,2024-04-07 00:00:00,Bronze,Jazz
4088,Theo Carvalho,Brazil,Rio de Janeiro,65.76,11,2022-12-11 00:00:00,2024-02-23 00:00:00,Gold,Rock
4089,Beatriz Vieira,Brazil,Porto Alegre,41.58,7,2020-12-19 00:00:00,2021-06-17 00:00:00,Silver,Latin
4090,Noa Díaz,Spain,Seville,158.51999999999998,27,2021-11-15 00:00:00,2024-09-14 00:00:00,Platinum,Alternative & Punk
4091,Logan Tremblay,Canada,Montreal,129.95,17,2022-07-09 00:00:00,2024-06-28 00:00:00,Platinum,Heavy Metal
4092,Hugo Silva,Portugal,Viseu,75.27,12,2022-11-12 00:00:00,2023-12-12 00:00:00,Gold,Alternative & Punk
4093,Sara Johannessen,Norway,Oslo,114.89999999999999,16,2024-05-12 00:00:00,2025-12-21 00:00:00,Platinum,Rock
4094,Daniel Thompson,USA,Indianapolis,90.28999999999999,11,2024-11-14 00:00:00,2025-11-11 00:00:00,Gold,Rock
4095,Lea David,France,Montpellier,9.82,1,2022-03-07 00:00:00,2022-03-07 00:00:00,Bronze,Latin
4096,Leonardo Russo,Italy,Rome,52.89,7,2024-01-13 00:00:00,2024-08-07 00:00:00,Silver,Rock
4097,Sebastian Fortin,Canada,Vaughan,79.27000000000001,13,2021-11-03 00:00:00,2023-03-11 00:00:00,Gold,Jazz
4098,Ashley Smith,USA,Chicago,60.5,9,2022-11-09 00:00:00,2024-05-08 00:00:00,Silver,Rock
4099,Alejandro Ramírez,Mexico,Nezahualcóyotl,42.39,7,2021-10-28 00:00:00,2022-04-24 00:00:00,Silver,R&B/Soul
4100,Stephanie Wright,USA,Jacksonville,29.31,5,2025-07-28 00:00:00,2025-12-28 00:00:00,Bronze,Rock
4101,Olivia Jansen,Netherlands,Breda,48.72,9,2021-03-01 00:00:00,2022-03-13 00:00:00,Silver,Latin
4102,Inès Lefebvre,France,Lyon,37.25,4,2025-09-17 00:00:00,2025-12-10 00:00:00,Bronze,Blues
4103,Alexander Davies,United Kingdom,Manchester,123.77000000000001,22,2019-09-28 00:00:00,2021-10-21 00:00:00,Platinum,Rock
4104,Sofia Järvinen,Finland,Oulu,185.72,24,2023-05-02 00:00:00,2025-12-01 00:00:00,Platinum,Hip Hop/Rap
4105,Sara Schröder,Germany,Bremen,20.23,5,2023-08-21 00:00:00,2023-12-18 00:00:00,Bronze,Rock
4106,Mason Cote,Canada,Brampton,60.65,6,2020-07-01 00:00:00,2020-11-28 00:00:00,Silver,TV Shows
4107,Noah Williams,Australia,Gold Coast,73.30000000000001,14,2021-04-24 00:00:00,2022-08-28 00:00:00,Gold,Alternative & Punk
4108,Grace Smith,Australia,Hobart,16.77,2,2024-02-24 00:00:00,2024-03-28 00:00:00,Bronze,Jazz
4109,Veronika Nový,Czech Republic,Plzeň,46.440000000000005,6,2024-07-02 00:00:00,2024-10-28 00:00:00,Silver,Rock
4110,Elsa Hansson,Sweden,Örebro,143.55000000000004,25,2020-10-13 00:00:00,2023-03-10 00:00:00,Platinum,Metal
4111,Andreas Koch,Germany,Dresden,176.89,18,2021-10-14 00:00:00,2023-03-23 00:00:00,Platinum,TV Shows
4112,Luca Schröder,Germany,Munich,144.28,11,2022-10-14 00:00:00,2023-09-28 00:00:00,Platinum,Drama
4113,Stephanie Wilson,USA,Denver,90.18,10,2024-11-10 00:00:00,2025-12-19 00:00:00,Gold,Alternative & Punk
4114,Oliver Bouchard,Canada,Calgary,64.07000000000001,8,2025-02-15 00:00:00,2025-11-15 00:00:00,Silver,R&B/Soul
4115,Mathis Maes,Belgium,Brussels,26.82,3,2025-10-13 00:00:00,2025-12-19 00:00:00,Bronze,Heavy Metal
4116,Péter Tóth,Hungary,Kecskemét,49.019999999999996,8,2024-01-15 00:00:00,2024-09-18 00:00:00,Silver,Latin
4117,Emma Fournier,France,Reims,52.92,9,2024-04-06 00:00:00,2025-11-28 00:00:00,Silver,Rock
4118,Henry Walker,Australia,Cairns,90.78000000000002,14,2021-10-01 00:00:00,2023-02-05 00:00:00,Gold,Rock
4119,Viktor Jönsson,Sweden,Helsingborg,114.07999999999998,15,2021-10-09 00:00:00,2023-03-19 00:00:00,Platinum,Rock
4120,Rohit Joshi,India,Thane,62.66,11,2022-06-01 00:00:00,2023-06-08 00:00:00,Silver,Rock
4121,Juliana González,Colombia,Cartagena,15.260000000000002,3,2022-07-12 00:00:00,2022-10-23 00:00:00,Bronze,Rock
4122,Álvaro Moreno,Spain,Valencia,65.55999999999999,8,2025-03-07 00:00:00,2025-09-22 00:00:00,Gold,Rock
4123,Amanda Smith,USA,Seattle,84.16,16,2019-12-13 00:00:00,2021-09-07 00:00:00,Gold,Rock
4124,Oliver Pettersson,Sweden,Helsingborg,41.5,6,2024-09-23 00:00:00,2025-11-03 00:00:00,Silver,Latin
4125,Elizabeth Lee,Canada,Vancouver,32.48,5,2021-06-07 00:00:00,2022-01-28 00:00:00,Bronze,Rock
4126,Inès Vincent,France,Strasbourg,41.09,6,2024-01-20 00:00:00,2024-07-26 00:00:00,Silver,Rock
4127,Filipa Marques,Portugal,Coimbra,52.15,7,2025-03-01 00:00:00,2025-12-19 00:00:00,Silver,Rock
4128,Eino Kinnunen,Finland,Vantaa,72.3,8,2024-12-04 00:00:00,2025-05-25 00:00:00,Gold,Rock
4129,Jonas Richter,Germany,Cologne,65.79,9,2024-01-02 00:00:00,2024-11-26 00:00:00,Gold,Metal
4130,Camille Garcia,France,Reims,102.84,15,2023-09-12 00:00:00,2025-03-15 00:00:00,Platinum,Electronica/Dance
4131,Sophie Young,Australia,Newcastle,86.41999999999999,10,2025-02-20 00:00:00,2025-12-17 00:00:00,Gold,Rock
4132,Thomas Laurent,France,Marseille,41.58,7,2019-10-21 00:00:00,2020-07-06 00:00:00,Silver,Metal
4133,Laura Miller,USA,Las Vegas,89.04000000000002,16,2020-10-28 00:00:00,2022-06-17 00:00:00,Gold,Jazz
4134,Sharon Hill,USA,Jacksonville,157.34999999999997,22,2023-04-08 00:00:00,2024-12-17 00:00:00,Platinum,Metal
4135,Alice Moreau,France,Montpellier,86.41999999999999,9,2025-02-08 00:00:00,2025-11-22 00:00:00,Gold,Classical
4136,Harry Walker,United Kingdom,Sunderland,31.630000000000003,4,2022-12-02 00:00:00,2023-04-26 00:00:00,Bronze,Rock
4137,Diogo Lopes,Portugal,Coimbra,68.01,8,2024-09-06 00:00:00,2025-06-06 00:00:00,Gold,Rock
4138,Isla Jones,United Kingdom,Edinburgh,48.68,5,2025-03-19 00:00:00,2025-11-25 00:00:00,Silver,Rock
4139,Marie Mayer,Austria,Klagenfurt,16.83,2,2021-05-19 00:00:00,2021-07-10 00:00:00,Bronze,Rock
4140,Joshua Scott,USA,Memphis,84.26,16,2020-12-08 00:00:00,2022-03-21 00:00:00,Gold,Rock
4141,Joana Rodrigues,Portugal,Setúbal,107.92999999999999,18,2020-02-26 00:00:00,2021-12-04 00:00:00,Platinum,R&B/Soul
4142,Kevin Brown,USA,Charlotte,66.01,5,2024-04-02 00:00:00,2024-10-24 00:00:00,Gold,TV Shows
4143,Emma O'Sullivan,Ireland,Swords,30.259999999999998,3,2023-10-28 00:00:00,2024-05-28 00:00:00,Bronze,Hip Hop/Rap
4144,Sofia Martin,Canada,Toronto,22.35,4,2025-09-24 00:00:00,2025-12-14 00:00:00,Bronze,Latin
4145,Sofie Kristiansen,Norway,Stavanger,26.74,7,2020-06-08 00:00:00,2021-01-28 00:00:00,Bronze,Pop
4146,Amelia Taylor,Canada,Gatineau,52.47,10,2019-06-26 00:00:00,2020-12-19 00:00:00,Silver,Alternative & Punk
4147,Edward Thomas,United Kingdom,Cardiff,86.46,15,2020-08-19 00:00:00,2022-03-19 00:00:00,Gold,Latin
4148,Isabella Thomas,Canada,Brampton,41.72,5,2025-07-05 00:00:00,2025-12-28 00:00:00,Silver,Metal
4149,Ágnes Kovács,Hungary,Kecskemét,68.31,13,2020-04-28 00:00:00,2021-03-28 00:00:00,Gold,Rock
4150,Robert Wright,USA,Memphis,67.32000000000001,12,2020-01-26 00:00:00,2021-05-07 00:00:00,Gold,Rock
4151,Yuna Ito,Japan,Kawasaki,16.58,2,2024-09-28 00:00:00,2024-12-12 00:00:00,Bronze,Rock
4152,Sofia Greco,Italy,Verona,20.86,3,2025-10-08 00:00:00,2025-12-20 00:00:00,Bronze,Rock
4153,Deepak Sharma,India,Lucknow,105.3,13,2025-03-12 00:00:00,2025-12-28 00:00:00,Platinum,Rock
4154,David Brown,USA,Los Angeles,65.25,9,2024-11-12 00:00:00,2025-11-16 00:00:00,Silver,Metal
4155,Caio Gomes,Brazil,Rio de Janeiro,144.65,10,2024-03-28 00:00:00,2025-02-24 00:00:00,Platinum,TV Shows
4156,Matheus Sousa,Brazil,Curitiba,61.0,9,2023-05-09 00:00:00,2024-04-14 00:00:00,Silver,Latin
4157,Nicolas Lefebvre,France,Dijon,137.06,19,2022-07-26 00:00:00,2024-07-04 00:00:00,Platinum,Alternative & Punk
4158,Ava Smith,Canada,Toronto,11.61,2,2024-01-26 00:00:00,2024-03-16 00:00:00,Bronze,Hip Hop/Rap
4159,Lucas Johannessen,Norway,Oslo,161.55999999999997,20,2024-06-01 00:00:00,2025-11-27 00:00:00,Platinum,Blues
4160,Emma Schneider,Germany,Dortmund,62.02000000000001,10,2023-11-22 00:00:00,2024-11-04 00:00:00,Silver,Latin
4161,Anna Bauer,Germany,Bielefeld,88.98000000000002,15,2021-08-12 00:00:00,2023-02-19 00:00:00,Gold,Blues
4162,Jennifer Scott,USA,Nashville,138.32999999999996,17,2024-06-07 00:00:00,2025-12-26 00:00:00,Platinum,Rock
4163,Laura Garcia,USA,Charlotte,28.52,6,2021-10-25 00:00:00,2022-03-17 00:00:00,Bronze,Rock
4164,Ágnes Oláh,Hungary,Érd,91.17999999999999,12,2024-12-01 00:00:00,2025-08-02 00:00:00,Gold,Metal
4165,Mattia Bruno,Italy,Bari,52.95,8,2022-12-25 00:00:00,2023-08-06 00:00:00,Silver,Latin
4166,Matthew Hill,USA,San Antonio,35.76,5,2025-03-16 00:00:00,2025-10-11 00:00:00,Bronze,Rock
4167,Charlie Robinson,United Kingdom,Sheffield,,0,,,Bronze,
4168,Wolfgang Schulz,Germany,Hanover,96.89999999999998,9,2023-01-12 00:00:00,2023-12-01 00:00:00,Gold,TV Shows
4169,Matthew Johnson,USA,Seattle,21.78,5,2020-08-27 00:00:00,2020-11-28 00:00:00,Bronze,Rock
4170,Chloe Bernard,France,Montpellier,102.02,12,2024-08-26 00:00:00,2025-11-09 00:00:00,Gold,Rock
4171,Ashley Allen,USA,Seattle,32.13,4,2023-07-28 00:00:00,2023-12-28 00:00:00,Bronze,Alternative & Punk
4172,Alexander Taylor,United Kingdom,Cardiff,61.27,9,2024-08-02 00:00:00,2025-07-05 00:00:00,Silver,Latin
4173,James Smith,USA,San Diego,5.96,1,2025-12-13 00:00:00,2025-12-13 00:00:00,Bronze,Metal
4174,Sarah Young,USA,Fort Worth,21.33,3,2023-04-22 00:00:00,2023-06-25 00:00:00,Bronze,Rock
4175,Andre Rodrigues,Brazil,Goiânia,140.81,18,2023-04-22 00:00:00,2025-05-08 00:00:00,Platinum,Rock
4176,Kathleen Taylor,USA,Louisville,63.1,13,2021-06-25 00:00:00,2023-02-28 00:00:00,Silver,Electronica/Dance
4177,Maja Johansson,Sweden,Malmö,9.96,1,2025-11-20 00:00:00,2025-11-20 00:00:00,Bronze,Sci Fi & Fantasy
4178,Jack Moore,Ireland,Galway,122.72999999999998,19,2023-01-17 00:00:00,2024-08-26 00:00:00,Platinum,Rock
4179,Kathleen Johnson,USA,San Diego,51.080000000000005,8,2023-05-28 00:00:00,2024-02-22 00:00:00,Silver,Rock
4180,Kateřina Novotný,Czech Republic,Liberec,44.550000000000004,9,2021-04-16 00:00:00,2021-11-28 00:00:00,Silver,Latin
4181,Tiago Ferreira,Portugal,Amadora,95.58999999999999,16,2023-10-10 00:00:00,2025-09-25 00:00:00,Gold,Rock
4182,Lucas Bertrand,France,Le Havre,28.220000000000002,5,2021-10-17 00:00:00,2022-01-16 00:00:00,Bronze,Alternative & Punk
4183,Joshua Taylor,USA,Portland,35.120000000000005,5,2023-10-13 00:00:00,2024-05-14 00:00:00,Bronze,Rock
4184,Noah Larsson,Sweden,Malmö,44.56,8,2019-04-19 00:00:00,2020-03-28 00:00:00,Silver,Latin
4185,Emma Bertrand,France,Toulouse,21.78,4,2019-09-06 00:00:00,2020-02-28 00:00:00,Bronze,Latin
4186,Edoardo Costa,Italy,Palermo,29.26,5,2022-11-28 00:00:00,2023-04-22 00:00:00,Bronze,Metal
4187,Elizabeth Lee,Canada,Mississauga,,0,,,Bronze,
4188,Amelia Wilson,United Kingdom,Birmingham,59.17000000000001,9,2022-04-14 00:00:00,2023-01-19 00:00:00,Silver,Rock
4189,Benjamin Roberts,United Kingdom,Birmingham,48.830000000000005,9,2021-04-11 00:00:00,2022-06-11 00:00:00,Silver,Latin
4190,Mariana Fernandes,Portugal,Viseu,154.10999999999999,21,2024-01-28 00:00:00,2025-12-06 00:00:00,Platinum,Rock
4191,James Adams,USA,Indianapolis,58.25,10,2021-10-19 00:00:00,2022-09-14 00:00:00,Silver,Jazz
4192,Julien Bertrand,France,Rennes,4.47,1,2025-12-10 00:00:00,2025-12-10 00:00:00,Bronze,Blues
4193,Rebecca Thomas,USA,Nashville,71.92,9,2024-12-11 00:00:00,2025-12-18 00:00:00,Gold,Rock
4194,Diego Lima,Brazil,Goiânia,6.45,1,2024-08-09 00:00:00,2024-08-09 00:00:00,Bronze,Metal
4195,Sunita Joshi,India,Delhi,90.85,14,2024-05-17 00:00:00,2025-12-10 00:00:00,Gold,Blues
4196,Olivia Brown,Australia,Sunshine Coast,60.22000000000001,10,2023-10-23 00:00:00,2024-06-19 00:00:00,Silver,Rock
4197,John Smith,USA,San Diego,96.89,14,2024-03-11 00:00:00,2025-06-25 00:00:00,Gold,Latin
4198,Ondřej Novák,Czech Republic,Hradec Králové,47.84,8,2021-07-28 00:00:00,2022-04-18 00:00:00,Silver,Blues
4199,Miguel Alves,Portugal,Amadora,79.19000000000001,10,2023-11-10 00:00:00,2025-01-13 00:00:00,Gold,Rock
4200,Sharon Davis,USA,Louisville,168.28999999999996,20,2024-04-14 00:00:00,2025-12-11 00:00:00,Platinum,Latin
4201,Karen Young,USA,San Antonio,134.29,16,2023-10-28 00:00:00,2025-06-16 00:00:00,Platinum,Rock
4202,Rohit Malhotra,India,Hyderabad,67.86,10,2023-10-02 00:00:00,2024-09-25 00:00:00,Gold,Latin
4203,Piotr Woźniak,Poland,Poznań,68.53999999999999,7,2025-04-20 00:00:00,2025-12-28 00:00:00,Gold,Electronica/Dance
4204,Raphael Laurent,France,Reims,40.07,5,2022-12-19 00:00:00,2023-03-27 00:00:00,Silver,Comedy
4205,Hannah Klein,Germany,Berlin,64.82000000000001,8,2024-05-12 00:00:00,2025-03-28 00:00:00,Silver,Classical
4206,Lina Zimmermann,Germany,Munich,77.66,11,2023-01-23 00:00:00,2024-01-24 00:00:00,Gold,Rock
4207,Cynthia Hill,USA,Indianapolis,236.3899999999999,32,2022-11-15 00:00:00,2025-12-13 00:00:00,Platinum,Latin
4208,Amy Allen,USA,Charlotte,55.440000000000005,12,2020-10-16 00:00:00,2021-12-28 00:00:00,Silver,Rock
4209,Leonardo Rizzo,Italy,Catania,46.25000000000001,7,2024-02-01 00:00:00,2024-10-19 00:00:00,Silver,Rock
4210,Avery MacDonald,Canada,Winnipeg,7.45,1,2025-12-21 00:00:00,2025-12-21 00:00:00,Bronze,Rock
4211,Joshua Martin,USA,Columbus,48.07,7,2024-10-19 00:00:00,2025-06-28 00:00:00,Silver,Rock
4212,Bruno Santos,Brazil,Belém,42.57000000000001,8,2024-05-21 00:00:00,2024-12-28 00:00:00,Silver,Rock
4213,Laura Kristensen,Denmark,Randers,101.42999999999999,11,2024-03-19 00:00:00,2025-01-02 00:00:00,Gold,Metal
4214,William Harris,USA,San Diego,22.61,4,2023-02-22 00:00:00,2023-10-21 00:00:00,Bronze,Rock
4215,Rebecca Williams,USA,Fort Worth,152.89,23,2023-10-11 00:00:00,2025-12-21 00:00:00,Platinum,Rock
4216,Sofía Flores,Chile,Antofagasta,63.88,10,2023-06-22 00:00:00,2024-03-21 00:00:00,Silver,Rock
4217,Liam Renard,Belgium,Bruges,134.37,22,2022-03-06 00:00:00,2024-04-27 00:00:00,Platinum,Blues
4218,Emma Hämäläinen,Finland,Turku,25.62,3,2024-12-12 00:00:00,2025-02-11 00:00:00,Bronze,Alternative & Punk
4219,Daniel Taylor,USA,Chicago,71.29,11,2021-12-12 00:00:00,2023-02-03 00:00:00,Gold,Rock
4220,Finn Schmidt,Germany,Nuremberg,16.39,2,2025-05-07 00:00:00,2025-06-22 00:00:00,Bronze,Rock
4221,Luciana López,Argentina,Mendoza,146.59,22,2020-08-16 00:00:00,2022-11-08 00:00:00,Platinum,Latin
4222,Jessica Garcia,USA,Houston,76.46000000000001,9,2024-08-19 00:00:00,2025-05-04 00:00:00,Gold,Alternative & Punk
4223,Theo Silva,Brazil,Goiânia,119.82999999999997,25,2019-06-05 00:00:00,2021-10-24 00:00:00,Platinum,Latin
4224,William Dahl,Norway,Drammen,125.23999999999998,18,2023-06-24 00:00:00,2025-01-17 00:00:00,Platinum,Rock
4225,Daiki Takahashi,Japan,Yokohama,64.91000000000001,8,2021-09-07 00:00:00,2022-04-28 00:00:00,Silver,Latin
4226,Emma Schulz,Germany,Dresden,43.67,5,2024-02-21 00:00:00,2024-05-04 00:00:00,Silver,Rock
4227,Ricardo Carvalho,Portugal,Funchal,24.9,5,2023-07-16 00:00:00,2023-11-23 00:00:00,Bronze,Rock
4228,Sofia Gagnon,Canada,Hamilton,75.5,10,2023-09-11 00:00:00,2024-08-02 00:00:00,Gold,Alternative & Punk
4229,Alice Lopes,Brazil,Salvador,105.78,18,2022-01-03 00:00:00,2023-07-28 00:00:00,Platinum,Rock
4230,Arthur Lima,Brazil,Guarulhos,71.38999999999999,12,2022-01-15 00:00:00,2023-07-22 00:00:00,Gold,Alternative & Punk
4231,Robert Davis,USA,Philadelphia,81.60000000000001,6,2025-06-24 00:00:00,2025-12-20 00:00:00,Gold,Comedy
4232,Sharon Moore,USA,Nashville,110.31,16,2024-01-24 00:00:00,2025-11-01 00:00:00,Platinum,Alternative & Punk
4233,Pierre Dubois,France,Rennes,53.64,6,2025-02-23 00:00:00,2025-12-26 00:00:00,Silver,Rock
4234,Ben Fischer,Germany,Bremen,58.5,6,2024-07-16 00:00:00,2024-12-16 00:00:00,Silver,TV Shows
4235,Oliver Heinonen,Finland,Pori,107.80999999999999,15,2023-12-09 00:00:00,2025-05-28 00:00:00,Platinum,Latin
4236,Mateo Fernández,Argentina,Rosario,33.669999999999995,6,2019-12-11 00:00:00,2020-05-28 00:00:00,Bronze,Electronica/Dance
4237,Rebecca Nguyen,USA,Austin,128.38,20,2023-01-14 00:00:00,2025-02-22 00:00:00,Platinum,Alternative & Punk
4238,Louis Bertrand,France,Grenoble,105.34,14,2023-03-16 00:00:00,2024-03-19 00:00:00,Platinum,Rock And Roll
4239,Liam Thomas,France,Dijon,35.39,6,2022-06-26 00:00:00,2023-03-23 00:00:00,Bronze,Rock
4240,Julien Michel,France,Lyon,76.26,10,2024-09-10 00:00:00,2025-05-02 00:00:00,Gold,Alternative & Punk
4241,Dieter Klein,Germany,Nuremberg,25.61,3,2024-02-07 00:00:00,2024-03-08 00:00:00,Bronze,Metal
4242,Emma Taylor,Canada,Vaughan,30.7,5,2019-10-12 00:00:00,2020-01-14 00:00:00,Bronze,Alternative & Punk
4243,Avery Smith,Canada,Gatineau,87.7,11,2021-12-06 00:00:00,2022-11-18 00:00:00,Gold,Rock
4244,Jennifer Nguyen,USA,Denver,21.93,3,2024-07-14 00:00:00,2024-08-27 00:00:00,Bronze,Reggae
4245,Mia Tremblay,Canada,Surrey,50.48,9,2022-12-25 00:00:00,2023-11-20 00:00:00,Silver,Rock
4246,Felipe Costa,Brazil,Campinas,32.82,4,2021-03-08 00:00:00,2021-05-19 00:00:00,Bronze,Comedy
4247,Noah Bengtsson,Sweden,Norrköping,29.67,5,2024-05-16 00:00:00,2024-09-28 00:00:00,Bronze,Latin
4248,Emma Nilsson,Sweden,Gothenburg,65.96,12,2022-12-11 00:00:00,2024-04-18 00:00:00,Gold,Rock
4249,Noah Schulz,Germany,Hanover,49.28,7,2022-12-28 00:00:00,2023-08-19 00:00:00,Silver,Alternative & Punk
4250,Stephanie Thompson,USA,Jacksonville,29.8,2,2025-10-16 00:00:00,2025-12-24 00:00:00,Bronze,Rock
4251,Kevin Moore,USA,New York,44.78,4,2025-10-14 00:00:00,2025-12-19 00:00:00,Silver,Comedy
4252,Patricia Smith,USA,Chicago,29.67,4,2024-07-13 00:00:00,2024-09-14 00:00:00,Bronze,Latin
4253,Ben Fischer,Germany,Stuttgart,220.25000000000003,24,2020-12-28 00:00:00,2023-03-16 00:00:00,Platinum,Science Fiction
4254,Emma Nilsson,Sweden,Örebro,100.90999999999998,18,2022-04-06 00:00:00,2023-11-26 00:00:00,Gold,Latin
4255,Emily Taylor,United Kingdom,Edinburgh,158.43,18,2024-03-23 00:00:00,2025-10-15 00:00:00,Platinum,Alternative & Punk
4256,Mary Hill,USA,San Jose,7.45,1,2025-11-27 00:00:00,2025-11-27 00:00:00,Bronze,World
4257,Daniel Anderson,USA,Phoenix,54.64,6,2025-02-09 00:00:00,2025-09-02 00:00:00,Silver,Metal
4258,Valentina Gómez,Argentina,Salta,29.209999999999997,5,2021-07-18 00:00:00,2022-01-12 00:00:00,Bronze,Blues
4259,Lucas Silva,Brazil,Belém,42.85,7,2023-05-04 00:00:00,2024-02-15 00:00:00,Silver,Rock
4260,Kateřina Zelenka,Czech Republic,Prague,40.730000000000004,9,2022-04-21 00:00:00,2023-01-05 00:00:00,Silver,Rock
4261,Felix Weber,Germany,Hamburg,29.8,3,2025-04-20 00:00:00,2025-06-23 00:00:00,Bronze,Rock
4262,Baptiste Fournier,France,Toulon,40.47,5,2023-10-12 00:00:00,2024-03-28 00:00:00,Silver,Rock
4263,Florencia Díaz,Argentina,San Juan,53.88,11,2021-05-07 00:00:00,2022-06-12 00:00:00,Silver,Rock
4264,Sakura Saito,Japan,Kyoto,49.06,8,2022-03-26 00:00:00,2022-10-21 00:00:00,Silver,Rock
4265,Emily Leblanc,Canada,Gatineau,102.73,15,2022-09-25 00:00:00,2023-12-12 00:00:00,Platinum,Rock
4266,Rayan Claeys,Belgium,Liège,29.619999999999997,7,2021-10-23 00:00:00,2022-07-28 00:00:00,Bronze,Rock
4267,Ethan Smith,Canada,Toronto,55.27999999999999,9,2024-04-21 00:00:00,2024-11-21 00:00:00,Silver,Rock
4268,Diego Martín,Spain,Seville,98.63,12,2024-07-14 00:00:00,2025-12-02 00:00:00,Gold,Latin
4269,Alice Ribeiro,Brazil,Belo Horizonte,36.64,7,2020-10-21 00:00:00,2021-04-13 00:00:00,Bronze,Alternative & Punk
4270,Stefan Fischer,Germany,Wuppertal,65.45,9,2023-01-10 00:00:00,2023-08-08 00:00:00,Silver,Rock
4271,John Martin,USA,Columbus,81.83999999999999,10,2024-08-01 00:00:00,2025-11-25 00:00:00,Gold,Electronica/Dance
4272,Sergio Navarro,Spain,Zaragoza,164.32000000000005,29,2021-02-25 00:00:00,2024-03-11 00:00:00,Platinum,R&B/Soul
4273,Sophia Tremblay,Canada,Surrey,97.49,7,2022-11-20 00:00:00,2023-07-06 00:00:00,Gold,TV Shows
4274,Mark Scott,USA,Austin,67.08,8,2023-09-14 00:00:00,2024-05-14 00:00:00,Gold,Metal
4275,Stephanie Wright,USA,Columbus,95.27,13,2024-12-28 00:00:00,2025-12-11 00:00:00,Gold,Rock
4276,Luciana García,Argentina,San Juan,132.44,23,2021-12-06 00:00:00,2024-01-21 00:00:00,Platinum,Latin
4277,Linda Johnson,USA,Houston,129.51999999999998,16,2023-10-02 00:00:00,2025-06-26 00:00:00,Platinum,Rock
4278,Juhani Saarinen,Finland,Kuopio,137.62999999999997,18,2024-01-12 00:00:00,2025-12-15 00:00:00,Platinum,Alternative & Punk
4279,Neha Malhotra,India,Chennai,35.98,6,2022-08-12 00:00:00,2023-01-28 00:00:00,Bronze,Alternative & Punk
4280,Veronika Hájek,Czech Republic,Plzeň,148.26,22,2021-04-26 00:00:00,2023-01-15 00:00:00,Platinum,Rock
4281,Jackson Martin,Canada,Calgary,73.83999999999999,8,2022-11-07 00:00:00,2023-06-07 00:00:00,Gold,TV Shows
4282,Patricia Davis,USA,Austin,47.18999999999999,5,2025-05-23 00:00:00,2025-11-03 00:00:00,Silver,Rock
4283,James Smith,Ireland,Dublin,37.629999999999995,9,2020-04-21 00:00:00,2021-03-08 00:00:00,Bronze,Alternative & Punk
4284,Richard Allen,USA,Denver,14.850000000000001,2,2019-09-25 00:00:00,2019-10-12 00:00:00,Bronze,Rock
4285,Joshua Young,USA,Indianapolis,70.25999999999999,6,2024-03-02 00:00:00,2024-12-07 00:00:00,Gold,Sci Fi & Fantasy
4286,Finn De Boer,Netherlands,Eindhoven,168.67999999999998,21,2023-11-22 00:00:00,2025-11-23 00:00:00,Platinum,Alternative & Punk
4287,Isla Jackson,United Kingdom,Leeds,56.56999999999999,8,2024-03-18 00:00:00,2024-10-05 00:00:00,Silver,Rock
4288,Pierre David,France,Le Havre,37.56,6,2022-08-02 00:00:00,2023-01-16 00:00:00,Bronze,Rock
4289,Sebastian Leblanc,Canada,Brampton,39.25,5,2022-07-07 00:00:00,2022-11-17 00:00:00,Bronze,Rock
4290,Nathan Thomas,France,Nantes,107.04,11,2023-12-15 00:00:00,2025-06-19 00:00:00,Platinum,Bossa Nova
4291,David Kratochvíl,Czech Republic,České Budějovice,97.56,8,2025-02-03 00:00:00,2025-12-28 00:00:00,Gold,TV Shows
4292,Mary Torres,USA,Indianapolis,7.45,1,2025-12-23 00:00:00,2025-12-23 00:00:00,Bronze,Rock
4293,Michael Anderson,USA,Nashville,9.9,2,2020-02-26 00:00:00,2020-03-25 00:00:00,Bronze,Rock
4294,William Harris,Australia,Sunshine Coast,189.59999999999994,27,2023-07-11 00:00:00,2025-10-02 00:00:00,Platinum,Rock
4295,Martina Beneš,Czech Republic,Plzeň,51.66,7,2025-03-07 00:00:00,2025-11-04 00:00:00,Silver,Hip Hop/Rap
4296,Ella Mäkinen,Finland,Lahti,171.24,14,2024-03-24 00:00:00,2025-11-19 00:00:00,Platinum,TV Shows
4297,Amelia Lewis,United Kingdom,Bristol,117.0,18,2022-04-22 00:00:00,2023-10-16 00:00:00,Platinum,Rock
4298,Linda Harris,USA,San Diego,59.900000000000006,12,2022-12-20 00:00:00,2024-01-22 00:00:00,Silver,Jazz
4299,Charlotte Martin,Australia,Brisbane,16.39,2,2025-12-06 00:00:00,2025-12-28 00:00:00,Bronze,Latin
4300,Filipa Alves,Portugal,Amadora,94.14,15,2024-05-24 00:00:00,2025-10-15 00:00:00,Gold,Rock
4301,Clara Olsen,Denmark,Odense,39.61,10,2019-02-27 00:00:00,2020-02-06 00:00:00,Silver,Metal
4302,Cynthia Green,USA,Las Vegas,68.46000000000001,10,2023-11-13 00:00:00,2024-10-20 00:00:00,Gold,Rock
4303,Väinö Kinnunen,Finland,Pori,115.53,13,2024-12-13 00:00:00,2025-12-10 00:00:00,Platinum,Rock
4304,Liam Clarke,Canada,Halifax,54.18,7,2024-01-13 00:00:00,2024-09-15 00:00:00,Silver,Alternative & Punk
4305,Cynthia Brown,USA,Los Angeles,132.07999999999998,16,2023-12-03 00:00:00,2025-12-08 00:00:00,Platinum,R&B/Soul
4306,Jacob Johnson,United Kingdom,Bradford,140.92999999999998,21,2022-03-01 00:00:00,2024-05-02 00:00:00,Platinum,Rock
4307,William King,USA,Columbus,50.14000000000001,8,2022-01-11 00:00:00,2022-10-10 00:00:00,Silver,Blues
4308,Amelia Scott,Australia,Hobart,110.07000000000001,17,2021-03-09 00:00:00,2023-03-01 00:00:00,Platinum,Easy Listening
4309,Maximilian Bauer,Germany,Bremen,46.550000000000004,8,2021-01-15 00:00:00,2021-12-22 00:00:00,Silver,Rock
4310,Astrid Andersen,Denmark,Frederiksberg,49.44,8,2024-06-27 00:00:00,2025-06-03 00:00:00,Silver,Pop
4311,Mark Nelson,USA,Charlotte,124.32000000000001,18,2022-01-04 00:00:00,2023-09-26 00:00:00,Platinum,Rock
4312,Ava Vos,Netherlands,Nijmegen,27.720000000000002,4,2020-02-23 00:00:00,2020-06-09 00:00:00,Bronze,Rock
4313,Noah Andersen,Norway,Sarpsborg,134.42,22,2021-07-24 00:00:00,2023-07-16 00:00:00,Platinum,Rock
4314,Freddie Williams,United Kingdom,Bristol,55.160000000000004,4,2024-08-28 00:00:00,2024-12-09 00:00:00,Silver,TV Shows
4315,Sofia Schneider,Germany,Duisburg,130.09,16,2024-04-28 00:00:00,2025-11-11 00:00:00,Platinum,Metal
4316,Mark Wilson,USA,Denver,98.69999999999999,12,2024-11-06 00:00:00,2025-11-27 00:00:00,Gold,Rock
4317,Paul Harris,USA,Dallas,,0,,,Bronze,
4318,Manon Simon,France,Lyon,27.82,3,2025-08-15 00:00:00,2025-12-26 00:00:00,Bronze,Rock
4319,William Fortin,Canada,Mississauga,61.65,7,2024-06-01 00:00:00,2025-03-16 00:00:00,Silver,Rock
4320,Valentina Lopes,Brazil,Belém,,0,,,Bronze,
4321,Oliver Gagnon,Canada,Edmonton,56.199999999999996,7,2024-09-28 00:00:00,2025-06-08 00:00:00,Silver,Metal
4322,Elizabeth Wright,USA,Fort Worth,40.23,6,2025-02-11 00:00:00,2025-07-15 00:00:00,Silver,Pop
4323,Felix Richter,Germany,Dresden,82.29,15,2022-07-23 00:00:00,2024-01-28 00:00:00,Gold,Rock
4324,Zoé Lambert,Belgium,Leuven,20.72,4,2022-04-14 00:00:00,2022-08-25 00:00:00,Bronze,Latin
4325,Beatrice Esposito,Italy,Turin,70.21999999999998,10,2023-02-22 00:00:00,2024-02-24 00:00:00,Gold,Reggae
4326,Emma Gallagher,Ireland,Navan,76.63999999999999,14,2022-10-18 00:00:00,2023-10-14 00:00:00,Gold,Metal
4327,Ella Wood,United Kingdom,London,31.0,7,2021-10-05 00:00:00,2022-04-01 00:00:00,Bronze,Latin
4328,Davi Costa,Brazil,Curitiba,14.9,1,2025-12-10 00:00:00,2025-12-10 00:00:00,Bronze,Rock
4329,Olivia Thomas,Canada,Calgary,83.66,11,2024-03-04 00:00:00,2024-11-22 00:00:00,Gold,Rock
4330,Eduardo Lima,Brazil,Porto Alegre,178.0,21,2023-10-18 00:00:00,2025-11-26 00:00:00,Platinum,Latin
4331,Felipe Silva,Brazil,Belo Horizonte,42.18,4,2022-12-02 00:00:00,2023-02-15 00:00:00,Silver,Drama
4332,Bruno Alves,Portugal,Lisbon,84.95,11,2023-09-28 00:00:00,2024-07-26 00:00:00,Gold,Rock
4333,Isabella Robinson,United Kingdom,Brighton,65.65,9,2024-12-22 00:00:00,2025-12-16 00:00:00,Gold,Rock
4334,Sophie Van Leeuwen,Netherlands,Breda,72.52,8,2025-05-21 00:00:00,2025-12-12 00:00:00,Gold,Latin
4335,Julia Santos,Brazil,Recife,81.44999999999999,12,2023-07-28 00:00:00,2024-07-08 00:00:00,Gold,Metal
4336,Sean Murphy,Ireland,Drogheda,98.01,17,2021-09-06 00:00:00,2023-10-08 00:00:00,Gold,Rock
4337,Jakub Mazur,Poland,Katowice,56.620000000000005,7,2025-05-12 00:00:00,2025-12-23 00:00:00,Silver,Alternative & Punk
4338,Filip Wojciechowski,Poland,Warsaw,119.75999999999999,11,2024-12-17 00:00:00,2025-11-10 00:00:00,Platinum,TV Shows
4339,Jackson Wilson,Canada,Laval,99.38000000000001,15,2021-09-25 00:00:00,2023-01-16 00:00:00,Gold,Rock
4340,Amelia Young,Australia,Geelong,31.68,6,2020-12-28 00:00:00,2021-08-03 00:00:00,Bronze,Blues
4341,Jade Bertrand,France,Marseille,112.26,19,2021-03-13 00:00:00,2023-06-08 00:00:00,Platinum,Metal
4342,Conor Kennedy,Ireland,Cork,150.53999999999996,27,2019-03-27 00:00:00,2021-12-01 00:00:00,Platinum,Alternative & Punk
4343,Yuto Sato,Japan,Tokyo,139.41,20,2022-02-05 00:00:00,2023-11-20 00:00:00,Platinum,Electronica/Dance
4344,Lucas Souza,Brazil,Fortaleza,51.839999999999996,7,2024-09-26 00:00:00,2025-03-28 00:00:00,Silver,Rock
4345,Andreas Wagner,Germany,Wuppertal,21.779999999999998,6,2020-03-16 00:00:00,2020-11-02 00:00:00,Bronze,Rock
4346,Isabella Brown,Canada,Vaughan,218.91999999999996,31,2022-09-08 00:00:00,2025-12-14 00:00:00,Platinum,Alternative & Punk
4347,Sebastián Rojas,Chile,Antofagasta,63.580000000000005,9,2025-02-14 00:00:00,2025-09-11 00:00:00,Silver,Rock
4348,Manuela Carvalho,Brazil,Porto Alegre,123.02,19,2021-11-12 00:00:00,2023-11-18 00:00:00,Platinum,Metal
4349,Sara Ramos,Colombia,Ibagué,266.29999999999995,28,2020-06-28 00:00:00,2023-07-22 00:00:00,Platinum,Drama
4350,Daniel Nelson,USA,Phoenix,79.26,12,2021-04-21 00:00:00,2022-08-11 00:00:00,Gold,Classical
4351,Raphael Roux,France,Reims,85.62,11,2024-11-08 00:00:00,2025-11-28 00:00:00,Gold,Metal
4352,Nora Hendriks,Netherlands,Eindhoven,138.14,24,2021-01-09 00:00:00,2023-04-23 00:00:00,Platinum,Alternative & Punk
4353,Barbara Young,USA,San Jose,56.75,10,2020-08-09 00:00:00,2022-02-25 00:00:00,Silver,Rock
4354,Petra Marek,Czech Republic,Hradec Králové,105.01000000000002,16,2022-08-18 00:00:00,2024-01-18 00:00:00,Platinum,Rock
4355,Jacob Jones,United Kingdom,Leicester,129.57000000000002,22,2021-01-08 00:00:00,2023-04-22 00:00:00,Platinum,Rock
4356,Gabriele Ferrari,Italy,Venice,24.75,5,2020-09-26 00:00:00,2021-02-16 00:00:00,Bronze,Alternative & Punk
4357,Leo Simon,France,Reims,68.57,9,2023-11-18 00:00:00,2024-10-11 00:00:00,Gold,Alternative & Punk
4358,David Berger,Austria,Graz,178.04999999999998,17,2024-04-08 00:00:00,2025-12-05 00:00:00,Platinum,Sci Fi & Fantasy
4359,Evelyn Johnson,Canada,Laval,101.12,14,2023-09-04 00:00:00,2025-02-17 00:00:00,Gold,Latin
4360,Elizabeth Hill,USA,Dallas,73.71000000000001,12,2021-08-19 00:00:00,2022-09-13 00:00:00,Gold,Latin
4361,Petra Novák,Czech Republic,Plzeň,136.75,11,2023-12-28 00:00:00,2025-01-16 00:00:00,Platinum,Drama
4362,Zoe Moreau,France,Nîmes,134.68999999999997,24,2019-12-05 00:00:00,2022-08-28 00:00:00,Platinum,Metal
4363,Diego Torres,Mexico,León,58.129999999999995,6,2025-02-14 00:00:00,2025-08-08 00:00:00,Silver,Latin
4364,Daniel Williams,USA,San Antonio,82.33000000000001,9,2024-09-15 00:00:00,2025-06-10 00:00:00,Gold,Rock
4365,William Jones,Australia,Brisbane,32.78,3,2025-10-25 00:00:00,2025-12-07 00:00:00,Bronze,Rock
4366,Emily Thomas,United Kingdom,Bristol,77.22,10,2023-07-21 00:00:00,2024-07-22 00:00:00,Gold,Rock
4367,Markus Bauer,Germany,Nuremberg,11.92,2,2025-10-04 00:00:00,2025-11-03 00:00:00,Bronze,Rock
4368,Sofía Jiménez,Spain,Murcia,13.86,2,2021-01-05 00:00:00,2021-04-09 00:00:00,Bronze,Latin
4369,Matheus Souza,Brazil,Belém,38.620000000000005,7,2019-02-09 00:00:00,2019-07-19 00:00:00,Bronze,Jazz
4370,Mary Green,USA,Jacksonville,77.27,14,2019-05-25 00:00:00,2020-10-15 00:00:00,Gold,World
4371,Joseph Nguyen,USA,Denver,74.19000000000001,10,2024-11-22 00:00:00,2025-12-18 00:00:00,Gold,Electronica/Dance
4372,Beatriz Fernandes,Brazil,Porto Alegre,88.91,12,2025-01-17 00:00:00,2025-12-24 00:00:00,Gold,Alternative & Punk
4373,Mateo Álvarez,Spain,Seville,103.28,17,2020-05-28 00:00:00,2022-01-27 00:00:00,Platinum,Rock
4374,Pierre Fournier,France,Dijon,74.61,11,2023-04-01 00:00:00,2024-08-27 00:00:00,Gold,Rock
4375,Ava Wilson,United Kingdom,Edinburgh,116.47999999999998,13,2024-05-14 00:00:00,2025-09-13 00:00:00,Platinum,Metal
4376,Jennifer Jones,USA,Denver,92.2,13,2022-05-15 00:00:00,2023-08-28 00:00:00,Gold,Rock
4377,Andrew Nguyen,USA,Louisville,49.57,9,2022-08-05 00:00:00,2023-04-10 00:00:00,Silver,Rock
4378,Emily Johnson,United Kingdom,Leicester,63.58,7,2025-07-06 00:00:00,2025-12-28 00:00:00,Silver,Alternative & Punk
4379,Jack Martin,Australia,Townsville,41.50000000000001,8,2021-07-18 00:00:00,2022-02-25 00:00:00,Silver,Latin
4380,John Harris,USA,San Antonio,106.62,14,2024-04-23 00:00:00,2025-07-20 00:00:00,Platinum,Rock
4381,Aarav Nair,India,Delhi,68.93,11,2022-04-14 00:00:00,2024-07-04 00:00:00,Gold,Latin
4382,Laura Williams,USA,Charlotte,56.589999999999996,10,2022-04-22 00:00:00,2023-03-21 00:00:00,Silver,R&B/Soul
4383,Adam Durand,France,Toulon,14.18,3,2022-12-13 00:00:00,2023-03-22 00:00:00,Bronze,Jazz
4384,Markus Weber,Germany,Duisburg,138.19,19,2023-12-23 00:00:00,2025-06-04 00:00:00,Platinum,Rock
4385,Finn Van Dijk,Netherlands,Eindhoven,110.13000000000001,18,2020-05-10 00:00:00,2022-04-03 00:00:00,Platinum,Rock
4386,Nicolás González,Argentina,Buenos Aires,61.809999999999995,10,2023-11-05 00:00:00,2024-08-14 00:00:00,Silver,Rock
4387,Alba García,Spain,Madrid,107.07000000000002,19,2021-11-06 00:00:00,2024-04-14 00:00:00,Platinum,Metal
4388,Álvaro López,Spain,Barcelona,95.94999999999999,11,2024-09-04 00:00:00,2025-10-17 00:00:00,Gold,Rock
4389,Stephanie Johnson,USA,Charlotte,57.44,11,2019-04-28 00:00:00,2020-03-01 00:00:00,Silver,Pop
4390,Michael Flores,USA,Baltimore,65.16999999999999,5,2025-10-12 00:00:00,2025-12-26 00:00:00,Silver,Sci Fi & Fantasy
4391,Lena Klein,Germany,Frankfurt,123.03000000000002,15,2023-12-04 00:00:00,2025-12-25 00:00:00,Platinum,Rock
4392,Clement Martin,France,Nice,10.43,1,2025-09-22 00:00:00,2025-09-22 00:00:00,Bronze,Soundtrack
4393,Noa Romero,Spain,Murcia,88.78,7,2024-07-28 00:00:00,2025-01-09 00:00:00,Gold,Drama
4394,Nicolás Torres,Colombia,Barranquilla,74.22,9,2023-09-08 00:00:00,2024-08-09 00:00:00,Gold,Rock
4395,Martyna Zieliński,Poland,Wrocław,31.29,5,2025-04-18 00:00:00,2025-10-13 00:00:00,Bronze,Metal
4396,Linnea Karlsson,Sweden,Örebro,107.05999999999999,15,2024-10-21 00:00:00,2025-12-15 00:00:00,Platinum,Rock
4397,Amelia Thomas,Canada,Markham,23.84,4,2025-02-24 00:00:00,2025-07-13 00:00:00,Bronze,Rock
4398,Daniel Sánchez,Spain,Zaragoza,31.690000000000005,6,2019-08-14 00:00:00,2020-06-22 00:00:00,Bronze,R&B/Soul
4399,Joseph Brown,USA,San Diego,14.9,1,2025-12-28 00:00:00,2025-12-28 00:00:00,Bronze,Rock
4400,Hannah Schwarz,Germany,Dresden,71.04999999999998,8,2025-03-28 00:00:00,2025-12-20 00:00:00,Gold,Metal
4401,Oscar Walker,United Kingdom,Manchester,18.72,4,2021-06-25 00:00:00,2022-02-27 00:00:00,Bronze,Latin
4402,Linda Flores,USA,Portland,19.25,4,2023-07-28 00:00:00,2024-01-01 00:00:00,Bronze,Rock
4403,Logan Roy,Canada,Montreal,120.87,20,2020-07-01 00:00:00,2022-11-24 00:00:00,Platinum,Rock
4404,Tim Neumann,Germany,Essen,156.06,20,2022-07-28 00:00:00,2024-02-12 00:00:00,Platinum,Rock
4405,Lucas Clarke,Canada,Vaughan,172.60999999999999,19,2024-04-23 00:00:00,2025-12-23 00:00:00,Platinum,Latin
4406,Isla Mitchell,Australia,Newcastle,372.89,35,2021-02-12 00:00:00,2024-07-16 00:00:00,Platinum,TV Shows
4407,Paul Allen,USA,Denver,356.64000000000004,48,2021-05-28 00:00:00,2025-12-04 00:00:00,Platinum,Rock
4408,Catarina Alves,Portugal,Agualva-Cacém,43.910000000000004,9,2022-03-06 00:00:00,2023-05-28 00:00:00,Silver,R&B/Soul
4409,Amelia Thomas,Canada,Surrey,51.31999999999999,8,2024-05-23 00:00:00,2025-02-20 00:00:00,Silver,Rock
4410,Kevin Anderson,USA,San Diego,88.55,15,2022-08-12 00:00:00,2024-04-08 00:00:00,Gold,Heavy Metal
4411,Emma Laurent,France,Nîmes,18.82,4,2021-03-28 00:00:00,2021-06-27 00:00:00,Bronze,Rock
4412,Adam Martin,France,Dijon,88.82000000000001,10,2024-03-08 00:00:00,2024-12-11 00:00:00,Gold,Electronica/Dance
4413,Chloé Dupont,Belgium,Mons,78.17,11,2024-08-10 00:00:00,2025-12-24 00:00:00,Gold,Pop
4414,Hannah Becker,Germany,Düsseldorf,74.5,8,2025-03-22 00:00:00,2025-11-28 00:00:00,Gold,Rock
4415,María Díaz,Spain,Barcelona,31.679999999999996,6,2019-05-04 00:00:00,2019-08-12 00:00:00,Bronze,Latin
4416,Noah Bouchard,Canada,Edmonton,42.690000000000005,10,2021-08-11 00:00:00,2022-06-23 00:00:00,Silver,Alternative & Punk
4417,João Fernandes,Portugal,Agualva-Cacém,59.120000000000005,5,2022-11-25 00:00:00,2023-05-23 00:00:00,Silver,TV Shows
4418,Diego Ferreira,Brazil,Brasília,30.089999999999996,5,2024-11-16 00:00:00,2025-02-24 00:00:00,Bronze,Pop
4419,Ágnes Farkas,Hungary,Érd,15.48,2,2024-01-12 00:00:00,2024-01-28 00:00:00,Bronze,Latin
4420,Liam Harris,Australia,Brisbane,22.349999999999998,4,2025-05-26 00:00:00,2025-12-18 00:00:00,Bronze,Rock
4421,Kevin Wilson,USA,Las Vegas,41.72,4,2025-01-19 00:00:00,2025-05-25 00:00:00,Silver,Rock
4422,Julien Bernard,France,Angers,53.46000000000001,8,2023-07-14 00:00:00,2024-03-25 00:00:00,Silver,Rock
4423,Mattia Costa,Italy,Florence,81.97,12,2025-01-28 00:00:00,2025-12-28 00:00:00,Gold,Easy Listening
4424,Hugo Martins,Portugal,Funchal,27.26,5,2022-04-02 00:00:00,2022-09-02 00:00:00,Bronze,Rock
4425,Joseph Allen,USA,Columbus,112.63,13,2024-10-05 00:00:00,2025-10-13 00:00:00,Platinum,Rock
4426,Ingrid Olsen,Norway,Trondheim,55.67000000000001,10,2021-05-25 00:00:00,2022-06-26 00:00:00,Silver,Rock
4427,William Green,USA,Las Vegas,85.39000000000001,15,2021-07-26 00:00:00,2023-04-28 00:00:00,Gold,Rock
4428,Noah Karlsson,Sweden,Västerås,27.82,4,2025-09-03 00:00:00,2025-12-14 00:00:00,Bronze,Rock
4429,Barbara Thompson,USA,Louisville,66.56,9,2023-08-05 00:00:00,2024-05-06 00:00:00,Gold,Rock
4430,Ben Hoffmann,Germany,Wuppertal,77.21999999999998,12,2021-01-03 00:00:00,2021-12-28 00:00:00,Gold,Alternative & Punk
4431,Jessica Scott,USA,Los Angeles,75.99,7,2025-05-05 00:00:00,2025-12-22 00:00:00,Gold,Rock
4432,Richard Williams,USA,Houston,,0,,,Bronze,
4433,Ethan Thomas,Canada,Toronto,45.739999999999995,7,2023-09-27 00:00:00,2024-06-09 00:00:00,Silver,Rock
4434,Leo David,France,Angers,76.24,16,2019-09-08 00:00:00,2020-09-20 00:00:00,Gold,Rock
4435,Sharon Smith,USA,Indianapolis,159.72,24,2022-08-02 00:00:00,2025-06-23 00:00:00,Platinum,Rock
4436,Daniel Martín,Spain,Madrid,151.60999999999999,24,2021-01-04 00:00:00,2023-12-19 00:00:00,Platinum,Rock
4437,Diego Costa,Brazil,Guarulhos,18.53,4,2022-08-28 00:00:00,2022-11-17 00:00:00,Bronze,Rock
4438,Barbara Moore,USA,Charlotte,62.71000000000001,13,2021-08-26 00:00:00,2022-11-26 00:00:00,Silver,Rock
4439,Charles White,USA,Chicago,46.160000000000004,6,2023-11-09 00:00:00,2024-04-28 00:00:00,Silver,Metal
4440,Łukasz Kwiatkowski,Poland,Warsaw,65.36,13,2020-02-20 00:00:00,2021-01-17 00:00:00,Silver,Rock And Roll
4441,Lea Robert,France,Montpellier,23.84,4,2025-09-11 00:00:00,2025-12-01 00:00:00,Bronze,Blues
4442,Jakub Černý,Czech Republic,Hradec Králové,18.06,3,2024-02-25 00:00:00,2024-03-28 00:00:00,Bronze,Latin
4443,Caoimhe Walsh,Ireland,Limerick,64.15,11,2022-07-23 00:00:00,2023-11-10 00:00:00,Silver,Metal
4444,Julien Morel,France,Lille,16.39,2,2025-04-23 00:00:00,2025-06-16 00:00:00,Bronze,Alternative & Punk
4445,Pierre Durand,France,Lyon,8.33,1,2023-12-13 00:00:00,2023-12-13 00:00:00,Bronze,Rock
4446,Julia Pereira,Brazil,Belém,49.89,7,2023-02-04 00:00:00,2023-10-16 00:00:00,Silver,Rock
4447,Rodrigo Ferreira,Brazil,Manaus,5.45,2,2022-05-25 00:00:00,2022-07-27 00:00:00,Bronze,Alternative & Punk
4448,Samuel Thomas,United Kingdom,Cardiff,72.08999999999999,10,2022-08-25 00:00:00,2023-10-05 00:00:00,Gold,Metal
4449,Manon Jacobs,Belgium,Antwerp,29.75,4,2023-04-24 00:00:00,2023-08-05 00:00:00,Bronze,Latin
4450,Emilia Saarinen,Finland,Kuopio,77.65,16,2021-01-01 00:00:00,2022-10-03 00:00:00,Gold,Latin
4451,Ava Lewis,United Kingdom,Sheffield,232.08999999999992,23,2022-12-25 00:00:00,2025-04-08 00:00:00,Platinum,TV Shows
4452,Molly Magnusson,Sweden,Gothenburg,221.72,20,2020-03-19 00:00:00,2021-09-04 00:00:00,Platinum,Drama
4453,Sofia Fernandes,Portugal,Funchal,137.54000000000002,22,2023-04-21 00:00:00,2025-04-06 00:00:00,Platinum,Rock
4454,Charlotte Anderson,Canada,Halifax,76.95,10,2024-06-28 00:00:00,2025-12-11 00:00:00,Gold,Electronica/Dance
4455,Melissa Flores,USA,Fort Worth,24.75,4,2019-04-13 00:00:00,2019-08-28 00:00:00,Bronze,Metal
4456,Sebastian Clarke,Canada,Montreal,163.17999999999998,27,2021-10-08 00:00:00,2024-04-22 00:00:00,Platinum,Soundtrack
4457,James Brown,USA,Los Angeles,280.3,37,2022-01-27 00:00:00,2025-12-28 00:00:00,Platinum,Jazz
4458,Finn Hoffmann,Germany,Hanover,78.65,13,2022-11-13 00:00:00,2024-01-28 00:00:00,Gold,Metal
4459,John Adams,USA,Chicago,50.17999999999999,9,2022-10-20 00:00:00,2023-08-26 00:00:00,Silver,Rock
4460,Oliver Robinson,Canada,Saskatoon,43.78,7,2021-07-22 00:00:00,2022-04-22 00:00:00,Silver,Rock
4461,Zoe Richard,France,Saint-Étienne,116.39,19,2022-04-26 00:00:00,2023-12-23 00:00:00,Platinum,Bossa Nova
4462,Riya Mishra,India,Bhopal,157.58,22,2022-05-27 00:00:00,2024-11-10 00:00:00,Platinum,Rock
4463,Matheus Ribeiro,Brazil,Curitiba,63.7,9,2023-07-11 00:00:00,2024-08-02 00:00:00,Silver,Rock
4464,Noah King,Australia,Geelong,144.06,18,2023-10-02 00:00:00,2025-12-08 00:00:00,Platinum,Rock
4465,Isabela Barbosa,Brazil,Curitiba,123.33000000000003,18,2021-04-07 00:00:00,2023-01-06 00:00:00,Platinum,Latin
4466,Anna Balogh,Hungary,Szombathely,66.07000000000001,13,2023-03-16 00:00:00,2024-02-05 00:00:00,Gold,Rock
4467,Joshua Wood,United Kingdom,Coventry,13.43,2,2025-09-04 00:00:00,2025-10-11 00:00:00,Bronze,TV Shows
4468,Kathleen Torres,USA,Houston,45.81,6,2022-05-28 00:00:00,2022-12-21 00:00:00,Silver,Latin
4469,Jennifer Young,USA,Phoenix,26.73,4,2019-05-23 00:00:00,2019-10-01 00:00:00,Bronze,Rock
4470,Joshua Hill,USA,Portland,58.04,6,2023-03-22 00:00:00,2023-11-24 00:00:00,Silver,Rock
4471,Gabriel Lopes,Brazil,Recife,49.89,8,2023-06-28 00:00:00,2023-12-16 00:00:00,Silver,Blues
4472,Laura Schwarz,Austria,Dornbirn,75.16,11,2022-07-05 00:00:00,2023-10-04 00:00:00,Gold,Rock
4473,Aadhya Agarwal,India,Thane,27.82,3,2025-09-22 00:00:00,2025-11-08 00:00:00,Bronze,Alternative & Punk
4474,Rebecca White,USA,Dallas,133.82000000000002,14,2023-10-28 00:00:00,2025-03-28 00:00:00,Platinum,Rock
4475,Felix Bauer,Germany,Bielefeld,39.99,6,2024-02-15 00:00:00,2024-08-14 00:00:00,Silver,Rock
4476,Sara Rodríguez,Spain,Málaga,69.54,8,2025-01-15 00:00:00,2025-07-28 00:00:00,Gold,Rock
4477,Rebecca Anderson,USA,Louisville,37.24999999999999,7,2025-04-04 00:00:00,2025-11-08 00:00:00,Bronze,Soundtrack
4478,Mia Wood,United Kingdom,Sheffield,95.49,15,2023-12-14 00:00:00,2025-07-20 00:00:00,Gold,Alternative & Punk
4479,Lea Zimmermann,Germany,Bochum,79.35000000000001,12,2022-10-21 00:00:00,2024-06-03 00:00:00,Gold,Rock
4480,Vikram Choudhary,India,Surat,63.58,7,2025-02-13 00:00:00,2025-11-15 00:00:00,Silver,Rock
4481,Amanda Williams,USA,Nashville,195.05999999999997,22,2023-04-28 00:00:00,2025-12-02 00:00:00,Platinum,Rock
4482,Aleksandra Krawczyk,Poland,Poznań,90.94,15,2021-07-22 00:00:00,2023-01-17 00:00:00,Gold,Alternative & Punk
4483,Klaus Schröder,Germany,Leipzig,30.7,6,2019-05-26 00:00:00,2020-01-04 00:00:00,Bronze,Alternative & Punk
4484,David Garcia,USA,Nashville,105.67000000000002,12,2024-08-09 00:00:00,2025-07-05 00:00:00,Platinum,Blues
4485,Filip Johannessen,Norway,Trondheim,58.940000000000005,8,2023-07-25 00:00:00,2024-05-28 00:00:00,Silver,Latin
4486,Felix Becker,Germany,Düsseldorf,169.82999999999998,26,2021-12-07 00:00:00,2025-02-09 00:00:00,Platinum,Metal
4487,Theo Lima,Brazil,Porto Alegre,137.26999999999998,17,2023-08-14 00:00:00,2025-06-09 00:00:00,Platinum,Alternative & Punk
4488,Matthew Green,USA,Louisville,24.51,4,2024-02-07 00:00:00,2024-04-18 00:00:00,Bronze,Alternative & Punk
4489,Linda Thompson,USA,Houston,59.510000000000005,9,2024-12-20 00:00:00,2025-12-07 00:00:00,Silver,Classical
4490,Paula González,Argentina,San Juan,55.45,11,2020-02-14 00:00:00,2021-03-28 00:00:00,Silver,Jazz
4491,Sharon Torres,USA,Seattle,88.19,11,2024-07-24 00:00:00,2025-09-19 00:00:00,Gold,Latin
4492,Mary Young,USA,New York,39.24,7,2022-02-28 00:00:00,2022-11-15 00:00:00,Bronze,Rock
4493,Kathleen Hill,USA,Las Vegas,58.050000000000004,7,2024-02-28 00:00:00,2024-10-28 00:00:00,Silver,Rock
4494,Onni Laine,Finland,Turku,62.089999999999996,8,2025-02-01 00:00:00,2025-09-23 00:00:00,Silver,Metal
4495,Louise Durand,France,Marseille,146.47000000000003,22,2021-04-04 00:00:00,2023-09-23 00:00:00,Platinum,R&B/Soul
4496,Miguel Marques,Portugal,Funchal,11.99,2,2022-11-11 00:00:00,2022-11-25 00:00:00,Bronze,Blues
4497,Olivia Van den Berg,Netherlands,Groningen,53.99,6,2024-01-09 00:00:00,2024-05-27 00:00:00,Silver,Rock
4498,Jackson Anderson,Canada,Hamilton,28.06,5,2022-10-13 00:00:00,2023-03-15 00:00:00,Bronze,Soundtrack
4499,Lenka Černý,Czech Republic,České Budějovice,132.58,12,2024-04-28 00:00:00,2025-03-21 00:00:00,Platinum,TV Shows
4500,David Wilson,USA,Louisville,59.34,9,2024-04-04 00:00:00,2024-12-23 00:00:00,Silver,Pop
4501,Harper Johnson,Canada,Mississauga,192.99999999999997,29,2020-08-20 00:00:00,2023-02-06 00:00:00,Platinum,Rock
4502,Elizabeth Gagnon,Canada,Winnipeg,62.230000000000004,9,2021-12-26 00:00:00,2022-08-27 00:00:00,Silver,Latin
4503,William Andersson,Sweden,Helsingborg,263.20000000000005,34,2022-08-04 00:00:00,2025-12-06 00:00:00,Platinum,Classical
4504,Richard Nguyen,USA,Phoenix,76.10000000000002,11,2023-10-03 00:00:00,2024-11-15 00:00:00,Gold,Rock
4505,William Lee,Canada,London,275.05999999999995,37,2022-06-23 00:00:00,2025-12-24 00:00:00,Platinum,Alternative & Punk
4506,Susan Jackson,USA,Denver,61.480000000000004,10,2022-11-02 00:00:00,2023-11-10 00:00:00,Silver,Rock
4507,Isla Watson,United Kingdom,Leicester,77.4,10,2024-03-26 00:00:00,2024-11-21 00:00:00,Gold,Metal
4508,Luca Schulz,Germany,Dresden,190.0,21,2020-07-20 00:00:00,2022-12-18 00:00:00,Platinum,Sci Fi & Fantasy
4509,Joshua Walker,United Kingdom,Manchester,213.44,20,2022-08-11 00:00:00,2024-03-26 00:00:00,Platinum,TV Shows
4510,Adam Claes,Belgium,Liège,24.9,4,2023-06-13 00:00:00,2023-11-25 00:00:00,Bronze,Alternative & Punk
4511,Paula Pérez,Argentina,San Juan,58.410000000000004,13,2019-10-21 00:00:00,2021-03-11 00:00:00,Silver,Alternative & Punk
4512,Abigail Johnson,Canada,Toronto,52.239999999999995,8,2024-11-28 00:00:00,2025-11-28 00:00:00,Silver,Rock
4513,Patricia Scott,USA,Portland,60.63,8,2024-04-23 00:00:00,2024-12-03 00:00:00,Silver,Blues
4514,Anthony Wright,USA,Los Angeles,85.86,13,2022-06-28 00:00:00,2023-08-27 00:00:00,Gold,Rock
4515,Evelyn Lavoie,Canada,Laval,58.410000000000004,10,2020-05-23 00:00:00,2021-02-13 00:00:00,Silver,Jazz
4516,Abigail Smith,Canada,Ottawa,95.51999999999998,7,2025-03-18 00:00:00,2025-12-16 00:00:00,Gold,Sci Fi & Fantasy
4517,Maria Gomes,Brazil,Manaus,32.67,6,2020-09-08 00:00:00,2021-06-24 00:00:00,Bronze,Metal
4518,Amy Jackson,USA,Chicago,15.399999999999999,3,2024-09-26 00:00:00,2025-02-05 00:00:00,Bronze,Rock
4519,Amy Jones,USA,Austin,266.12999999999994,22,2023-06-26 00:00:00,2025-07-05 00:00:00,Platinum,Drama
4520,Olivia Wright,United Kingdom,Liverpool,148.35999999999999,19,2024-01-10 00:00:00,2025-11-02 00:00:00,Platinum,Alternative & Punk
4521,Pierre Michel,France,Nantes,119.46,21,2020-09-14 00:00:00,2022-06-04 00:00:00,Platinum,Alternative & Punk
4522,Anthony Wright,USA,Las Vegas,175.81,12,2024-10-12 00:00:00,2025-10-15 00:00:00,Platinum,TV Shows
4523,Evelyn Tremblay,Canada,Brampton,62.830000000000005,9,2024-05-20 00:00:00,2025-03-06 00:00:00,Silver,Alternative & Punk
4524,David Harris,USA,Dallas,41.580000000000005,8,2020-11-20 00:00:00,2021-09-14 00:00:00,Silver,Metal
4525,Oliver Jones,Australia,Melbourne,56.25,7,2023-07-12 00:00:00,2024-04-06 00:00:00,Silver,Rock
4526,Andre Lima,Brazil,Manaus,58.05,11,2024-01-27 00:00:00,2024-11-16 00:00:00,Silver,Rock
4527,Diego Carvalho,Brazil,Rio de Janeiro,139.10999999999999,24,2021-03-11 00:00:00,2023-02-28 00:00:00,Platinum,Latin
4528,Monika Nový,Czech Republic,Plzeň,33.66,7,2019-06-02 00:00:00,2020-01-17 00:00:00,Bronze,Latin
4529,Riccardo Colombo,Italy,Bari,178.37000000000003,24,2023-01-28 00:00:00,2025-11-17 00:00:00,Platinum,Alternative & Punk
4530,Felix Mayr,Austria,Salzburg,25.42,4,2024-03-26 00:00:00,2024-06-23 00:00:00,Bronze,Latin
4531,Olivia Taylor,United Kingdom,Birmingham,58.8,8,2024-12-17 00:00:00,2025-07-21 00:00:00,Silver,Rock
4532,Jan Schröder,Germany,Stuttgart,25.42,3,2024-10-13 00:00:00,2025-01-16 00:00:00,Bronze,Rock
4533,Sofie Johnsen,Norway,Sarpsborg,45.54,8,2020-03-13 00:00:00,2020-09-06 00:00:00,Silver,Alternative & Punk
4534,Alexandre Robert,France,Toulon,27.72,5,2019-03-06 00:00:00,2019-09-18 00:00:00,Bronze,Metal
4535,Liam Fournier,France,Nantes,62.09,9,2025-03-21 00:00:00,2025-12-21 00:00:00,Silver,Rock
4536,Neha Srivastava,India,Nagpur,86.11000000000001,12,2022-12-03 00:00:00,2024-04-13 00:00:00,Gold,Latin
4537,David Taylor,USA,Portland,133.03999999999996,18,2024-03-28 00:00:00,2025-12-04 00:00:00,Platinum,Rock
4538,Aadhya Das,India,Pune,55.25,4,2025-08-05 00:00:00,2025-12-16 00:00:00,Silver,TV Shows
4539,William Smith,Canada,Laval,165.06,24,2023-05-01 00:00:00,2025-08-28 00:00:00,Platinum,Rock
4540,Patricia Wright,USA,Phoenix,7.63,1,2022-01-28 00:00:00,2022-01-28 00:00:00,Bronze,Alternative & Punk
4541,Sofie Johnsen,Norway,Drammen,13.41,1,2025-12-19 00:00:00,2025-12-19 00:00:00,Bronze,Metal
4542,Charlotte Bouchard,Canada,Mississauga,21.78,5,2020-03-22 00:00:00,2020-09-14 00:00:00,Bronze,Metal
4543,Ádám Rácz,Hungary,Győr,10.71,2,2023-02-18 00:00:00,2023-04-05 00:00:00,Bronze,Alternative & Punk
4544,Michael Neumann,Germany,Frankfurt,61.39000000000001,12,2020-05-26 00:00:00,2021-06-10 00:00:00,Silver,Reggae
4545,Adam Bernard,France,Nantes,61.07999999999999,12,2024-09-13 00:00:00,2025-11-23 00:00:00,Silver,Rock
4546,Zoe Moreau,France,Nantes,54.64,6,2025-04-06 00:00:00,2025-09-04 00:00:00,Silver,Rock
4547,David Thomas,USA,Las Vegas,11.88,2,2020-02-15 00:00:00,2020-02-26 00:00:00,Bronze,Rock
4548,Mathis Lambert,Belgium,Namur,46.19,6,2025-02-13 00:00:00,2025-09-14 00:00:00,Silver,Metal
4549,Beatriz Ribeiro,Brazil,Rio de Janeiro,77.81,11,2022-02-05 00:00:00,2023-08-09 00:00:00,Gold,Jazz
4550,James MacDonald,Canada,London,67.73999999999998,10,2023-04-15 00:00:00,2023-12-22 00:00:00,Gold,Latin
4551,Stephanie Adams,USA,Los Angeles,65.89000000000001,12,2021-07-27 00:00:00,2022-09-05 00:00:00,Gold,Rock
4552,Emma Dubois,France,Bordeaux,81.19,16,2019-10-28 00:00:00,2021-05-01 00:00:00,Gold,Metal
4553,Sara Neumann,Germany,Hamburg,85.81000000000002,12,2021-12-26 00:00:00,2023-01-01 00:00:00,Gold,Metal
4554,Hayato Yoshida,Japan,Nagoya,113.28999999999998,16,2024-03-26 00:00:00,2025-12-28 00:00:00,Platinum,Rock
4555,Sarah Thomas,USA,Louisville,30.830000000000002,6,2022-05-28 00:00:00,2023-01-07 00:00:00,Bronze,Rock
4556,Péter Papp,Hungary,Miskolc,79.25999999999999,10,2024-12-16 00:00:00,2025-08-22 00:00:00,Gold,R&B/Soul
4557,Isla Evans,United Kingdom,Bradford,99.8,17,2020-09-06 00:00:00,2022-04-04 00:00:00,Gold,Rock
4558,Mason Lavoie,Canada,Winnipeg,43.86000000000001,6,2024-04-28 00:00:00,2024-12-28 00:00:00,Silver,Rock
4559,Grace Williams,Australia,Sunshine Coast,126.12,16,2023-02-21 00:00:00,2024-12-19 00:00:00,Platinum,Rock
4560,Mila Visser,Netherlands,Tilburg,43.669999999999995,6,2024-05-17 00:00:00,2024-10-14 00:00:00,Silver,Alternative & Punk
4561,Stephanie Jones,USA,San Diego,83.17,15,2019-02-27 00:00:00,2020-06-10 00:00:00,Gold,Rock
4562,Isabella Fortin,Canada,Calgary,41.72,5,2025-07-12 00:00:00,2025-12-18 00:00:00,Silver,Rock
4563,Liam Van Leeuwen,Netherlands,Groningen,43.60000000000001,7,2022-02-01 00:00:00,2022-10-14 00:00:00,Silver,Latin
4564,Judit Oláh,Hungary,Győr,144.84999999999997,23,2021-03-16 00:00:00,2023-03-28 00:00:00,Platinum,Heavy Metal
4565,Avery Anderson,Canada,Toronto,145.57999999999998,12,2023-06-13 00:00:00,2024-05-13 00:00:00,Platinum,Science Fiction
4566,Lucas Thomas,Canada,Winnipeg,93.35999999999999,12,2024-10-26 00:00:00,2025-12-18 00:00:00,Gold,Alternative & Punk
4567,Patricia Anderson,USA,Las Vegas,80.97,8,2023-08-14 00:00:00,2024-03-13 00:00:00,Gold,Sci Fi & Fantasy
4568,Deepak Pandey,India,Chennai,55.47,8,2024-02-19 00:00:00,2024-12-12 00:00:00,Silver,Rock
4569,Leo Bertrand,France,Toulon,17.44,3,2022-05-04 00:00:00,2022-07-15 00:00:00,Bronze,Metal
4570,Benjamin Alves,Brazil,Fortaleza,73.66,11,2024-03-17 00:00:00,2025-07-28 00:00:00,Gold,Rock
4571,Avery Robinson,Canada,Montreal,24.75,5,2019-03-09 00:00:00,2019-08-13 00:00:00,Bronze,Latin
4572,Sarah Green,USA,San Jose,73.62,11,2023-10-08 00:00:00,2024-07-27 00:00:00,Gold,Alternative & Punk
4573,Martin Marek,Czech Republic,České Budějovice,114.38000000000002,21,2020-09-21 00:00:00,2022-07-19 00:00:00,Platinum,Rock
4574,Liam Eriksen,Norway,Tromsø,16.35,3,2022-06-02 00:00:00,2022-08-28 00:00:00,Bronze,Alternative & Punk
4575,Noah Walker,Australia,Geelong,86.42,10,2025-01-27 00:00:00,2025-11-27 00:00:00,Gold,Rock
4576,Luciana Pérez,Argentina,Buenos Aires,45.88,7,2021-11-10 00:00:00,2022-03-28 00:00:00,Silver,Rock
4577,Kathleen Moore,USA,Fort Worth,36.63,6,2021-05-21 00:00:00,2021-10-27 00:00:00,Bronze,Blues
4578,Rahul Patel,India,Nagpur,68.00999999999999,8,2024-07-01 00:00:00,2025-07-26 00:00:00,Gold,Rock
4579,Jacob White,United Kingdom,Leeds,39.61,7,2019-07-15 00:00:00,2020-01-20 00:00:00,Silver,Rock
4580,Charlotte Clarke,Canada,Vaughan,39.959999999999994,8,2022-11-27 00:00:00,2023-06-04 00:00:00,Silver,Alternative & Punk
4581,Laura Ferreira,Brazil,Belo Horizonte,116.46999999999998,18,2024-04-10 00:00:00,2025-11-11 00:00:00,Platinum,Rock
4582,Daniel Flores,USA,Portland,81.22999999999999,14,2024-05-15 00:00:00,2025-08-10 00:00:00,Gold,Rock
4583,Siiri Mäkinen,Finland,Helsinki,50.49000000000001,10,2021-03-26 00:00:00,2021-12-28 00:00:00,Silver,Alternative & Punk
4584,Ethan Scott,Australia,Geelong,69.31,12,2020-04-09 00:00:00,2021-08-07 00:00:00,Gold,Metal
4585,Louise Bertrand,France,Montpellier,90.01,9,2025-02-16 00:00:00,2025-10-28 00:00:00,Gold,Bossa Nova
4586,Patricia Thomas,USA,Denver,141.29000000000002,12,2024-12-02 00:00:00,2025-09-14 00:00:00,Platinum,Drama
4587,Sarah Nelson,USA,Portland,63.99000000000001,8,2023-08-02 00:00:00,2024-05-24 00:00:00,Silver,Rock
4588,Sofia Silva,Portugal,Agualva-Cacém,117.86000000000001,18,2023-03-15 00:00:00,2024-08-28 00:00:00,Platinum,Latin
4589,Amelia Fortin,Canada,Surrey,53.550000000000004,9,2023-05-22 00:00:00,2023-12-09 00:00:00,Silver,Rock
4590,Heitor Gomes,Brazil,Porto Alegre,106.14999999999999,13,2024-09-19 00:00:00,2025-11-17 00:00:00,Platinum,Latin
4591,Klaus Weber,Germany,Dortmund,75.66,8,2025-07-05 00:00:00,2025-12-28 00:00:00,Gold,Drama
4592,Felipe Martins,Brazil,Guarulhos,36.79,3,2019-05-28 00:00:00,2020-01-19 00:00:00,Bronze,TV Shows
4593,Martina Blažek,Czech Republic,Plzeň,75.19000000000001,13,2023-02-20 00:00:00,2024-02-09 00:00:00,Gold,Latin
4594,Stefan Zimmermann,Germany,Munich,70.69999999999999,8,2024-08-18 00:00:00,2025-06-15 00:00:00,Gold,Latin
4595,Patricia Green,USA,Phoenix,42.589999999999996,7,2019-10-15 00:00:00,2020-06-10 00:00:00,Silver,Alternative & Punk
4596,Ava Lee,Canada,Brampton,32.78,4,2025-08-24 00:00:00,2025-12-13 00:00:00,Bronze,Metal
4597,Louise Robert,France,Nice,19.61,3,2021-10-13 00:00:00,2022-01-15 00:00:00,Bronze,Heavy Metal
4598,Samuel Johnson,United Kingdom,Bristol,26.82,2,2025-11-14 00:00:00,2025-12-18 00:00:00,Bronze,Alternative & Punk
4599,Antoine David,France,Grenoble,92.07,18,2019-09-21 00:00:00,2021-03-03 00:00:00,Gold,Latin
4600,Paul Taylor,USA,Los Angeles,49.17,7,2025-05-28 00:00:00,2025-12-28 00:00:00,Silver,Metal
4601,Lautaro García,Argentina,Mendoza,116.58000000000001,14,2024-04-21 00:00:00,2025-09-09 00:00:00,Platinum,Latin
4602,Markus Wolf,Germany,Frankfurt,48.370000000000005,7,2024-11-15 00:00:00,2025-05-28 00:00:00,Silver,Latin
4603,Grace Williams,Australia,Hobart,15.920000000000002,2,2025-06-14 00:00:00,2025-07-27 00:00:00,Bronze,Sci Fi & Fantasy
4604,Harper Anderson,Canada,Ottawa,86.94000000000001,17,2020-11-15 00:00:00,2022-03-18 00:00:00,Gold,Rock
4605,Mia Koch,Germany,Leipzig,99.95000000000002,16,2021-05-23 00:00:00,2022-12-16 00:00:00,Gold,Rock
4606,Kevin Wright,USA,Dallas,60.419999999999995,9,2023-10-03 00:00:00,2024-08-15 00:00:00,Silver,Blues
4607,Davi Souza,Brazil,Guarulhos,266.0799999999999,40,2020-11-18 00:00:00,2025-05-21 00:00:00,Platinum,Rock
4608,Luciana Ramírez,Argentina,Buenos Aires,58.64000000000001,12,2021-06-25 00:00:00,2022-08-23 00:00:00,Silver,Latin
4609,Jessica Anderson,USA,Memphis,11.899999999999999,2,2023-09-11 00:00:00,2023-09-23 00:00:00,Bronze,Blues
4610,Baptiste David,France,Nîmes,138.63,23,2019-06-05 00:00:00,2021-10-04 00:00:00,Platinum,Alternative & Punk
4611,Adam Janssen,Belgium,Liège,118.83999999999999,20,2019-08-22 00:00:00,2021-12-17 00:00:00,Platinum,Metal
4612,Helena Silva,Brazil,São Paulo,24.42,4,2024-10-22 00:00:00,2025-01-01 00:00:00,Bronze,Rock
4613,Mia Weber,Germany,Nuremberg,56.62,6,2025-03-10 00:00:00,2025-09-03 00:00:00,Silver,Alternative & Punk
4614,Sophia Brown,Canada,Surrey,176.4,14,2024-01-21 00:00:00,2025-09-08 00:00:00,Platinum,Drama
4615,Isabella González,Argentina,Tucumán,68.25,12,2023-02-26 00:00:00,2024-04-19 00:00:00,Gold,Rock
4616,Stefan Schmidt,Germany,Bielefeld,55.129999999999995,7,2025-06-06 00:00:00,2025-11-19 00:00:00,Silver,Rock
4617,Linda Thompson,USA,Los Angeles,151.03,26,2021-04-11 00:00:00,2023-10-25 00:00:00,Platinum,Metal
4618,Harper Wilson,Canada,Edmonton,19.37,2,2025-12-13 00:00:00,2025-12-28 00:00:00,Bronze,Latin
4619,Benjamin Robinson,United Kingdom,London,53.010000000000005,9,2021-12-20 00:00:00,2022-12-28 00:00:00,Silver,Rock
4620,Antoine Petit,France,Nice,59.300000000000004,9,2022-08-26 00:00:00,2023-06-19 00:00:00,Silver,Rock
4621,Cynthia Johnson,USA,Fort Worth,27.25,5,2022-06-02 00:00:00,2022-12-28 00:00:00,Bronze,Metal
4622,Amy Brown,USA,Fort Worth,4.47,1,2025-10-04 00:00:00,2025-10-04 00:00:00,Bronze,Rock
4623,Gabriele De Luca,Italy,Naples,183.44000000000003,28,2021-04-11 00:00:00,2024-07-02 00:00:00,Platinum,Rock
4624,Paul Garcia,USA,San Diego,50.93,9,2021-08-22 00:00:00,2022-07-11 00:00:00,Silver,Latin
4625,William Wilson,Canada,Markham,108.06,12,2024-12-23 00:00:00,2025-12-25 00:00:00,Platinum,Alternative & Punk
4626,Sophia Clarke,Canada,Surrey,62.13000000000001,10,2022-02-02 00:00:00,2022-12-21 00:00:00,Silver,Alternative & Punk
4627,Edward Watson,United Kingdom,Sheffield,65.39999999999999,11,2022-02-27 00:00:00,2022-12-27 00:00:00,Silver,Metal
4628,Léa Claeys,Belgium,Namur,41.21,5,2024-10-28 00:00:00,2025-05-20 00:00:00,Silver,Alternative & Punk
4629,Paula Acosta,Argentina,Córdoba,47.58,5,2024-10-08 00:00:00,2025-01-26 00:00:00,Silver,TV Shows
4630,Miguel Costa,Portugal,Agualva-Cacém,20.41,2,2025-09-26 00:00:00,2025-12-02 00:00:00,Bronze,TV Shows
4631,Kevin Taylor,USA,Charlotte,126.05999999999999,23,2021-11-05 00:00:00,2024-09-04 00:00:00,Platinum,Alternative & Punk
4632,Leo Lefebvre,France,Lille,43.03999999999999,8,2023-05-15 00:00:00,2024-01-10 00:00:00,Silver,Classical
4633,João Carvalho,Portugal,Porto,7.45,1,2025-12-25 00:00:00,2025-12-25 00:00:00,Bronze,Rock
4634,Isabella Sánchez,Mexico,Mexico City,276.02,45,2019-09-02 00:00:00,2024-10-24 00:00:00,Platinum,R&B/Soul
4635,Jennifer Brown,USA,Columbus,135.16,19,2022-07-17 00:00:00,2023-10-24 00:00:00,Platinum,Alternative & Punk
4636,Jessica Nelson,USA,Philadelphia,53.68,6,2020-06-12 00:00:00,2021-03-07 00:00:00,Silver,Drama
4637,Kevin Miller,USA,Austin,74.06,12,2022-05-11 00:00:00,2023-07-26 00:00:00,Gold,Rock
4638,Lena Neumann,Germany,Bochum,129.89,19,2024-04-28 00:00:00,2025-12-28 00:00:00,Platinum,Rock
4639,Nuno Ferreira,Portugal,Lisbon,5.16,1,2024-10-17 00:00:00,2024-10-17 00:00:00,Bronze,Rock
4640,Charlotte MacDonald,Canada,Laval,73.80000000000001,13,2023-06-22 00:00:00,2024-05-10 00:00:00,Gold,Metal
4641,Leonardo Pereira,Brazil,Fortaleza,19.369999999999997,2,2025-10-21 00:00:00,2025-12-28 00:00:00,Bronze,Latin
4642,Michael Flores,USA,Indianapolis,89.01,11,2024-03-15 00:00:00,2024-10-26 00:00:00,Gold,Rock
4643,Ella Lindqvist,Sweden,Uppsala,163.35000000000002,23,2023-01-17 00:00:00,2025-12-09 00:00:00,Platinum,Rock
4644,Baptiste Laurent,France,Paris,149.90999999999997,21,2023-11-15 00:00:00,2025-09-16 00:00:00,Platinum,Rock
4645,Sofia Thomas,Canada,Saskatoon,73.78,13,2024-02-10 00:00:00,2025-11-08 00:00:00,Gold,Latin
4646,Stefan Koch,Germany,Essen,38.739999999999995,6,2025-07-14 00:00:00,2025-12-28 00:00:00,Bronze,Rock
4647,Andrew Scott,USA,Indianapolis,130.15000000000003,22,2020-06-28 00:00:00,2022-12-18 00:00:00,Platinum,Rock
4648,William Wood,United Kingdom,Glasgow,41.279999999999994,7,2024-01-18 00:00:00,2024-09-23 00:00:00,Silver,Rock
4649,Manon Michel,France,Rennes,89.85000000000001,13,2022-07-08 00:00:00,2024-02-28 00:00:00,Gold,Rock
4650,Alfie Wood,United Kingdom,Coventry,142.87,19,2024-02-22 00:00:00,2025-11-26 00:00:00,Platinum,Rock
4651,Sara Richter,Germany,Düsseldorf,95.86999999999998,11,2025-01-27 00:00:00,2025-12-28 00:00:00,Gold,Rock
4652,Susan Hill,USA,Dallas,20.71,4,2022-07-01 00:00:00,2022-09-03 00:00:00,Bronze,Latin
4653,Raphael Durand,France,Nîmes,342.9099999999999,35,2021-06-08 00:00:00,2024-07-25 00:00:00,Platinum,TV Shows
4654,Raphael David,France,Toulouse,46.440000000000005,6,2024-05-01 00:00:00,2024-10-18 00:00:00,Silver,Latin
4655,Mark Thomas,USA,Fort Worth,304.6999999999999,46,2021-02-10 00:00:00,2025-11-28 00:00:00,Platinum,Rock
4656,Noah Evans,United Kingdom,Edinburgh,16.39,2,2025-11-13 00:00:00,2025-12-22 00:00:00,Bronze,Rock
4657,Mariana Sousa,Portugal,Braga,110.85000000000002,19,2021-03-22 00:00:00,2023-02-13 00:00:00,Platinum,Metal
4658,Mary Young,USA,Nashville,34.300000000000004,6,2022-10-07 00:00:00,2023-03-17 00:00:00,Bronze,Alternative & Punk
4659,Pari Mishra,India,Visakhapatnam,40.410000000000004,8,2021-09-16 00:00:00,2022-06-06 00:00:00,Silver,Alternative & Punk
4660,Tim Schröder,Germany,Stuttgart,58.42,12,2020-10-14 00:00:00,2021-09-23 00:00:00,Silver,Rock
4661,Elijah Wilson,Canada,Montreal,196.71999999999997,30,2023-04-08 00:00:00,2025-12-22 00:00:00,Platinum,Rock
4662,Astrid Christiansen,Denmark,Randers,62.19999999999999,11,2023-04-04 00:00:00,2024-06-16 00:00:00,Silver,Rock
4663,Joseph Thomas,USA,Fort Worth,26.82,4,2025-06-08 00:00:00,2025-09-14 00:00:00,Bronze,Latin
4664,Heitor Lopes,Brazil,Curitiba,85.0,10,2024-09-01 00:00:00,2025-09-07 00:00:00,Gold,Metal
4665,Liam Bouchard,Canada,Laval,204.66,19,2024-07-25 00:00:00,2025-12-23 00:00:00,Platinum,TV Shows
4666,Kathleen Allen,USA,Chicago,143.02,22,2023-03-24 00:00:00,2025-10-28 00:00:00,Platinum,Latin
4667,Jakub Hájek,Czech Republic,Olomouc,5.96,1,2025-12-24 00:00:00,2025-12-24 00:00:00,Bronze,Soundtrack
4668,Sofia Lopes,Portugal,Porto,81.58000000000001,13,2022-01-03 00:00:00,2023-02-08 00:00:00,Gold,Rock
4669,Marie Wimmer,Austria,Villach,25.740000000000002,5,2021-04-26 00:00:00,2021-11-28 00:00:00,Bronze,Rock
4670,Sofia Schröder,Germany,Hanover,81.72999999999999,12,2024-04-28 00:00:00,2025-12-10 00:00:00,Gold,Rock
4671,Pedro Ribeiro,Portugal,Agualva-Cacém,21.529999999999998,4,2023-12-23 00:00:00,2024-03-20 00:00:00,Bronze,Latin
4672,Sharon Torres,USA,Columbus,76.99,9,2024-11-26 00:00:00,2025-07-25 00:00:00,Gold,Pop
4673,Nora Jansen,Netherlands,Tilburg,95.15000000000002,15,2023-06-12 00:00:00,2025-01-21 00:00:00,Gold,Pop
4674,Liam Fortin,Canada,Saskatoon,28.38,3,2024-10-16 00:00:00,2024-12-25 00:00:00,Bronze,Alternative & Punk
4675,Amelia MacDonald,Canada,Brampton,42.480000000000004,8,2021-07-28 00:00:00,2022-03-01 00:00:00,Silver,Alternative & Punk
4676,Wiktoria Kowalski,Poland,Łódź,114.99000000000001,9,2025-01-20 00:00:00,2025-11-14 00:00:00,Platinum,TV Shows
4677,Tomás Gómez,Argentina,Buenos Aires,185.78999999999996,21,2021-11-05 00:00:00,2023-06-28 00:00:00,Platinum,Sci Fi & Fantasy
4678,Julia Lewandowski,Poland,Bydgoszcz,26.82,2,2025-08-26 00:00:00,2025-12-05 00:00:00,Bronze,Alternative & Punk
4679,Zoe Bertrand,France,Nîmes,49.51,8,2019-07-28 00:00:00,2020-04-28 00:00:00,Silver,Metal
4680,Jacob Lewis,United Kingdom,Liverpool,17.44,4,2022-06-22 00:00:00,2022-10-26 00:00:00,Bronze,Rock
4681,James Thomas,Canada,Markham,68.07000000000001,9,2023-04-13 00:00:00,2024-04-23 00:00:00,Gold,Rock
4682,Jessica Taylor,USA,Denver,119.28999999999999,14,2024-08-01 00:00:00,2025-12-01 00:00:00,Platinum,Rock
4683,Mateo Aguirre,Argentina,Rosario,89.87,15,2020-12-11 00:00:00,2022-03-18 00:00:00,Gold,Alternative
4684,Alice Esposito,Italy,Naples,64.16,9,2022-07-21 00:00:00,2023-03-28 00:00:00,Silver,Latin
4685,Martina Beneš,Czech Republic,Plzeň,56.17,6,2023-11-28 00:00:00,2024-05-28 00:00:00,Silver,Hip Hop/Rap
4686,Arjun Bose,India,Kanpur,73.69,10,2024-11-01 00:00:00,2025-09-12 00:00:00,Gold,Blues
4687,Valentina Díaz,Argentina,Córdoba,54.38,10,2021-04-21 00:00:00,2022-05-18 00:00:00,Silver,Rock
4688,Oliver Robinson,Canada,Gatineau,117.32999999999997,20,2022-11-15 00:00:00,2024-05-19 00:00:00,Platinum,Rock
4689,Väinö Niemi,Finland,Oulu,65.33999999999999,14,2020-10-28 00:00:00,2021-12-05 00:00:00,Silver,Rock
4690,John Scott,USA,Denver,67.33,13,2020-11-11 00:00:00,2021-10-26 00:00:00,Gold,Latin
4691,Jack Tremblay,Canada,Ottawa,69.02999999999999,7,2024-12-08 00:00:00,2025-07-20 00:00:00,Gold,Rock
4692,Rebecca Allen,USA,Portland,106.73000000000002,12,2024-01-18 00:00:00,2025-09-25 00:00:00,Platinum,Rock
4693,Charles Garcia,USA,Charlotte,115.47,13,2024-04-03 00:00:00,2025-12-06 00:00:00,Platinum,Rock
4694,Cynthia Adams,USA,Portland,111.53000000000002,15,2023-03-20 00:00:00,2024-10-10 00:00:00,Platinum,Alternative & Punk
4695,Alexandre Moreau,France,Nice,68.53999999999999,10,2023-03-16 00:00:00,2024-01-07 00:00:00,Gold,Metal
4696,Michael Davis,USA,Columbus,39.53,6,2024-10-03 00:00:00,2025-05-08 00:00:00,Bronze,Latin
4697,Raphael Roux,France,Rennes,139.79,21,2021-03-15 00:00:00,2022-12-13 00:00:00,Platinum,Rock
4698,Lucie Fiala,Czech Republic,Hradec Králové,98.53000000000002,18,2020-11-23 00:00:00,2022-03-03 00:00:00,Gold,Rock
4699,Emily Smith,Canada,Saskatoon,67.22999999999999,12,2022-12-05 00:00:00,2023-11-26 00:00:00,Gold,Rock
4700,Benjamin Anderson,Canada,Winnipeg,,0,,,Bronze,
4701,Olivia Hendriks,Netherlands,Rotterdam,165.98,24,2023-01-28 00:00:00,2025-05-06 00:00:00,Platinum,Metal
4702,Hina Saito,Japan,Kawasaki,98.33999999999999,11,2025-04-08 00:00:00,2025-12-28 00:00:00,Gold,Classical
4703,Filipa Santos,Portugal,Funchal,4.76,1,2023-12-16 00:00:00,2023-12-16 00:00:00,Bronze,Jazz
4704,Lukas Meyer,Germany,Düsseldorf,61.60000000000001,8,2025-03-14 00:00:00,2025-12-18 00:00:00,Silver,Rock
4705,Lucas Clarke,Canada,Ottawa,69.31,12,2019-04-23 00:00:00,2020-05-14 00:00:00,Gold,Hip Hop/Rap
4706,Emily Martin,Canada,Montreal,32.25,5,2024-04-28 00:00:00,2024-08-02 00:00:00,Bronze,Rock
4707,Markus Müller,Germany,Wuppertal,109.24,14,2024-07-09 00:00:00,2025-10-10 00:00:00,Platinum,Rock
4708,Markus Weber,Germany,Hamburg,53.02000000000001,8,2024-04-20 00:00:00,2025-05-28 00:00:00,Silver,Soundtrack
4709,Tomáš Horák,Czech Republic,Olomouc,101.84,14,2022-01-16 00:00:00,2023-08-01 00:00:00,Gold,Metal
4710,Isabella Wood,United Kingdom,Birmingham,28.310000000000002,4,2025-10-04 00:00:00,2025-12-26 00:00:00,Bronze,Latin
4711,Ethan Martin,Canada,Hamilton,59.6,7,2025-05-28 00:00:00,2025-12-22 00:00:00,Silver,Rock
4712,Pedro Sousa,Brazil,São Luís,79.91000000000001,14,2020-10-22 00:00:00,2022-01-12 00:00:00,Gold,Jazz
4713,Julia Costa,Brazil,Recife,132.92,21,2023-08-28 00:00:00,2025-12-10 00:00:00,Platinum,Rock
4714,Deepak Sharma,India,Bhopal,153.20999999999998,18,2021-07-17 00:00:00,2023-10-22 00:00:00,Platinum,Sci Fi & Fantasy
4715,Klaus Schröder,Germany,Bochum,41.09,6,2024-01-06 00:00:00,2024-08-22 00:00:00,Silver,Classical
4716,Eino Salminen,Finland,Oulu,23.39,2,2025-12-02 00:00:00,2025-12-13 00:00:00,Bronze,TV Shows
4717,Julia Ortner,Austria,Dornbirn,35.64,8,2021-05-28 00:00:00,2021-12-28 00:00:00,Bronze,Metal
4718,Sofia Wagner,Germany,Wuppertal,35.65,7,2021-07-20 00:00:00,2022-03-10 00:00:00,Bronze,Metal
4719,Bruno Rodrigues,Portugal,Amadora,71.80999999999999,9,2024-12-22 00:00:00,2025-12-10 00:00:00,Gold,Rock
4720,Robert Garcia,USA,San Jose,73.66,6,2025-06-13 00:00:00,2025-11-20 00:00:00,Gold,Comedy
4721,Florencia Espinoza,Chile,Arica,98.66000000000001,14,2022-09-18 00:00:00,2023-10-04 00:00:00,Gold,Blues
4722,Liam Berg,Norway,Sarpsborg,32.779999999999994,4,2025-07-18 00:00:00,2025-12-08 00:00:00,Bronze,Rock
4723,Jessica Smith,USA,Austin,209.51,27,2023-04-18 00:00:00,2025-04-26 00:00:00,Platinum,Rock
4724,Michael Allen,USA,Indianapolis,61.379999999999995,14,2019-10-15 00:00:00,2021-02-23 00:00:00,Silver,Latin
4725,Eduardo Fernandes,Brazil,Campinas,41.82,6,2022-08-22 00:00:00,2023-01-10 00:00:00,Silver,Alternative & Punk
4726,Arthur Gomes,Brazil,Guarulhos,80.14999999999999,7,2025-03-12 00:00:00,2025-11-19 00:00:00,Gold,TV Shows
4727,Alice Costa,Italy,Milan,86.21000000000001,15,2023-06-17 00:00:00,2024-10-19 00:00:00,Gold,Rock
4728,Catarina Santos,Portugal,Braga,39.6,6,2021-02-12 00:00:00,2021-09-14 00:00:00,Bronze,Rock
4729,Nathan Richard,France,Nice,45.56,8,2020-08-11 00:00:00,2021-05-11 00:00:00,Silver,Metal
4730,Ethan Roux,France,Dijon,39.99,5,2024-02-12 00:00:00,2024-08-05 00:00:00,Silver,Alternative & Punk
4731,William Taylor,USA,Jacksonville,129.7,16,2024-08-17 00:00:00,2025-12-19 00:00:00,Platinum,Alternative & Punk
4732,Riya Nair,India,Thane,41.599999999999994,6,2019-04-28 00:00:00,2019-09-20 00:00:00,Silver,Rock
4733,Donald Green,USA,New York,8.94,1,2025-12-01 00:00:00,2025-12-01 00:00:00,Bronze,Rock
4734,Ebba Olsson,Sweden,Örebro,126.22000000000001,16,2023-08-05 00:00:00,2024-11-28 00:00:00,Platinum,Soundtrack
4735,Michael Garcia,USA,Austin,22.18,5,2021-08-08 00:00:00,2022-01-25 00:00:00,Bronze,Latin
4736,Oliver Scott,Australia,Sydney,18.060000000000002,3,2024-04-02 00:00:00,2024-10-20 00:00:00,Bronze,Rock
4737,Andrea Conti,Italy,Genoa,168.67999999999998,27,2021-05-28 00:00:00,2024-01-10 00:00:00,Platinum,Latin
4738,William Davies,United Kingdom,Birmingham,4.47,1,2025-08-09 00:00:00,2025-08-09 00:00:00,Bronze,Alternative & Punk
4739,Lea Lefebvre,France,Lyon,38.82,4,2025-07-21 00:00:00,2025-12-25 00:00:00,Bronze,Drama
4740,Andre Oliveira,Brazil,Salvador,118.12999999999998,16,2023-07-26 00:00:00,2025-06-01 00:00:00,Platinum,Latin
4741,Santiago Gómez,Argentina,Córdoba,44.33,7,2023-03-22 00:00:00,2024-02-03 00:00:00,Silver,Rock
4742,Anna Wolf,Germany,Bielefeld,69.42,12,2022-10-22 00:00:00,2023-10-28 00:00:00,Gold,Latin
4743,Laura Jackson,USA,Las Vegas,21.93,4,2024-01-28 00:00:00,2024-04-24 00:00:00,Bronze,Pop
4744,Tomáš Pokorný,Czech Republic,Plzeň,62.09,9,2023-06-22 00:00:00,2024-04-13 00:00:00,Silver,Rock
4745,Hugo Garcia,France,Bordeaux,32.78,4,2025-09-08 00:00:00,2025-12-03 00:00:00,Bronze,Latin
4746,Caio Santos,Brazil,Curitiba,250.52000000000004,36,2022-11-04 00:00:00,2025-12-28 00:00:00,Platinum,Metal
4747,Liam Jensen,Denmark,Copenhagen,75.99,8,2025-04-10 00:00:00,2025-12-10 00:00:00,Gold,Alternative & Punk
4748,Valdemar Johansen,Denmark,Aalborg,118.22000000000001,17,2021-08-27 00:00:00,2023-06-26 00:00:00,Platinum,Rock
4749,Sem Van den Berg,Netherlands,Breda,55.65,7,2023-09-27 00:00:00,2024-04-20 00:00:00,Silver,Rock
4750,Jessica Taylor,USA,Fort Worth,121.72,11,2023-11-18 00:00:00,2025-03-03 00:00:00,Platinum,Drama
4751,Sarah Williams,USA,Austin,77.15,8,2022-10-06 00:00:00,2023-07-14 00:00:00,Gold,Latin
4752,Olivia Young,Australia,Adelaide,83.3,17,2021-05-04 00:00:00,2022-10-14 00:00:00,Gold,Rock
4753,Petra Pospíšil,Czech Republic,Prague,150.92000000000004,25,2020-03-21 00:00:00,2022-10-08 00:00:00,Platinum,Rock
4754,Ava Jones,United Kingdom,Cardiff,154.01999999999998,20,2024-03-27 00:00:00,2025-12-27 00:00:00,Platinum,Rock
4755,Noa Ruiz,Spain,Murcia,52.21,9,2024-04-12 00:00:00,2025-01-22 00:00:00,Silver,Bossa Nova
4756,Camila Martínez,Argentina,Mar del Plata,23.990000000000002,4,2022-08-24 00:00:00,2022-12-10 00:00:00,Bronze,Metal
4757,Benjamin Jones,United Kingdom,Glasgow,67.36,10,2023-09-02 00:00:00,2024-04-08 00:00:00,Gold,Rock
4758,Nicolas Lefebvre,France,Paris,98.83,13,2024-10-19 00:00:00,2025-11-16 00:00:00,Gold,Rock
4759,Joana Silva,Portugal,Lisbon,44.01,6,2022-06-26 00:00:00,2023-01-23 00:00:00,Silver,Jazz
4760,Kacper Nowak,Poland,Lublin,14.94,1,2025-12-12 00:00:00,2025-12-12 00:00:00,Bronze,Drama
4761,Kathleen White,USA,Columbus,213.83,17,2024-05-19 00:00:00,2025-12-09 00:00:00,Platinum,TV Shows
4762,Laura Anderson,USA,Columbus,64.58,9,2023-05-20 00:00:00,2024-06-13 00:00:00,Silver,Jazz
4763,Michael Scott,USA,Seattle,91.46999999999998,14,2023-10-04 00:00:00,2024-11-02 00:00:00,Gold,Electronica/Dance
4764,Emily Wood,United Kingdom,Leeds,31.68,6,2021-06-10 00:00:00,2021-12-20 00:00:00,Bronze,Metal
4765,Hugo Richard,France,Saint-Étienne,189.59999999999997,23,2023-08-11 00:00:00,2025-12-04 00:00:00,Platinum,Rock
4766,Arthur Fernandes,Brazil,Belo Horizonte,71.49000000000001,10,2022-09-07 00:00:00,2023-12-24 00:00:00,Gold,Jazz
4767,Linda Thompson,USA,Nashville,67.76,14,2020-12-25 00:00:00,2022-10-07 00:00:00,Gold,Easy Listening
4768,Jade Bertrand,France,Grenoble,20.79,3,2021-03-02 00:00:00,2021-05-27 00:00:00,Bronze,Reggae
4769,Sofia Romano,Italy,Catania,41.0,5,2024-10-05 00:00:00,2025-01-13 00:00:00,Silver,Rock
4770,Poppy Thompson,United Kingdom,Edinburgh,144.26000000000002,21,2023-08-10 00:00:00,2025-12-05 00:00:00,Platinum,Metal
4771,Edward Johnson,United Kingdom,Bristol,89.56,9,2024-10-28 00:00:00,2025-05-04 00:00:00,Gold,Rock
4772,Anna Takács,Hungary,Érd,39.29,6,2023-12-13 00:00:00,2024-08-15 00:00:00,Bronze,Jazz
4773,Emma Lehtonen,Finland,Turku,19.63,4,2022-07-18 00:00:00,2022-09-26 00:00:00,Bronze,Rock
4774,Julia Brouwer,Netherlands,Almere,147.46,19,2024-01-06 00:00:00,2025-11-26 00:00:00,Platinum,Latin
4775,Olivia Vos,Netherlands,Breda,109.35000000000001,19,2021-11-03 00:00:00,2024-01-22 00:00:00,Platinum,Rock
4776,Olivia Wilson,Canada,London,136.56,17,2024-06-28 00:00:00,2025-12-28 00:00:00,Platinum,Rock
4777,Mariana Mendoza,Mexico,León,182.82999999999996,32,2021-08-15 00:00:00,2024-09-19 00:00:00,Platinum,Rock
4778,Robert King,USA,Indianapolis,92.66999999999999,10,2024-11-14 00:00:00,2025-07-21 00:00:00,Gold,Rock
4779,Reyansh Patel,India,Lucknow,25.799999999999997,4,2024-09-17 00:00:00,2024-12-25 00:00:00,Bronze,Rock
4780,Emily Miller,USA,Philadelphia,90.21,12,2024-02-28 00:00:00,2025-01-13 00:00:00,Gold,Latin
4781,Elias Heikkilä,Finland,Oulu,171.06999999999996,23,2023-12-23 00:00:00,2025-12-17 00:00:00,Platinum,Alternative & Punk
4782,Ricardo Gomes,Portugal,Agualva-Cacém,85.17,13,2022-10-01 00:00:00,2023-08-17 00:00:00,Gold,Latin
4783,James Williams,United Kingdom,Brighton,140.89,17,2024-05-22 00:00:00,2025-12-26 00:00:00,Platinum,Alternative & Punk
4784,Nathan Maes,Belgium,Leuven,,0,,,Bronze,
4785,Sophia Roy,Canada,Gatineau,66.87,7,2023-11-16 00:00:00,2024-06-13 00:00:00,Gold,Reggae
4786,Ella Williams,United Kingdom,Manchester,150.46,21,2021-09-20 00:00:00,2023-05-14 00:00:00,Platinum,Bossa Nova
4787,Lucía Navarro,Spain,Seville,83.06000000000002,13,2023-04-20 00:00:00,2024-04-03 00:00:00,Gold,Latin
4788,Miguel Santos,Brazil,Guarulhos,68.81,11,2022-04-18 00:00:00,2023-05-17 00:00:00,Gold,Alternative & Punk
4789,Caio Ribeiro,Brazil,Rio de Janeiro,133.92,11,2024-12-10 00:00:00,2025-09-23 00:00:00,Platinum,Sci Fi & Fantasy
4790,Alice Barbosa,Brazil,São Paulo,58.43,10,2019-11-14 00:00:00,2020-11-16 00:00:00,Silver,Alternative & Punk
4791,Liam McCarthy,Ireland,Bray,71.23000000000002,12,2021-11-19 00:00:00,2022-12-20 00:00:00,Gold,Rock
4792,Álvaro González,Spain,Palma,0.99,1,2020-08-25 00:00:00,2020-08-25 00:00:00,Bronze,Rock
4793,Ella Heikkinen,Finland,Helsinki,7.45,1,2025-12-22 00:00:00,2025-12-22 00:00:00,Bronze,R&B/Soul
4794,Nicolas Michel,France,Bordeaux,31.289999999999996,4,2025-10-28 00:00:00,2025-12-25 00:00:00,Bronze,Rock
4795,Sophia Martin,Canada,Montreal,26.82,3,2025-03-21 00:00:00,2025-06-22 00:00:00,Bronze,Blues
4796,Agustina Álvarez,Argentina,Mendoza,75.5,8,2025-01-13 00:00:00,2025-08-14 00:00:00,Gold,Rock
4797,Jessica Adams,USA,Charlotte,185.64,23,2023-08-14 00:00:00,2025-12-27 00:00:00,Platinum,Rock
4798,Pierre Simon,France,Angers,82.10000000000002,12,2022-08-06 00:00:00,2023-11-07 00:00:00,Gold,Latin
4799,Emily Harris,USA,San Jose,36.32000000000001,6,2023-11-11 00:00:00,2024-03-11 00:00:00,Bronze,Metal
4800,Kamil Grabowski,Poland,Szczecin,3.87,1,2024-06-17 00:00:00,2024-06-17 00:00:00,Bronze,World
4801,Zofia Dąbrowski,Poland,Warsaw,110.94,16,2021-08-08 00:00:00,2023-05-07 00:00:00,Platinum,Metal
4802,Astrid Berg,Norway,Trondheim,28.31,3,2025-06-20 00:00:00,2025-10-01 00:00:00,Bronze,Rock
4803,Conor O'Sullivan,Ireland,Cork,106.97,18,2019-11-27 00:00:00,2021-07-02 00:00:00,Platinum,Rock
4804,Henry Lewis,United Kingdom,Brighton,164.90000000000003,23,2023-07-19 00:00:00,2025-11-27 00:00:00,Platinum,Latin
4805,Sharon White,USA,Portland,58.05,7,2024-04-01 00:00:00,2024-10-28 00:00:00,Silver,Latin
4806,Joshua Wilson,USA,Jacksonville,55.449999999999996,10,2020-03-25 00:00:00,2021-01-10 00:00:00,Silver,Rock
4807,Zoe Thompson,Australia,Wollongong,246.00000000000003,33,2021-05-22 00:00:00,2024-07-16 00:00:00,Platinum,Classical
4808,Rebecca Smith,USA,Houston,78.55000000000001,13,2022-11-18 00:00:00,2024-06-02 00:00:00,Gold,Rock
4809,James Leblanc,Canada,Calgary,50.84,9,2024-08-17 00:00:00,2025-09-18 00:00:00,Silver,Latin
4810,Isabella Smith,Canada,Edmonton,165.39,23,2023-07-28 00:00:00,2025-10-28 00:00:00,Platinum,Latin
4811,Ingrid Andersen,Norway,Fredrikstad,35.76,6,2025-06-15 00:00:00,2025-11-27 00:00:00,Bronze,Alternative & Punk
4812,Nora Van Leeuwen,Netherlands,Eindhoven,39.599999999999994,7,2020-09-21 00:00:00,2021-08-10 00:00:00,Bronze,Metal
4813,Patricia Nelson,USA,Memphis,124.8,18,2024-02-27 00:00:00,2025-09-09 00:00:00,Platinum,Rock
4814,Sebastián Pérez,Chile,Arica,163.63,21,2023-12-11 00:00:00,2025-12-16 00:00:00,Platinum,Blues
4815,Jennifer White,USA,Philadelphia,48.79,7,2023-03-28 00:00:00,2023-11-05 00:00:00,Silver,Rock
4816,Mateo Romero,Spain,Valencia,83.19,14,2022-04-23 00:00:00,2024-01-01 00:00:00,Gold,Rock
4817,Jennifer White,USA,Los Angeles,87.49000000000001,11,2024-06-28 00:00:00,2025-06-24 00:00:00,Gold,Metal
4818,Pablo Romero,Spain,Barcelona,84.59,12,2022-08-10 00:00:00,2023-11-14 00:00:00,Gold,Rock
4819,Benjamin Robinson,Canada,London,39.18,6,2023-02-01 00:00:00,2023-06-04 00:00:00,Bronze,Latin
4820,James Watson,United Kingdom,Manchester,81.88,12,2022-04-21 00:00:00,2023-07-03 00:00:00,Gold,Alternative & Punk
4821,Laura Schwarz,Germany,Leipzig,192.8,30,2021-04-13 00:00:00,2024-08-06 00:00:00,Platinum,Reggae
4822,Sofía Martínez,Spain,Palma,48.52,7,2020-07-02 00:00:00,2021-03-27 00:00:00,Silver,Rock
4823,Elijah Wilson,Canada,Hamilton,116.34000000000003,18,2021-12-01 00:00:00,2024-12-05 00:00:00,Platinum,Rock
4824,Tommaso Ferrari,Italy,Bologna,120.89999999999999,22,2019-09-28 00:00:00,2022-03-05 00:00:00,Platinum,Alternative & Punk
4825,Lily Roberts,United Kingdom,London,98.36,14,2023-05-28 00:00:00,2025-03-05 00:00:00,Gold,Rock
4826,Louis Morel,France,Dijon,59.31,9,2023-01-23 00:00:00,2024-01-28 00:00:00,Silver,Rock
4827,Ben Wolf,Germany,Nuremberg,,0,,,Bronze,
4828,Michal Marek,Czech Republic,České Budějovice,214.45,29,2022-12-09 00:00:00,2025-11-06 00:00:00,Platinum,Alternative & Punk
4829,Arthur Ferreira,Brazil,Campinas,2.98,1,2025-12-08 00:00:00,2025-12-08 00:00:00,Bronze,Rock
4830,Liam Leblanc,Canada,Vancouver,171.65,26,2022-07-24 00:00:00,2025-05-16 00:00:00,Platinum,Rock
4831,Mason Cote,Canada,Gatineau,37.37,5,2022-10-19 00:00:00,2023-06-05 00:00:00,Bronze,Rock
4832,David King,USA,Los Angeles,104.19999999999999,17,2022-04-14 00:00:00,2023-11-28 00:00:00,Platinum,Rock
4833,Anthony Flores,USA,Louisville,73.28,8,2024-08-20 00:00:00,2025-08-19 00:00:00,Gold,Latin
4834,Joshua Harris,USA,San Jose,172.11,30,2019-11-05 00:00:00,2022-10-28 00:00:00,Platinum,Heavy Metal
4835,Anthony Brown,USA,Philadelphia,43.43,7,2022-12-12 00:00:00,2023-06-28 00:00:00,Silver,Metal
4836,Lucas Eriksen,Norway,Kristiansand,98.85,14,2022-05-16 00:00:00,2023-08-25 00:00:00,Gold,Rock
4837,Lea Schneider,Germany,Duisburg,17.82,2,2020-10-23 00:00:00,2020-11-04 00:00:00,Bronze,Metal
4838,Kateřina Pospíšil,Czech Republic,Ostrava,78.23,14,2019-09-27 00:00:00,2021-08-12 00:00:00,Gold,Rock
4839,Lucas Anderson,Australia,Wollongong,39.69,5,2023-11-20 00:00:00,2024-03-20 00:00:00,Silver,Alternative & Punk
4840,Alfie Davies,United Kingdom,Liverpool,32.29,3,2025-05-09 00:00:00,2025-07-25 00:00:00,Bronze,Rock
4841,Daniel Young,USA,Louisville,128.35,11,2022-11-27 00:00:00,2023-12-21 00:00:00,Platinum,Drama
4842,Rebecca Davis,USA,Houston,65.78,9,2023-08-01 00:00:00,2024-08-27 00:00:00,Gold,Latin
4843,Luca Wolf,Germany,Dresden,191.87999999999997,31,2021-04-10 00:00:00,2024-05-22 00:00:00,Platinum,Rock
4844,Thomas Durand,France,Lyon,161.86,19,2024-05-16 00:00:00,2025-12-06 00:00:00,Platinum,Classical
4845,Mateo Flores,Argentina,Córdoba,24.76,4,2019-02-08 00:00:00,2019-04-20 00:00:00,Bronze,Rock
4846,Clement Morel,France,Rennes,46.54,9,2020-06-04 00:00:00,2021-04-24 00:00:00,Silver,Classical
4847,Daniela Cruz,Mexico,León,65.53,7,2024-07-01 00:00:00,2025-04-02 00:00:00,Gold,Rock
4848,Andrew Smith,USA,Philadelphia,100.03,15,2019-12-03 00:00:00,2021-09-27 00:00:00,Gold,Metal
4849,Isabella Romero,Argentina,Rosario,186.29,20,2023-01-14 00:00:00,2025-02-19 00:00:00,Platinum,Science Fiction
4850,Benjamin Souza,Brazil,Belo Horizonte,65.01,11,2021-11-10 00:00:00,2023-02-28 00:00:00,Silver,Rock
4851,Pedro Lima,Brazil,Curitiba,53.989999999999995,7,2024-01-28 00:00:00,2024-11-22 00:00:00,Silver,Classical
4852,Tiago Pinto,Portugal,Almada,20.86,3,2025-10-22 00:00:00,2025-12-15 00:00:00,Bronze,Rock
4853,Beatriz Fernandes,Brazil,Belo Horizonte,31.61,6,2022-01-25 00:00:00,2022-07-12 00:00:00,Bronze,Rock
4854,Michael Brown,USA,Columbus,22.349999999999998,3,2025-11-17 00:00:00,2025-12-23 00:00:00,Bronze,Alternative & Punk
4855,Giulia Rizzo,Italy,Florence,93.27,13,2023-08-03 00:00:00,2024-11-11 00:00:00,Gold,Latin
4856,Aiden Fortin,Canada,Markham,130.10000000000002,20,2022-04-17 00:00:00,2024-04-09 00:00:00,Platinum,Rock
4857,Lorenzo Bruno,Italy,Florence,87.24999999999999,8,2021-12-19 00:00:00,2023-03-20 00:00:00,Gold,Drama
4858,Sergio Ruiz,Spain,Valencia,55.63999999999999,7,2025-02-12 00:00:00,2025-12-06 00:00:00,Silver,Rock
4859,Michael Hill,USA,Philadelphia,42.11000000000001,6,2024-11-18 00:00:00,2025-04-04 00:00:00,Silver,Latin
4860,Chloe Young,Australia,Darwin,93.09000000000002,14,2019-03-20 00:00:00,2020-10-24 00:00:00,Gold,Rock
4861,Noah Fortin,Canada,Calgary,68.04,12,2021-01-27 00:00:00,2022-05-16 00:00:00,Gold,Rock
4862,Diego Vieira,Brazil,Belém,127.99,21,2021-12-05 00:00:00,2023-10-01 00:00:00,Platinum,Rock
4863,Stefan Meyer,Germany,Bremen,60.410000000000004,11,2020-12-04 00:00:00,2021-07-24 00:00:00,Silver,Rock
4864,Inès David,France,Nice,32.13,5,2023-02-10 00:00:00,2023-07-15 00:00:00,Bronze,Alternative & Punk
4865,Pierre Bernard,France,Reims,123.33000000000001,12,2024-06-09 00:00:00,2025-12-20 00:00:00,Platinum,TV Shows
4866,Adam Bertrand,France,Toulon,52.18000000000001,8,2023-01-16 00:00:00,2023-11-25 00:00:00,Silver,Rock
4867,Liam Gustafsson,Sweden,Stockholm,29.669999999999998,4,2024-05-17 00:00:00,2024-09-25 00:00:00,Bronze,Rock
4868,Ethan Anderson,Australia,Gold Coast,117.78000000000002,18,2023-06-11 00:00:00,2024-12-10 00:00:00,Platinum,Rock
4869,Amelia Taylor,United Kingdom,Liverpool,213.55,32,2021-10-22 00:00:00,2025-06-09 00:00:00,Platinum,Rock
4870,Dávid Fekete,Hungary,Pécs,93.82000000000001,18,2020-12-28 00:00:00,2022-06-11 00:00:00,Gold,Metal
4871,Manon Moreau,France,Strasbourg,164.19,27,2022-09-06 00:00:00,2025-01-24 00:00:00,Platinum,Rock
4872,Antoine Moreau,France,Le Havre,41.730000000000004,6,2022-09-11 00:00:00,2023-01-28 00:00:00,Silver,Metal
4873,Olivia Kristiansen,Norway,Tromsø,34.51,5,2023-05-26 00:00:00,2023-10-20 00:00:00,Bronze,Rock
4874,Oliver Hansen,Norway,Fredrikstad,59.97,9,2022-09-20 00:00:00,2023-08-01 00:00:00,Silver,Reggae
4875,Benjamin Sousa,Brazil,Fortaleza,95.06999999999998,23,2019-06-17 00:00:00,2021-10-08 00:00:00,Gold,Rock
4876,Lucía Gómez,Spain,Barcelona,,0,,,Bronze,
4877,Wolfgang Schulz,Germany,Cologne,119.17999999999999,18,2023-06-08 00:00:00,2025-01-21 00:00:00,Platinum,Rock
4878,Jack Murray,Ireland,Galway,26.33,3,2025-10-13 00:00:00,2025-12-18 00:00:00,Bronze,Rock
4879,Alfred Pedersen,Denmark,Frederiksberg,74.30999999999999,10,2023-09-12 00:00:00,2024-05-23 00:00:00,Gold,World
4880,Joshua Watson,United Kingdom,Cardiff,98.38,14,2022-09-23 00:00:00,2024-01-19 00:00:00,Gold,Alternative & Punk
4881,Poppy Thomas,United Kingdom,Glasgow,70.02,11,2022-08-18 00:00:00,2024-02-15 00:00:00,Gold,Rock
4882,Mason Gagnon,Canada,Halifax,69.56,9,2023-12-08 00:00:00,2024-11-14 00:00:00,Gold,Metal
4883,Mark Allen,USA,Denver,115.2,16,2023-07-03 00:00:00,2025-02-21 00:00:00,Platinum,Alternative & Punk
4884,Daniel Young,USA,Memphis,81.45999999999998,10,2025-02-19 00:00:00,2025-10-13 00:00:00,Gold,Rock
4885,Elias Meyer,Germany,Leipzig,64.61,14,2021-10-10 00:00:00,2023-02-08 00:00:00,Silver,Rock
4886,Louis Moreau,France,Lille,17.490000000000002,2,2023-03-04 00:00:00,2023-04-09 00:00:00,Bronze,TV Shows
4887,Joaquín Silva,Chile,Arica,83.34,13,2021-11-14 00:00:00,2022-12-25 00:00:00,Gold,Latin
4888,Lucas Van Dijk,Netherlands,Utrecht,42.57,10,2019-09-25 00:00:00,2020-12-10 00:00:00,Silver,Rock
4889,Aleksi Laine,Finland,Tampere,208.31,28,2022-11-20 00:00:00,2025-08-10 00:00:00,Platinum,Blues
4890,Nuno Pinto,Portugal,Lisbon,14.850000000000001,3,2020-05-04 00:00:00,2020-07-04 00:00:00,Bronze,Rock
4891,Valentina Almeida,Brazil,São Paulo,90.10000000000001,13,2023-10-27 00:00:00,2024-10-19 00:00:00,Gold,Rock
4892,Anthony Wright,USA,New York,135.0,21,2022-06-16 00:00:00,2024-09-07 00:00:00,Platinum,Rock
4893,Stephanie Jones,USA,Philadelphia,87.38,11,2024-08-05 00:00:00,2025-08-09 00:00:00,Gold,Metal
4894,Liam Lavoie,Canada,Toronto,54.45,10,2019-11-28 00:00:00,2020-11-03 00:00:00,Silver,Rock
4895,Maximilian Neumann,Germany,Munich,121.94000000000001,21,2021-12-08 00:00:00,2024-03-28 00:00:00,Platinum,Alternative & Punk
4896,Catarina Santos,Portugal,Viseu,49.75,5,2024-10-10 00:00:00,2025-05-09 00:00:00,Silver,Rock
4897,Jack MacDonald,Canada,Brampton,20.8,6,2019-11-15 00:00:00,2020-06-11 00:00:00,Bronze,Rock
4898,Elizabeth Green,USA,Phoenix,56.7,9,2022-05-28 00:00:00,2023-04-11 00:00:00,Silver,Rock
4899,Manon Maes,Belgium,Aalst,69.66,8,2023-09-14 00:00:00,2024-04-17 00:00:00,Gold,Rock
4900,Emma Durand,France,Reims,35.16,4,2024-12-04 00:00:00,2025-02-13 00:00:00,Bronze,Latin
4901,Leo Laurent,France,Toulon,37.54,6,2024-10-15 00:00:00,2025-05-14 00:00:00,Bronze,Electronica/Dance
4902,Lucas Martín,Spain,Barcelona,23.99,4,2022-05-27 00:00:00,2022-12-25 00:00:00,Bronze,Rock
4903,David Mayr,Austria,Wels,76.68,10,2023-06-04 00:00:00,2024-03-19 00:00:00,Gold,Rock
4904,Rafael Lopes,Brazil,Guarulhos,55.46,9,2021-01-13 00:00:00,2022-09-13 00:00:00,Silver,Rock
4905,Lucas Cote,Canada,Brampton,64.14,12,2022-05-05 00:00:00,2023-05-19 00:00:00,Silver,Classical
4906,Diya Malhotra,India,Jaipur,26.33,3,2025-08-27 00:00:00,2025-12-22 00:00:00,Bronze,Rock
4907,Jennifer Thompson,USA,Dallas,32.29,7,2021-05-09 00:00:00,2022-01-18 00:00:00,Bronze,Latin
4908,Kathleen Thomas,USA,Columbus,84.09,13,2024-03-27 00:00:00,2025-05-26 00:00:00,Gold,Latin
4909,Manuela Pereira,Brazil,Curitiba,16.92,2,2025-10-11 00:00:00,2025-12-07 00:00:00,Bronze,Drama
4910,Alejandro Hernández,Mexico,León,60.230000000000004,4,2025-05-27 00:00:00,2025-11-11 00:00:00,Silver,Drama
4911,Elijah Tremblay,Canada,Brampton,38.620000000000005,7,2021-04-28 00:00:00,2021-11-28 00:00:00,Bronze,Rock
4912,Kevin Jones,USA,Nashville,94.28999999999999,12,2023-10-09 00:00:00,2025-01-11 00:00:00,Gold,Metal
4913,Jessica Thompson,USA,San Antonio,45.22,5,2023-05-06 00:00:00,2023-09-22 00:00:00,Silver,Metal
4914,Pari Rao,India,Chennai,119.37999999999998,14,2023-10-28 00:00:00,2024-12-09 00:00:00,Platinum,Latin
4915,James White,USA,Indianapolis,105.92999999999998,18,2019-03-19 00:00:00,2020-07-21 00:00:00,Platinum,R&B/Soul
4916,Donald Thompson,USA,Denver,47.81,7,2023-07-02 00:00:00,2024-01-07 00:00:00,Silver,Rock
4917,Sarah Green,USA,Denver,7.92,2,2021-06-05 00:00:00,2021-06-28 00:00:00,Bronze,Rock
4918,Aiden Roy,Canada,Vancouver,,0,,,Bronze,
4919,Emma Persson,Sweden,Helsingborg,113.88,12,2021-10-24 00:00:00,2023-01-18 00:00:00,Platinum,TV Shows
4920,Inês Fernandes,Portugal,Viseu,18.060000000000002,3,2024-04-01 00:00:00,2024-07-24 00:00:00,Bronze,Alternative & Punk
4921,Mia White,Australia,Canberra,39.18,8,2023-03-27 00:00:00,2023-12-01 00:00:00,Bronze,Rock
4922,Clement Martin,France,Montpellier,146.31,21,2023-10-04 00:00:00,2025-08-08 00:00:00,Platinum,Electronica/Dance
4923,Charles Thompson,USA,Dallas,148.00000000000003,25,2021-06-14 00:00:00,2024-03-07 00:00:00,Platinum,Pop
4924,William Thomas,United Kingdom,Bradford,11.92,1,2025-12-20 00:00:00,2025-12-20 00:00:00,Bronze,Rock
4925,Lina Bauer,Germany,Hanover,69.53999999999999,7,2025-03-25 00:00:00,2025-11-16 00:00:00,Gold,Rock
4926,David Zelenka,Czech Republic,Plzeň,119.57999999999998,14,2024-05-12 00:00:00,2025-12-20 00:00:00,Platinum,Jazz
4927,Emily Wilson,USA,Nashville,48.37,6,2024-12-17 00:00:00,2025-08-13 00:00:00,Silver,Classical
4928,Miguel Fernandes,Brazil,Curitiba,70.45,12,2021-10-13 00:00:00,2022-09-25 00:00:00,Gold,Alternative & Punk
4929,Lucas Dubois,France,Marseille,109.83000000000001,13,2024-04-19 00:00:00,2025-08-28 00:00:00,Platinum,Rock
4930,Jack Walker,United Kingdom,London,18.810000000000002,3,2021-05-27 00:00:00,2021-07-19 00:00:00,Bronze,Rock
4931,Charles Moore,USA,San Diego,61.379999999999995,15,2019-10-02 00:00:00,2021-01-13 00:00:00,Silver,Rock
4932,Abigail Roy,Canada,Mississauga,85.36,12,2022-07-10 00:00:00,2023-03-27 00:00:00,Gold,Rock
4933,Filip Zieliński,Poland,Łódź,,0,,,Bronze,
4934,Jonas Schäfer,Germany,Cologne,74.26,14,2020-06-04 00:00:00,2021-11-02 00:00:00,Gold,Rock
4935,Emma Hoffmann,Germany,Leipzig,105.79,12,2025-03-22 00:00:00,2025-12-28 00:00:00,Platinum,Blues
4936,Liam Garcia,France,Bordeaux,52.15,6,2025-03-11 00:00:00,2025-11-17 00:00:00,Silver,Metal
4937,Julien Michel,France,Strasbourg,20.79,5,2020-03-01 00:00:00,2020-07-17 00:00:00,Bronze,Rock
4938,Daniel Rodríguez,Spain,Zaragoza,111.92999999999999,14,2024-03-23 00:00:00,2025-11-27 00:00:00,Platinum,Rock
4939,Antonia Flores,Chile,Rancagua,107.48000000000002,9,2025-02-18 00:00:00,2025-12-20 00:00:00,Platinum,Drama
4940,Joseph Smith,USA,Houston,61.1,8,2023-01-12 00:00:00,2024-10-10 00:00:00,Silver,Rock
4941,Michael Martin,USA,Fort Worth,145.5,19,2023-01-25 00:00:00,2025-04-18 00:00:00,Platinum,Rock
4942,Tereza Beneš,Czech Republic,Ústí nad Labem,77.66,12,2023-06-10 00:00:00,2024-03-25 00:00:00,Gold,Latin
4943,Manon Moreau,France,Montpellier,170.36,28,2021-09-01 00:00:00,2025-02-05 00:00:00,Platinum,R&B/Soul
4944,Laura Taylor,USA,San Jose,86.29,17,2021-04-04 00:00:00,2022-12-15 00:00:00,Gold,Rock
4945,Eduardo Vieira,Brazil,Campinas,56.480000000000004,7,2024-05-27 00:00:00,2025-03-22 00:00:00,Silver,Rock
4946,Bruno Costa,Portugal,Almada,121.97,10,2025-03-02 00:00:00,2025-12-16 00:00:00,Platinum,Drama
4947,Diego Rodrigues,Brazil,São Paulo,89.13000000000001,16,2019-10-27 00:00:00,2021-01-27 00:00:00,Gold,Latin
4948,Leon Schröder,Germany,Leipzig,19.369999999999997,2,2025-11-10 00:00:00,2025-12-17 00:00:00,Bronze,Latin
4949,Arthur Costa,Brazil,Porto Alegre,39.830000000000005,8,2021-11-16 00:00:00,2022-09-19 00:00:00,Silver,Rock
4950,William Johnson,USA,Portland,9.45,1,2025-11-23 00:00:00,2025-11-23 00:00:00,Bronze,Blues
4951,Aada Salo,Finland,Kuopio,15.84,3,2020-01-20 00:00:00,2020-04-23 00:00:00,Bronze,Latin
4952,Piotr Wójcik,Poland,Poznań,17.88,2,2025-11-18 00:00:00,2025-12-02 00:00:00,Bronze,Rock
4953,Valentina Chávez,Mexico,Monterrey,4.47,1,2025-12-28 00:00:00,2025-12-28 00:00:00,Bronze,Blues
4954,Ashley Torres,USA,Chicago,102.53,13,2024-03-27 00:00:00,2025-03-15 00:00:00,Gold,Latin
4955,Matthew Allen,USA,Charlotte,95.16,14,2023-01-20 00:00:00,2024-12-20 00:00:00,Gold,Metal
4956,Oliver White,Australia,Melbourne,72.16000000000001,13,2021-04-09 00:00:00,2022-09-09 00:00:00,Gold,Jazz
4957,Isla Watson,United Kingdom,Sheffield,30.04,6,2022-08-20 00:00:00,2023-04-21 00:00:00,Bronze,Rock
4958,Mary Johnson,USA,San Jose,156.57999999999998,25,2021-06-16 00:00:00,2023-05-03 00:00:00,Platinum,World
4959,Hannah Wagner,Germany,Duisburg,71.27999999999999,12,2020-05-16 00:00:00,2021-08-28 00:00:00,Gold,Rock
4960,Lucas Martin,Canada,Saskatoon,17.849999999999998,4,2023-08-26 00:00:00,2023-11-28 00:00:00,Bronze,Rock
4961,Oliver Svensson,Sweden,Jönköping,16.830000000000002,3,2021-02-25 00:00:00,2021-04-23 00:00:00,Bronze,Rock
4962,Lily White,United Kingdom,London,57.6,8,2024-12-16 00:00:00,2025-09-22 00:00:00,Silver,Metal
4963,David Smith,USA,Indianapolis,90.58999999999999,10,2023-09-06 00:00:00,2024-08-13 00:00:00,Gold,Sci Fi & Fantasy
4964,Oscar White,United Kingdom,Liverpool,13.86,4,2020-08-28 00:00:00,2020-12-02 00:00:00,Bronze,Jazz
4965,Felipe Carvalho,Brazil,Campinas,12.899999999999999,2,2024-07-18 00:00:00,2024-08-28 00:00:00,Bronze,Rock
4966,Mary Nguyen,USA,Dallas,47.68,7,2025-08-03 00:00:00,2025-12-16 00:00:00,Silver,Rock
4967,Aadhya Joshi,India,Nagpur,208.35999999999999,32,2022-06-12 00:00:00,2025-07-01 00:00:00,Platinum,Latin
4968,Zoe Bernard,France,Saint-Étienne,108.94,16,2023-03-01 00:00:00,2024-11-01 00:00:00,Platinum,Rock
4969,Emily Brown,United Kingdom,Cardiff,72.28000000000002,15,2020-01-20 00:00:00,2021-07-19 00:00:00,Gold,Rock
4970,Martina Álvarez,Spain,Seville,60.690000000000005,11,2020-09-15 00:00:00,2022-03-04 00:00:00,Silver,Metal
4971,Karen Jackson,USA,Chicago,78.13,10,2024-04-10 00:00:00,2025-02-02 00:00:00,Gold,Latin
4972,Sofía Hernández,Spain,Madrid,117.26,17,2024-01-07 00:00:00,2025-06-21 00:00:00,Platinum,Rock
4973,Matthew King,USA,New York,34.83,5,2024-06-16 00:00:00,2024-12-08 00:00:00,Bronze,Rock
4974,Freddie Jones,United Kingdom,Belfast,216.21999999999997,17,2024-05-19 00:00:00,2025-12-19 00:00:00,Platinum,Drama
4975,Noah Thomas,Canada,Hamilton,32.67,5,2020-02-25 00:00:00,2020-06-28 00:00:00,Bronze,Rock
4976,Mary Green,USA,Charlotte,89.74000000000001,18,2020-05-06 00:00:00,2022-01-08 00:00:00,Gold,Latin
4977,Charlotte Leblanc,Canada,Vancouver,44.79,6,2024-10-21 00:00:00,2025-04-20 00:00:00,Silver,Rock
4978,Ashley Nelson,USA,Louisville,89.09999999999998,13,2022-12-12 00:00:00,2024-11-20 00:00:00,Gold,Latin
4979,Vikram Mishra,India,Bangalore,116.55999999999999,19,2022-10-26 00:00:00,2024-12-08 00:00:00,Platinum,Jazz
4980,Charlotte Bouchard,Canada,Montreal,14.850000000000001,3,2020-10-05 00:00:00,2021-01-01 00:00:00,Bronze,Rock
4981,Markus Schneider,Germany,Düsseldorf,34.11,6,2022-12-26 00:00:00,2023-08-11 00:00:00,Bronze,Rock
4982,Adam Morel,France,Angers,36.51,6,2023-11-09 00:00:00,2024-04-10 00:00:00,Bronze,Metal
4983,Felipe Ferreira,Brazil,Fortaleza,74.28,10,2020-10-05 00:00:00,2021-08-28 00:00:00,Gold,Rock
4984,Juhani Virtanen,Finland,Tampere,91.41,14,2022-08-17 00:00:00,2023-11-20 00:00:00,Gold,Alternative & Punk
4985,Raphael Martin,France,Lille,97.03,16,2020-07-28 00:00:00,2021-12-17 00:00:00,Gold,Rock
4986,Rahul Srivastava,India,Visakhapatnam,87.37,8,2023-08-20 00:00:00,2024-02-15 00:00:00,Gold,TV Shows
4987,Joseph Wright,USA,Chicago,226.07,31,2022-03-16 00:00:00,2025-02-17 00:00:00,Platinum,Rock
4988,Nicolás Ramírez,Argentina,Córdoba,93.85,13,2024-06-26 00:00:00,2025-09-14 00:00:00,Gold,Rock
4989,Felipe Lima,Brazil,Guarulhos,47.51,5,2023-02-01 00:00:00,2023-05-28 00:00:00,Silver,Rock
4990,Noah Fischer,Germany,Dortmund,64.05,9,2024-08-12 00:00:00,2025-06-27 00:00:00,Silver,Rock
4991,Stephanie Jackson,USA,Phoenix,25.740000000000002,4,2020-11-08 00:00:00,2021-01-28 00:00:00,Bronze,Classical
4992,Monika Novotný,Czech Republic,Olomouc,71.38,10,2024-04-18 00:00:00,2025-03-15 00:00:00,Gold,Rock
4993,Amanda Flores,USA,Baltimore,51.489999999999995,9,2019-09-28 00:00:00,2020-10-22 00:00:00,Silver,Rock
4994,Benjamin Robinson,Canada,Winnipeg,70.02000000000001,11,2021-08-26 00:00:00,2022-09-04 00:00:00,Gold,Rock
4995,Andre Lopes,Brazil,Guarulhos,98.37,18,2021-03-04 00:00:00,2022-11-28 00:00:00,Gold,Metal
4996,Alexander Wood,United Kingdom,Birmingham,93.72,12,2024-08-16 00:00:00,2025-08-28 00:00:00,Gold,Alternative & Punk
4997,Pedro Santos,Portugal,Viseu,68.56,6,2025-01-20 00:00:00,2025-07-14 00:00:00,Gold,Rock
4998,Lucas Larsson,Sweden,Norrköping,196.08,27,2022-12-28 00:00:00,2025-10-20 00:00:00,Platinum,R&B/Soul
4999,Amanda Martin,USA,Phoenix,98.15,12,2024-12-05 00:00:00,2025-12-04 00:00:00,Gold,Electronica/Dance
5000,Daniel Rodríguez,Spain,Murcia,105.32,11,2024-04-23 00:00:00,2025-03-07 00:00:00,Platinum,Rock
